Id,Label,party,tweet_count,times_retweeted
cchqpress,cchqpress,Unknown,0,8
nickboles,nickboles,Conservative,1,0
unhcruk,unhcruk,Unknown,0,1
policy_centre,policy_centre,Unknown,0,1
stewartmcdonald,stewartmcdonald,Scottish National Party,8,2
joannaccherry,joannaccherry,Scottish National Party,3,4
michelle64w,michelle64w,Unknown,0,1
thisgraeme,thisgraeme,Unknown,0,1
andythegreenie,andythegreenie,Unknown,0,1
davidlammy,davidlammy,Unknown,0,1
kumonyall,kumonyall,Unknown,0,1
circlehousing,circlehousing,Unknown,0,1
spellar,spellar,Labour,1,0
kenkenhall65,kenkenhall65,Unknown,0,1
bwallacemp,bwallacemp,Conservative,1,1
stephentwigg,stephentwigg,Labour (Co-op),2,0
officialhtsa,officialhtsa,Unknown,0,1
willquince,willquince,Conservative,8,1
r0k_life,r0k_life,Unknown,0,1
david_loughton,david_loughton,Unknown,0,1
ukinserbia,ukinserbia,Unknown,0,1
floetry,floetry,Unknown,0,1
loulouross15,loulouross15,Unknown,0,1
votepursglove,votepursglove,Conservative,3,0
elliejprice,elliejprice,Unknown,0,1
kevin_nicholas5,kevin_nicholas5,Unknown,0,1
dickwinchester,dickwinchester,Unknown,0,1
thisrnisangry,thisrnisangry,Unknown,0,1
jacqueline_gold,jacqueline_gold,Unknown,0,1
teamgb,teamgb,Unknown,0,2
realstephenkerr,realstephenkerr,Conservative,1,0
shaldonangler,shaldonangler,Unknown,0,1
annaturley,annaturley,Labour (Co-op),6,0
acuthbrt,acuthbrt,Unknown,0,1
emmalewellbuck,emmalewellbuck,Labour,9,1
dpgwyther,dpgwyther,Unknown,0,1
academyselsey,academyselsey,Unknown,0,1
scottishgreens,scottishgreens,Unknown,0,1
carolineflint,carolineflint,Labour,2,0
amnestyuk,amnestyuk,Unknown,0,1
nus_ghani,nus_ghani,Conservative,3,0
bill_esterson,bill_esterson,Labour,7,0
michaellcrick,michaellcrick,Unknown,0,1
dapcoach,dapcoach,Unknown,0,1
jamescleverly,jamescleverly,Conservative,3,2
olly4northfield,olly4northfield,Unknown,0,2
weezegee,weezegee,Unknown,0,1
russellgroup,russellgroup,Unknown,0,1
suellabraverman,suellabraverman,Conservative,1,0
michaelbullock,michaelbullock,Unknown,0,1
leftlost_pltcs,leftlost_pltcs,Unknown,0,1
ukgoingglobal,ukgoingglobal,Unknown,0,1
activecitizens,activecitizens,Unknown,0,1
ourstansted,ourstansted,Unknown,0,1
pupaid,pupaid,Unknown,0,1
lesleyriddoch,lesleyriddoch,Unknown,0,1
worcesterbid,worcesterbid,Unknown,0,1
shaunmarshall42,shaunmarshall42,Unknown,0,1
cskidmoreuk,cskidmoreuk,Conservative,2,0
bwchboss,bwchboss,Unknown,0,1
cphillips_ippso,cphillips_ippso,Unknown,0,1
zeynmo,zeynmo,Unknown,0,1
steve_mccabe,steve_mccabe,Labour,2,0
chelseaclinton,chelseaclinton,Unknown,0,1
stephenmorganmp,stephenmorganmp,Labour,4,1
conservativeawf,conservativeawf,Unknown,0,3
michael4mdnp,michael4mdnp,Conservative,1,0
brushingboots,brushingboots,Unknown,0,1
lukepollard,lukepollard,Labour (Co-op),7,2
philippa_perry,philippa_perry,Unknown,0,1
leedargue,leedargue,Unknown,0,1
neildotobrien,neildotobrien,Conservative,1,0
stace_ann1,stace_ann1,Unknown,0,1
gileswatling,gileswatling,Conservative,2,0
nickherbertcbe,nickherbertcbe,Conservative,1,0
dotslondon,dotslondon,Unknown,0,1
alistairburtuk,alistairburtuk,Conservative,1,0
nik1061,nik1061,Unknown,0,1
richardburden27,richardburden27,Labour,1,0
jochurchill4,jochurchill4,Conservative,1,0
jackscruiseclub,jackscruiseclub,Unknown,0,1
guidofawkes,guidofawkes,Unknown,0,1
cwhittaker_mp,cwhittaker_mp,Conservative,1,0
peter_dowd,peter_dowd,Unknown,0,1
joe_dromey,joe_dromey,Unknown,0,1
rupahuq,rupahuq,Labour,4,0
martinmurphy001,martinmurphy001,Unknown,0,1
fcdwhittaker,fcdwhittaker,Unknown,0,1
fmwales,fmwales,Unknown,0,1
dawnbutlerbrent,dawnbutlerbrent,Labour,4,1
apprenticeoap,apprenticeoap,Unknown,0,1
sirbobkerslake,sirbobkerslake,Unknown,0,1
heidiallen75,heidiallen75,Conservative,4,0
soniasodha,soniasodha,Unknown,0,1
islethanetnews,islethanetnews,Unknown,0,1
anna_soubry,anna_soubry,Conservative,2,0
wyrdtimes,wyrdtimes,Unknown,0,1
thomasbrake,thomasbrake,Liberal Democrat,1,0
hackneyhaz,hackneyhaz,Unknown,0,1
angelaeagle,angelaeagle,Labour,1,0
peteregan6,peteregan6,Unknown,0,1
amandamilling,amandamilling,Conservative,1,0
scotwomensaid,scotwomensaid,Unknown,0,2
haynesdeborah,haynesdeborah,Unknown,0,1
peston,peston,Unknown,0,3
juliansmithuk,juliansmithuk,Conservative,1,0
gilliankeegan,gilliankeegan,Conservative,1,0
raildaily,raildaily,Unknown,0,1
victoriaprentis,victoriaprentis,Conservative,1,1
labourpress,labourpress,Unknown,0,7
higginskieron,higginskieron,Unknown,0,1
sarahchampionmp,sarahchampionmp,Labour,3,0
activatesp,activatesp,Unknown,0,1
ardenhotel,ardenhotel,Unknown,0,1
drewhendrysnp,drewhendrysnp,Scottish National Party,7,0
ianclucas,ianclucas,Labour,2,0
sanctuarybolton,sanctuarybolton,Unknown,0,1
jonregnart,jonregnart,Unknown,0,1
redditchrachel,redditchrachel,Conservative,11,1
wgeconomy,wgeconomy,Unknown,0,1
jamescaan,jamescaan,Unknown,0,1
royalnavy,royalnavy,Unknown,0,2
torypresssw,torypresssw,Unknown,0,5
commonspac,commonspac,Unknown,0,1
christopherhope,christopherhope,Unknown,0,2
john2win,john2win,Conservative,1,0
neilbendelow,neilbendelow,Unknown,0,1
gradysnp,gradysnp,Scottish National Party,2,1
carolinelucas,carolinelucas,Green Party,2,1
mikearmiger,mikearmiger,Unknown,0,1
jashedwards,jashedwards,Unknown,0,1
blackpoolcarers,blackpoolcarers,Unknown,0,1
danirowley,danirowley,Labour,1,0
suehayman1,suehayman1,Labour,1,0
dcms,dcms,Unknown,0,3
stellacreasy,stellacreasy,Labour (Co-op),10,0
paulasherriff,paulasherriff,Labour,5,0
rblackmanwoods,rblackmanwoods,Labour,1,0
margaretbird3,margaretbird3,Unknown,0,1
jesse_norman,jesse_norman,Conservative,2,0
bioticsteven,bioticsteven,Unknown,0,1
maljutley,maljutley,Unknown,0,1
tomjhugh,tomjhugh,Unknown,0,1
bethrigby,bethrigby,Unknown,0,2
lindsayhoyle_mp,lindsayhoyle_mp,Unknown,0,7
bbradley_mans,bbradley_mans,Conservative,5,1
timesredbox,timesredbox,Unknown,0,2
azhar4pendle,azhar4pendle,Unknown,0,1
sunpolitics,sunpolitics,Unknown,0,1
anthonyseldon,anthonyseldon,Unknown,0,1
jcwi_uk,jcwi_uk,Unknown,0,1
richardgcorbett,richardgcorbett,Unknown,0,1
jennygilruth,jennygilruth,Unknown,0,2
exiletoffee,exiletoffee,Unknown,0,1
nadhimzahawi,nadhimzahawi,Conservative,2,0
billetheridgeuk,billetheridgeuk,Unknown,0,1
austerfield_sc,austerfield_sc,Unknown,0,1
mattgoddin,mattgoddin,Unknown,0,1
piersmorgan,piersmorgan,Unknown,0,1
dougchapmansnp,dougchapmansnp,Scottish National Party,3,0
wl4eu,wl4eu,Unknown,0,1
georgeaylett,georgeaylett,Unknown,0,1
knotgirl1,knotgirl1,Unknown,0,1
frintonscorer,frintonscorer,Unknown,0,1
standardchester,standardchester,Unknown,0,1
neilsmithgmb,neilsmithgmb,Unknown,0,3
sarah_hayward,sarah_hayward,Unknown,0,1
dukeofyorks,dukeofyorks,Unknown,0,1
michaelwhite,michaelwhite,Unknown,0,2
aliceyarr,aliceyarr,Unknown,0,1
tomfrench85,tomfrench85,Unknown,0,2
grantdcostello,grantdcostello,Unknown,0,1
sebastianepayne,sebastianepayne,Unknown,0,2
amyfentonjourno,amyfentonjourno,Unknown,0,1
iancawsey,iancawsey,Unknown,0,1
arron_banks,arron_banks,Unknown,0,1
grahamemorris,grahamemorris,Labour,1,0
robertnesta18,robertnesta18,Unknown,0,1
hollylynch5,hollylynch5,Labour,2,0
gbw_propertypr,gbw_propertypr,Unknown,0,1
kevin_j_foster,kevin_j_foster,Conservative,5,0
sajidjavid,sajidjavid,Conservative,1,2
pippacrerar,pippacrerar,Unknown,0,1
valerie_vazmp,valerie_vazmp,Labour,2,0
stevebakerhw,stevebakerhw,Conservative,2,0
jon_trickett,jon_trickett,Labour,1,1
emmahardymp,emmahardymp,Labour,11,1
george_butler,george_butler,Unknown,0,1
derrettlorraine,derrettlorraine,Unknown,0,1
catherinewest1,catherinewest1,Labour,5,0
houseofcommons,houseofcommons,Unknown,0,7
davidsubacchi,davidsubacchi,Unknown,0,1
lynbrownmp,lynbrownmp,Labour,1,0
r_latter,r_latter,Unknown,0,1
enterpriseshope,enterpriseshope,Unknown,0,1
rosscolquhoun,rosscolquhoun,Unknown,0,1
pbconsultinguk,pbconsultinguk,Unknown,0,3
chorleylabour,chorleylabour,Unknown,0,1
scullyp,scullyp,Conservative,5,2
skynews,skynews,Unknown,0,1
onepunchne,onepunchne,Unknown,0,1
sharonhodgsonmp,sharonhodgsonmp,Labour,12,2
kenpenton,kenpenton,Unknown,0,1
lindsay_pantry,lindsay_pantry,Unknown,0,1
divamanc,divamanc,Unknown,0,1
carer49,carer49,Unknown,0,1
damianhinds,damianhinds,Unknown,0,1
chrisgiles_,chrisgiles_,Unknown,0,1
uryppenrose,uryppenrose,Unknown,0,1
cgreenuk,cgreenuk,Conservative,1,0
carriesymonds,carriesymonds,Unknown,0,2
benmabbett,benmabbett,Unknown,0,1
harlowcollege,harlowcollege,Unknown,0,1
borisjohnson,borisjohnson,Unknown,0,2
indysoosie,indysoosie,Unknown,0,1
carbonconnectuk,carbonconnectuk,Unknown,0,1
carolinerapu,carolinerapu,Unknown,0,1
healthwatchnl,healthwatchnl,Unknown,0,1
wildcardenviro,wildcardenviro,Unknown,0,1
barrygardiner,barrygardiner,Labour,1,0
toniaantoniazzi,toniaantoniazzi,Labour,7,2
wesstreeting,wesstreeting,Labour,7,0
marchmont0201,marchmont0201,Unknown,0,1
carolinenokes,carolinenokes,Conservative,1,0
lisanandy,lisanandy,Labour,1,0
harryyorke1,harryyorke1,Unknown,0,1
magicianjohn,magicianjohn,Unknown,0,1
phoebe_d1,phoebe_d1,Unknown,0,1
jaxwolf61,jaxwolf61,Unknown,0,1
carlathomas29,carlathomas29,Unknown,0,1
zacgoldsmith,zacgoldsmith,Conservative,3,1
joanryanenfield,joanryanenfield,Labour,2,1
me_holly_anne,me_holly_anne,Unknown,0,1
henrycporter,henrycporter,Unknown,0,1
jlstelling,jlstelling,Unknown,0,1
nickcohen4,nickcohen4,Unknown,0,1
rentrebel,rentrebel,Unknown,0,1
jimfromoldham,jimfromoldham,Labour (Co-op),2,1
annamcmorrin,annamcmorrin,Labour,2,0
justfairuk,justfairuk,Unknown,0,2
cmackinlay,cmackinlay,Conservative,1,0
pauleverittned,pauleverittned,Unknown,0,1
suemcdonald342,suemcdonald342,Unknown,0,1
charlottegrose,charlottegrose,Unknown,0,1
towardszerofdn,towardszerofdn,Unknown,0,1
tandhesi,tandhesi,Labour,4,3
thehouse_mag,thehouse_mag,Unknown,0,1
magnusllewellin,magnusllewellin,Unknown,0,1
louhaigh,louhaigh,Labour,6,2
lukegrahamuk,lukegrahamuk,Conservative,3,0
awmurrison,awmurrison,Conservative,1,0
acunninghammp,acunninghammp,Labour,2,0
wyattd,wyattd,Unknown,0,1
taylor3july2008,taylor3july2008,Unknown,0,1
andrewrosindell,andrewrosindell,Conservative,3,1
will_hingley,will_hingley,Unknown,0,1
jolyonrubs,jolyonrubs,Unknown,0,1
lellyland,lellyland,Unknown,0,1
johnmcdonnellmp,johnmcdonnellmp,Labour,1,2
theorycroft,theorycroft,Unknown,0,1
georgieproradio,georgieproradio,Unknown,0,1
joesalterbris,joesalterbris,Unknown,0,1
shelter,shelter,Unknown,0,1
susanwojcicki,susanwojcicki,Unknown,0,1
lisa_bridget,lisa_bridget,Unknown,0,1
thecustomshouse,thecustomshouse,Unknown,0,1
rambletooting,rambletooting,Unknown,0,1
edwardadoo,edwardadoo,Unknown,0,1
hannahb4livimp,hannahb4livimp,Scottish National Party,7,0
yorkshirepost,yorkshirepost,Unknown,0,1
lundinmillps,lundinmillps,Unknown,0,1
rthondavehanson,rthondavehanson,Labour,1,0
whitehornes,whitehornes,Unknown,0,1
meaglemp,meaglemp,Labour,6,0
nicholadrummond,nicholadrummond,Unknown,0,1
rhinofive,rhinofive,Unknown,0,1
harryslaststand,harryslaststand,Unknown,0,1
montie,montie,Unknown,0,1
wood5y,wood5y,Unknown,0,1
faybijou,faybijou,Unknown,0,1
rmtunion,rmtunion,Unknown,0,1
daily_politics,daily_politics,Unknown,0,2
lsrplaid,lsrplaid,Plaid Cymru,4,1
swrailtaskforce,swrailtaskforce,Unknown,0,1
alisonthewliss,alisonthewliss,Scottish National Party,15,2
nigeldoddsdup,nigeldoddsdup,Democratic Unionist Party,3,0
funmusicuk,funmusicuk,Unknown,0,1
delaligus,delaligus,Unknown,0,1
thehistoryguy,thehistoryguy,Unknown,0,1
dfid_uk,dfid_uk,Unknown,0,2
lizmcinnes60,lizmcinnes60,Labour,3,1
gwrhelp,gwrhelp,Unknown,0,1
futuresgreen,futuresgreen,Unknown,0,1
beckybarnesblog,beckybarnesblog,Unknown,0,1
meshcampaign,meshcampaign,Unknown,0,4
eactourism,eactourism,Unknown,0,1
philcolecomms,philcolecomms,Unknown,0,1
cpjelmore,cpjelmore,Labour,6,1
guyverhofstadt,guyverhofstadt,Unknown,0,1
humberbized,humberbized,Unknown,0,1
neilmerriman,neilmerriman,Unknown,0,1
cheesetits2011,cheesetits2011,Unknown,0,1
lucyallan,lucyallan,Conservative,3,0
bbcnickrobinson,bbcnickrobinson,Unknown,0,1
_mwhitfield,_mwhitfield,Unknown,0,1
juliejamesms,juliejamesms,Unknown,0,1
mulberrythet,mulberrythet,Unknown,0,1
bbcnewsnight,bbcnewsnight,Unknown,0,1
hoestmarket,hoestmarket,Unknown,0,1
lga_labour,lga_labour,Unknown,0,1
peter___ward,peter___ward,Unknown,0,1
lindalinda576,lindalinda576,Unknown,0,1
catharinehoey,catharinehoey,Labour,1,0
tuestina,tuestina,Unknown,0,1
gfceilidhband,gfceilidhband,Unknown,0,1
offord4hendon,offord4hendon,Conservative,1,0
timfarron,timfarron,Liberal Democrat,8,0
renewableuk,renewableuk,Unknown,0,1
sdlplive,sdlplive,Unknown,0,1
derbychrisw,derbychrisw,Labour,3,0
architectse17,architectse17,Unknown,0,1
mckonomy,mckonomy,Unknown,0,1
mikejwood,mikejwood,Conservative,2,0
hughgaffneyccb,hughgaffneyccb,Labour,6,1
helengrantmp,helengrantmp,Conservative,1,0
dlidington,dlidington,Conservative,2,0
womensbudgetgrp,womensbudgetgrp,Unknown,0,2
phmmcr,phmmcr,Unknown,0,1
colchesterviews,colchesterviews,Unknown,0,1
jacklopresti,jacklopresti,Conservative,1,0
nlc_2019,nlc_2019,Unknown,0,2
ros_sack,ros_sack,Unknown,0,2
phildouglasdon,phildouglasdon,Unknown,0,1
sdoughtymp,sdoughtymp,Labour (Co-op),6,1
dawnhfoster,dawnhfoster,Unknown,0,1
jaydubelyou,jaydubelyou,Unknown,0,1
mikegapes,mikegapes,Labour (Co-op),11,0
giantomkins,giantomkins,Unknown,0,1
uk_feminista,uk_feminista,Unknown,0,1
tomtugendhat,tomtugendhat,Conservative,7,2
savewomanbyst,savewomanbyst,Unknown,0,1
drivertrust,drivertrust,Unknown,0,1
syalrajeev,syalrajeev,Unknown,0,1
blacksmithtom,blacksmithtom,Unknown,0,1
visitcolchester,visitcolchester,Unknown,0,1
tighnacoille,tighnacoille,Unknown,0,1
emmaereynolds,emmaereynolds,Labour,1,0
bphillipsonmp,bphillipsonmp,Labour,1,0
peoplesmomentum,peoplesmomentum,Unknown,0,1
glaconservative,glaconservative,Unknown,0,1
benmlake,benmlake,Plaid Cymru,6,2
rachelreevesmp,rachelreevesmp,Labour,2,3
rachlittlewood,rachlittlewood,Unknown,0,1
azizfndn,azizfndn,Unknown,0,1
leicesterliz,leicesterliz,Labour,2,1
samrichardswebb,samrichardswebb,Unknown,0,1
scotnational,scotnational,Unknown,0,1
fiona_onasanya,fiona_onasanya,Labour,1,0
ianblackford_mp,ianblackford_mp,Scottish National Party,5,2
stevereedmp,stevereedmp,Labour (Co-op),4,0
atrupar,atrupar,Unknown,0,1
chocamoruk,chocamoruk,Unknown,0,1
philwilsonxmp,philwilsonxmp,Labour,2,0
dotfoster3,dotfoster3,Unknown,0,1
harrietharman,harrietharman,Labour,2,0
davidgauke,davidgauke,Conservative,4,3
parchkevin,parchkevin,Unknown,0,1
neilgraysnp,neilgraysnp,Scottish National Party,1,0
bpas1968,bpas1968,Unknown,0,1
petewishart,petewishart,Scottish National Party,3,1
philipdaviesuk,philipdaviesuk,Conservative,2,0
libdempress,libdempress,Unknown,0,1
labourfutureuk,labourfutureuk,Unknown,0,1
sprintexec,sprintexec,Unknown,0,2
hls1978,hls1978,Unknown,0,1
chrislawsnp,chrislawsnp,Scottish National Party,2,1
pauljsweeney,pauljsweeney,Labour (Co-op),6,1
bernardjenkin,bernardjenkin,Conservative,2,0
syncsmith,syncsmith,Unknown,0,1
thangammp,thangammp,Labour,7,1
dancardenmp,dancardenmp,Labour,1,0
kirstysnp,kirstysnp,Scottish National Party,3,0
daveharrisonbbc,daveharrisonbbc,Unknown,0,1
socheshire,socheshire,Unknown,0,1
beezeypedro,beezeypedro,Unknown,0,1
cheshireliveep,cheshireliveep,Unknown,0,1
claremoodysw,claremoodysw,Unknown,0,1
nicdakin55,nicdakin55,Labour,5,0
helen_whately,helen_whately,Conservative,2,0
commonsdcms,commonsdcms,Unknown,0,1
tootingnewsie,tootingnewsie,Unknown,0,1
kiritunks,kiritunks,Unknown,0,2
fcdogovuk,fcdogovuk,Unknown,0,2
geek_of_nature,geek_of_nature,Unknown,0,1
giselleg7,giselleg7,Unknown,0,1
hbaldwin,hbaldwin,Conservative,2,1
chelsee_kate,chelsee_kate,Unknown,0,1
grahamknowles4,grahamknowles4,Unknown,0,1
afneil,afneil,Unknown,0,1
beccyryan,beccyryan,Unknown,0,1
mgreenwoodww,mgreenwoodww,Labour,1,1
eastantrimmp,eastantrimmp,Democratic Unionist Party,1,0
sampauk_,sampauk_,Unknown,0,1
girishmenonstir,girishmenonstir,Unknown,0,1
ridgeonsunday,ridgeonsunday,Unknown,0,1
dave_787,dave_787,Unknown,0,1
ukbf_finds,ukbf_finds,Unknown,0,1
ranelaghuk,ranelaghuk,Unknown,0,1
djmgaffneyw4,djmgaffneyw4,Unknown,0,1
chrisstephens,chrisstephens,Scottish National Party,1,0
parlyapp,parlyapp,Unknown,0,6
transportforall,transportforall,Unknown,0,2
gowergincompany,gowergincompany,Unknown,0,1
bromleytrombone,bromleytrombone,Unknown,0,1
wera_hobhouse,wera_hobhouse,Unknown,0,1
thehullpie,thehullpie,Unknown,0,1
ukgovscotland,ukgovscotland,Unknown,0,1
cliveefford,cliveefford,Unknown,0,2
nufc,nufc,Unknown,0,1
s_hammond,s_hammond,Conservative,4,0
shaunie_mac,shaunie_mac,Unknown,0,1
pip_speak,pip_speak,Unknown,0,1
jason_keen,jason_keen,Unknown,0,1
pollyn1,pollyn1,Unknown,0,1
thebda,thebda,Unknown,0,1
beehivelindale,beehivelindale,Unknown,0,1
forwardassist1,forwardassist1,Unknown,0,1
marycreagh_,marycreagh_,Labour,1,0
cmonaghansnp,cmonaghansnp,Scottish National Party,1,1
lisburnstar,lisburnstar,Unknown,0,1
alfiejoey,alfiejoey,Unknown,0,1
rorystewartuk,rorystewartuk,Conservative,3,0
johnrentoul,johnrentoul,Unknown,0,1
peterkyle,peterkyle,Labour,3,1
britainelects,britainelects,Unknown,0,2
lionelbarber,lionelbarber,Unknown,0,1
bactauk,bactauk,Unknown,0,1
lornamhughes,lornamhughes,Unknown,0,1
ucu,ucu,Unknown,0,1
sarahwollaston,sarahwollaston,Conservative,2,0
kellytolhurst,kellytolhurst,Conservative,2,0
waspigl1,waspigl1,Unknown,0,1
nsoames,nsoames,Conservative,17,3
petergrantmp,petergrantmp,Scottish National Party,16,0
leonardcheshire,leonardcheshire,Unknown,0,1
kitmalthouse,kitmalthouse,Conservative,2,0
alexnorrisnn,alexnorrisnn,Labour (Co-op),1,0
karen_karenelee,karen_karenelee,Labour,3,0
sussexfriends,sussexfriends,Unknown,0,1
colchchronic,colchchronic,Unknown,0,1
marinenationale,marinenationale,Unknown,0,1
leodochertyuk,leodochertyuk,Conservative,1,1
bbcpolitics,bbcpolitics,Unknown,0,2
jeremycorbyn,jeremycorbyn,Unknown,0,3
italyinuk,italyinuk,Unknown,0,1
hmtreasury,hmtreasury,Unknown,0,1
ehoinexile,ehoinexile,Unknown,0,1
bobmidd,bobmidd,Unknown,0,1
nomerseytolls,nomerseytolls,Unknown,0,2
daaronovitch,daaronovitch,Unknown,0,1
stefanstern,stefanstern,Unknown,0,2
lakenutrition,lakenutrition,Unknown,0,1
benpbradshaw,benpbradshaw,Labour,3,3
siobhain_mc,siobhain_mc,Labour,5,0
danmacphail,danmacphail,Unknown,0,1
geraldjoneslab,geraldjoneslab,Labour,6,0
frankfletcher,frankfletcher,Unknown,0,1
alysondbarnes,alysondbarnes,Unknown,0,1
heidi_ldn,heidi_ldn,Labour,4,0
nickgutteridge,nickgutteridge,Unknown,0,1
jackiedp,jackiedp,Conservative,1,0
elizabefrances,elizabefrances,Unknown,0,1
stephenctimms,stephenctimms,Labour,2,0
helenarmet,helenarmet,Unknown,0,1
humanrightsctte,humanrightsctte,Unknown,0,1
iainastewart,iainastewart,Conservative,1,0
llanitopal,llanitopal,Unknown,0,1
elizstjohn,elizstjohn,Unknown,0,1
fitz_xmp,fitz_xmp,Labour,2,0
mrjohnnicolson,mrjohnnicolson,Unknown,0,1
orourkeclaire1,orourkeclaire1,Unknown,0,1
alisonflea,alisonflea,Unknown,0,1
talkingthfc,talkingthfc,Unknown,0,1
seemamalhotra1,seemamalhotra1,Labour (Co-op),1,0
rdmcl83,rdmcl83,Unknown,0,1
stevelawrence_,stevelawrence_,Unknown,0,1
andrew__kennedy,andrew__kennedy,Unknown,0,1
mattshrimper,mattshrimper,Unknown,0,1
sheffielducu,sheffielducu,Unknown,0,1
iambullivant,iambullivant,Unknown,0,1
northumbriapcc,northumbriapcc,Unknown,0,1
olivercooper,olivercooper,Unknown,0,1
trussliz,trussliz,Conservative,1,0
edvaizey,edvaizey,Conservative,3,0
paddybriggs,paddybriggs,Unknown,0,1
hammersmithandy,hammersmithandy,Labour,7,0
dandaviesdavies,dandaviesdavies,Unknown,0,1
billbrowder,billbrowder,Unknown,0,1
labour4eu,labour4eu,Unknown,0,1
gedk,gedk,Labour (Co-op),5,0
stevehynesa2j,stevehynesa2j,Unknown,0,1
janetwilliams99,janetwilliams99,Unknown,0,1
jbeattiemirror,jbeattiemirror,Unknown,0,1
nhswhistleblowr,nhswhistleblowr,Unknown,0,1
janbrogger,janbrogger,Unknown,0,1
davidhaguecogs,davidhaguecogs,Unknown,0,1
lunarsoc,lunarsoc,Unknown,0,1
rosiees25,rosiees25,Unknown,0,1
mrhazzers,mrhazzers,Unknown,0,1
mattnoble_,mattnoble_,Unknown,0,1
msmandyj,msmandyj,Unknown,0,1
stephengethins,stephengethins,Scottish National Party,3,0
alanmakmp,alanmakmp,Conservative,1,0
stephenkerrmsp,stephenkerrmsp,Unknown,0,1
bbcessex,bbcessex,Unknown,0,1
backborwick,backborwick,Unknown,0,1
manclabstudents,manclabstudents,Unknown,0,1
joswinson,joswinson,Liberal Democrat,4,0
leah_widdicombe,leah_widdicombe,Unknown,0,1
1oldcodger,1oldcodger,Unknown,0,1
matthewdorrance,matthewdorrance,Unknown,0,1
freespirited_p,freespirited_p,Unknown,0,4
andrew4pendle,andrew4pendle,Conservative,1,0
henrysmithuk,henrysmithuk,Conservative,2,0
tradegovukaus,tradegovukaus,Unknown,0,1
brandonlewis,brandonlewis,Conservative,5,2
oneintheuk,oneintheuk,Unknown,0,1
tradegovuk,tradegovuk,Unknown,0,5
davidedrew,davidedrew,Labour (Co-op),1,0
seemakennedy,seemakennedy,Conservative,2,1
garyspedding,garyspedding,Unknown,0,1
jonoharvey,jonoharvey,Unknown,0,1
cronusspidermod,cronusspidermod,Unknown,0,1
bramleyvbramley,bramleyvbramley,Unknown,0,1
msjones_14,msjones_14,Unknown,0,1
rhonddabryant,rhonddabryant,Labour,8,0
vickyfoxcroft,vickyfoxcroft,Labour,3,0
sadiqkhan,sadiqkhan,Unknown,0,2
isabelhardman,isabelhardman,Unknown,0,3
hywelplaidcymru,hywelplaidcymru,Plaid Cymru,1,2
emmawhitaker,emmawhitaker,Unknown,0,1
skinnock,skinnock,Labour,4,0
eddiefornec,eddiefornec,Unknown,0,1
expressfm,expressfm,Unknown,0,1
neill_bob,neill_bob,Conservative,14,0
metcalfe_sbet,metcalfe_sbet,Conservative,2,0
coventryuninews,coventryuninews,Unknown,0,1
hch_hill,hch_hill,Unknown,0,1
climategroup,climategroup,Unknown,0,1
staustellbrew,staustellbrew,Unknown,0,1
commonstreasury,commonstreasury,Unknown,0,2
gmbwsw,gmbwsw,Unknown,0,1
unisontheunion,unisontheunion,Unknown,0,2
great_together,great_together,Unknown,0,2
drlisacameronmp,drlisacameronmp,Scottish National Party,5,0
tamesidecouncil,tamesidecouncil,Unknown,0,1
mhclg,mhclg,Unknown,0,2
josephwillits,josephwillits,Unknown,0,2
gussyjackson,gussyjackson,Unknown,0,1
buryflyer,buryflyer,Unknown,0,1
boostercushion,boostercushion,Unknown,0,1
mpshackney,mpshackney,Unknown,0,1
nightingalelab,nightingalelab,Unknown,0,1
tradasro,tradasro,Unknown,0,1
marshallmedia,marshallmedia,Unknown,0,1
pritipatel,pritipatel,Conservative,1,0
londonfire,londonfire,Unknown,0,1
slcampaign,slcampaign,Unknown,0,1
londonmidland,londonmidland,Unknown,0,1
prisonstorm,prisonstorm,Unknown,0,1
owenpaterson,owenpaterson,Unknown,0,1
elecsafetyfirst,elecsafetyfirst,Unknown,0,1
trinitywimbledn,trinitywimbledn,Unknown,0,1
thoughtland,thoughtland,Unknown,0,1
zinaad,zinaad,Unknown,0,1
bbc5live,bbc5live,Unknown,0,1
laytoncharlotte,laytoncharlotte,Unknown,0,1
alexwilliams01,alexwilliams01,Unknown,0,1
malcolmdavidst2,malcolmdavidst2,Unknown,0,1
tenaciousv56,tenaciousv56,Unknown,0,1
pointeastleigh,pointeastleigh,Unknown,0,1
stephsearle90,stephsearle90,Unknown,0,1
conviktion,conviktion,Unknown,0,1
bonnietofficial,bonnietofficial,Unknown,0,1
euvsdisinfo,euvsdisinfo,Unknown,0,1
royston_smith,royston_smith,Conservative,2,0
mojos55,mojos55,Unknown,0,1
edacaz,edacaz,Unknown,0,1
bambos_mp,bambos_mp,Labour,4,1
mariocreatura,mariocreatura,Unknown,0,1
dexeugov,dexeugov,Unknown,0,1
planet_twi,planet_twi,Unknown,0,1
charlottejones0,charlottejones0,Unknown,0,1
mtpennycook,mtpennycook,Labour,2,0
educationgovuk,educationgovuk,Unknown,0,2
feorlean,feorlean,Unknown,0,2
paulwilliams207,paulwilliams207,Unknown,0,1
jobooth10,jobooth10,Unknown,0,1
beckypants,beckypants,Unknown,0,1
whalleysteve1,whalleysteve1,Unknown,0,1
akmaciver,akmaciver,Unknown,0,1
mrlongdenextra,mrlongdenextra,Unknown,0,1
scotcoopparty,scotcoopparty,Unknown,0,1
davewardgs,davewardgs,Unknown,0,1
stonewallscot,stonewallscot,Unknown,0,1
kategreensu,kategreensu,Labour,3,0
kate_langston,kate_langston,Unknown,0,1
se1,se1,Unknown,0,1
babyfriendly,babyfriendly,Unknown,0,1
ryanair,ryanair,Unknown,0,1
brendanoharamp,brendanoharamp,Scottish National Party,1,0
annalangside,annalangside,Unknown,0,1
carolecadwalla,carolecadwalla,Unknown,0,2
mindblmk,mindblmk,Unknown,0,1
michellejfinney,michellejfinney,Unknown,0,1
nadams,nadams,Conservative,3,0
richardjmurphy,richardjmurphy,Unknown,0,1
thhamilton,thhamilton,Unknown,0,1
sloumarsh,sloumarsh,Unknown,0,1
lucianaberger,lucianaberger,Labour (Co-op),2,1
johnnymerceruk,johnnymerceruk,Conservative,4,0
harrydecarter,harrydecarter,Unknown,0,1
triciamarwick,triciamarwick,Unknown,0,1
oldandrewuk,oldandrewuk,Unknown,0,1
lornafillingham,lornafillingham,Unknown,0,1
labourclg,labourclg,Unknown,0,1
liambyrnemp,liambyrnemp,Labour,12,4
sdsdriller,sdsdriller,Unknown,0,1
harrypaticas,harrypaticas,Unknown,0,1
bishmiddleton,bishmiddleton,Unknown,0,1
alanbrownsnp,alanbrownsnp,Scottish National Party,3,0
ianmurraymp,ianmurraymp,Labour,2,0
liamfox,liamfox,Conservative,3,0
johnglenuk,johnglenuk,Conservative,2,0
labourlewis,labourlewis,Labour,1,1
thelma_dwalker,thelma_dwalker,Labour,1,0
thestmagazine,thestmagazine,Unknown,0,1
jessicamordenmp,jessicamordenmp,Labour,2,0
gareththomasmp,gareththomasmp,Labour (Co-op),2,0
jonashworth,jonashworth,Labour (Co-op),1,5
juliahb1,juliahb1,Unknown,0,1
unece,unece,Unknown,0,1
defragovuk,defragovuk,Unknown,0,3
georgefreemanmp,georgefreemanmp,Conservative,5,1
rees4neath,rees4neath,Labour (Co-op),2,0
thesnp,thesnp,Unknown,0,3
simon4ndorset,simon4ndorset,Conservative,1,0
mudkitchensrfun,mudkitchensrfun,Unknown,0,1
lewishamcouncil,lewishamcouncil,Unknown,0,1
jamesduddridge,jamesduddridge,Conservative,2,0
sandbach,sandbach,Conservative,6,0
eu_commission,eu_commission,Unknown,0,1
womensaid,womensaid,Unknown,0,2
tracey_crouch,tracey_crouch,Conservative,1,0
anggallacher,anggallacher,Unknown,0,1
deanne_keanne,deanne_keanne,Unknown,0,2
marklancastermk,marklancastermk,Conservative,2,0
goodmovesjobs,goodmovesjobs,Unknown,0,1
tipherethltd,tipherethltd,Unknown,0,1
preetkgillmp,preetkgillmp,Labour (Co-op),6,0
psmithpes,psmithpes,Unknown,0,1
aw_bell,aw_bell,Unknown,0,1
lordmvee,lordmvee,Unknown,0,1
parliamentview,parliamentview,Unknown,0,1
mattwarman,mattwarman,Conservative,5,0
gemmac_rm_hv_qn,gemmac_rm_hv_qn,Unknown,0,1
hullccnews,hullccnews,Unknown,0,1
bentrebilcook,bentrebilcook,Unknown,0,1
davidlinden,davidlinden,Scottish National Party,3,1
tonylouki,tonylouki,Unknown,0,1
manfredweber,manfredweber,Unknown,0,1
mbrendansweeney,mbrendansweeney,Unknown,0,1
shadowbrexit,shadowbrexit,Unknown,0,1
imran_hussainmp,imran_hussainmp,Labour,2,0
bazza1007,bazza1007,Unknown,0,1
thealexsw19,thealexsw19,Unknown,0,1
stocktonsoup,stocktonsoup,Unknown,0,1
simonclarkemp,simonclarkemp,Conservative,2,0
aoc_info,aoc_info,Unknown,0,1
blackthorn23,blackthorn23,Unknown,0,1
vernon_coaker,vernon_coaker,Labour,1,0
tobyperkinsmp,tobyperkinsmp,Labour,3,0
marshadecordova,marshadecordova,Labour,5,0
damianbeeley,damianbeeley,Unknown,0,1
sme4labour,sme4labour,Unknown,0,2
thegnrp,thegnrp,Unknown,0,1
brianfrancisroy,brianfrancisroy,Unknown,0,1
politicshome,politicshome,Unknown,0,1
sarahbutler1981,sarahbutler1981,Unknown,0,1
paulflynnmp,paulflynnmp,Labour,1,0
edwardjdavey,edwardjdavey,Liberal Democrat,3,0
kerrymp,kerrymp,Labour,5,2
winvicltd,winvicltd,Unknown,0,1
quintonb32news,quintonb32news,Unknown,0,1
stugilfillan,stugilfillan,Unknown,0,1
liliangreenwood,liliangreenwood,Labour,3,0
gigimaltese,gigimaltese,Unknown,0,1
nytofgb,nytofgb,Unknown,0,1
rachcsteele,rachcsteele,Unknown,0,1
gloriadepiero,gloriadepiero,Labour,1,0
lamberchelo,lamberchelo,Unknown,0,1
michaeldugher,michaeldugher,Unknown,0,2
takenuk1,takenuk1,Unknown,0,1
nadinedorries,nadinedorries,Conservative,1,0
reecefranciss,reecefranciss,Unknown,0,1
_jasvirsingh,_jasvirsingh,Unknown,0,1
erskinebikemeet,erskinebikemeet,Unknown,0,1
appgbritmuslims,appgbritmuslims,Unknown,0,2
charityoars,charityoars,Unknown,0,1
liberalvision,liberalvision,Unknown,0,1
peterstefanovi2,peterstefanovi2,Unknown,0,4
ahdamnsoper,ahdamnsoper,Unknown,0,1
gmbmidland,gmbmidland,Unknown,0,3
derekbateman2,derekbateman2,Unknown,0,1
karlturnermp,karlturnermp,Labour,9,0
westmidspcc,westmidspcc,Unknown,0,1
stephenlloydebn,stephenlloydebn,Liberal Democrat,1,0
ukhomeoffice,ukhomeoffice,Unknown,0,2
matthewrycroft1,matthewrycroft1,Unknown,0,1
singhsameep,singhsameep,Unknown,0,1
lucympowell,lucympowell,Labour (Co-op),6,0
maitlis,maitlis,Unknown,0,1
martintenorsax,martintenorsax,Unknown,0,1
mattchorley,mattchorley,Unknown,0,1
andrewpolitics,andrewpolitics,Unknown,0,1
tom_watson,tom_watson,Labour,2,1
drsarahbailey,drsarahbailey,Unknown,0,1
suemorganlittle,suemorganlittle,Unknown,0,1
marscuriosity,marscuriosity,Unknown,0,1
yvettecoopermp,yvettecoopermp,Unknown,0,1
gipsyhilllab,gipsyhilllab,Unknown,0,1
lpitchley,lpitchley,Unknown,0,1
huw4ogmore,huw4ogmore,Unknown,0,1
dhscmedia,dhscmedia,Unknown,0,1
channel4news,channel4news,Unknown,0,3
flbhatti,flbhatti,Unknown,0,1
peternorthdevon,peternorthdevon,Conservative,2,0
keir_starmer,keir_starmer,Unknown,0,1
jamesfrith,jamesfrith,Labour,3,0
kate_hollernmp,kate_hollernmp,Labour,2,0
bypatrickdaly,bypatrickdaly,Unknown,0,1
enginuity_org,enginuity_org,Unknown,0,1
andrewbowie_mp,andrewbowie_mp,Conservative,1,0
conhome,conhome,Unknown,0,1
jimmystrength47,jimmystrength47,Unknown,0,1
tomcopley,tomcopley,Unknown,0,1
reformthinktank,reformthinktank,Unknown,0,2
ashcowburn,ashcowburn,Unknown,0,1
thomasdolphin,thomasdolphin,Unknown,0,1
matturl,matturl,Unknown,0,1
excllr_mukesh,excllr_mukesh,Unknown,0,1
ukinkenya,ukinkenya,Unknown,0,1
nhsengland,nhsengland,Unknown,0,1
joplattleigh,joplattleigh,Labour (Co-op),2,0
ibblaw,ibblaw,Unknown,0,1
womensgala,womensgala,Unknown,0,1
mark_ev22,mark_ev22,Unknown,0,1
comhealthunison,comhealthunison,Unknown,0,1
johnauldwebster,johnauldwebster,Unknown,0,1
newsintameside,newsintameside,Unknown,0,1
newstatesman,newstatesman,Unknown,0,3
marxuquera,marxuquera,Unknown,0,1
dominicraab,dominicraab,Conservative,6,0
douglas4moray,douglas4moray,Conservative,3,0
pinkteapot3,pinkteapot3,Unknown,0,1
dianajohnsonmp,dianajohnsonmp,Labour,4,0
metoffice,metoffice,Unknown,0,1
markfielduk,markfielduk,Conservative,2,0
forwardnotback,forwardnotback,Unknown,0,1
snewtonuk,snewtonuk,Conservative,2,0
kira_gabbert,kira_gabbert,Unknown,0,1
robertsyms,robertsyms,Conservative,1,0
alison_mcgovern,alison_mcgovern,Labour,5,2
sat_k_j,sat_k_j,Unknown,0,1
lordjohnmann,lordjohnmann,Labour,1,0
bell45,bell45,Unknown,0,1
livesey99,livesey99,Unknown,0,1
timeshighered,timeshighered,Unknown,0,1
traceylsl,traceylsl,Unknown,0,1
damiancollins,damiancollins,Conservative,1,0
toryboypierce,toryboypierce,Unknown,0,1
davalia610,davalia610,Unknown,0,1
angusmacneilsnp,angusmacneilsnp,Scottish National Party,8,0
ledburyaction,ledburyaction,Unknown,0,1
thexvithwarrior,thexvithwarrior,Unknown,0,1
hms_albion,hms_albion,Unknown,0,1
thefabians,thefabians,Unknown,0,1
uk_tpo,uk_tpo,Unknown,0,1
sciencecampaign,sciencecampaign,Unknown,0,1
gareth_snell,gareth_snell,Labour (Co-op),3,0
lsenews,lsenews,Unknown,0,1
laboursj,laboursj,Labour,1,0
robertcraigchf,robertcraigchf,Unknown,0,1
annclwyd,annclwyd,Labour,2,0
annepugh,annepugh,Unknown,0,1
darrenpjones,darrenpjones,Labour,1,0
tartangladbach,tartangladbach,Unknown,0,1
newsdirect,newsdirect,Unknown,0,1
ruthcadbury,ruthcadbury,Labour,5,1
ukparliament,ukparliament,Unknown,0,1
edwardlucas,edwardlucas,Unknown,0,2
syorksha,syorksha,Unknown,0,1
danny_wright,danny_wright,Unknown,0,1
commonstrans,commonstrans,Unknown,0,1
gutoaberconwy,gutoaberconwy,Conservative,2,0
huwmerriman,huwmerriman,Conservative,1,0
youngvulgarian,youngvulgarian,Unknown,0,1
dt_pawlitical,dt_pawlitical,Unknown,0,1
mark4wyreforest,mark4wyreforest,Conservative,1,0
hackneyabbott,hackneyabbott,Labour,3,0
hantspolice,hantspolice,Unknown,0,1
madeleinemoon,madeleinemoon,Labour,1,0
_jennymckiernan,_jennymckiernan,Unknown,0,2
andrewtipler,andrewtipler,Unknown,0,1
barrysheerman,barrysheerman,Labour (Co-op),10,0
neilmclaughlin2,neilmclaughlin2,Unknown,0,1
welshracer,welshracer,Unknown,0,1
doelawel,doelawel,Unknown,0,1
chrisruane58,chrisruane58,Unknown,0,1
st3amco,st3amco,Unknown,0,1
thamkhaimeng,thamkhaimeng,Unknown,0,1
forduk,forduk,Unknown,0,1
huddlestonnigel,huddlestonnigel,Conservative,1,0
dartmouth_mih,dartmouth_mih,Unknown,0,1
batterseaunited,batterseaunited,Unknown,0,1
dpastaire,dpastaire,Unknown,0,1
bimafolami,bimafolami,Conservative,1,0
catmckinnell,catmckinnell,Unknown,0,1
tonyboulton,tonyboulton,Unknown,0,1
labourwomensnet,labourwomensnet,Unknown,0,1
erskinecgarden,erskinecgarden,Unknown,0,1
richardhrbenyon,richardhrbenyon,Conservative,1,0
notti1980,notti1980,Unknown,0,1
nick_appleyard,nick_appleyard,Unknown,0,1
bublang,bublang,Unknown,0,1
jreynoldsmp,jreynoldsmp,Labour (Co-op),6,1
stewarthosiesnp,stewarthosiesnp,Scottish National Party,1,2
rachaelmaskell,rachaelmaskell,Labour (Co-op),3,0
justinmadders,justinmadders,Labour,8,0
julieforburnley,julieforburnley,Labour,4,0
electionmapsuk,electionmapsuk,Unknown,0,1
michael_thawe,michael_thawe,Unknown,0,1
humaniststudent,humaniststudent,Unknown,0,1
parlstudies,parlstudies,Unknown,0,1
anneliesedodds,anneliesedodds,Labour (Co-op),1,0
engineeringgov,engineeringgov,Unknown,0,1
csjthinktank,csjthinktank,Unknown,0,1
helengoodmanba,helengoodmanba,Labour,1,0
theartcriminal,theartcriminal,Unknown,0,1
thewiffs,thewiffs,Unknown,0,1
johnhealey_mp,johnhealey_mp,Unknown,0,1
greghands,greghands,Conservative,2,0
commonsinttrade,commonsinttrade,Unknown,0,1
justinegreening,justinegreening,Conservative,5,1
lewii,lewii,Unknown,0,1
guyopperman,guyopperman,Conservative,2,2
margaretdunne13,margaretdunne13,Unknown,0,1
debbie_abrahams,debbie_abrahams,Labour,5,0
movieblort,movieblort,Unknown,0,1
yourukparl,yourukparl,Unknown,0,1
crawleynews24,crawleynews24,Unknown,0,2
beckie__smith,beckie__smith,Unknown,0,1
angelasmithmp,angelasmithmp,Labour,3,0
pinstripedline,pinstripedline,Unknown,0,1
israelipm,israelipm,Unknown,0,1
csbungo,csbungo,Unknown,0,1
commonspacac,commonspacac,Unknown,0,1
vickyford,vickyford,Conservative,1,1
tracey_utv,tracey_utv,Unknown,0,1
imajsaclaimant,imajsaclaimant,Unknown,0,2
tony4rochdale,tony4rochdale,Labour,1,0
lordianaustin,lordianaustin,Labour,5,0
christchurch12,christchurch12,Unknown,0,1
jackdromeymp,jackdromeymp,Labour,1,0
drrosena,drrosena,Labour,5,0
bigredboxes,bigredboxes,Unknown,0,1
labournorthwest,labournorthwest,Unknown,0,1
deansofcardiff,deansofcardiff,Unknown,0,1
jackieproven,jackieproven,Unknown,0,1
conwayfor,conwayfor,Unknown,0,1
emilythornberry,emilythornberry,Labour,1,0
richardgrahamuk,richardgrahamuk,Conservative,2,0
cliffyboy13,cliffyboy13,Unknown,0,1
mireille_pouget,mireille_pouget,Unknown,0,1
eurelationsappg,eurelationsappg,Unknown,0,1
leeannward,leeannward,Unknown,0,1
duponline,duponline,Unknown,0,1
xhnews,xhnews,Unknown,0,1
cllrsutton,cllrsutton,Unknown,0,1
garystreeterswd,garystreeterswd,Conservative,1,0
theresa_may,theresa_may,Conservative,1,5
ishousecroft,ishousecroft,Unknown,0,2
bikerrebel1,bikerrebel1,Unknown,0,3
integrationappg,integrationappg,Unknown,0,1
tracybrabin,tracybrabin,Labour (Co-op),4,1
mike_fabricant,mike_fabricant,Conservative,3,0
jt8teeling,jt8teeling,Unknown,0,1
willbaldet,willbaldet,Unknown,0,1
samgyimah,samgyimah,Conservative,4,0
conorpope,conorpope,Unknown,0,1
insouthlakes,insouthlakes,Unknown,0,1
julieelliottmp,julieelliottmp,Unknown,0,1
cameronmcneish,cameronmcneish,Unknown,0,1
rossthomson_abz,rossthomson_abz,Conservative,1,0
uk_music,uk_music,Unknown,0,2
shabanamahmood,shabanamahmood,Labour,1,0
murielspark100,murielspark100,Unknown,0,1
mphendrick,mphendrick,Labour (Co-op),1,0
southwestwater,southwestwater,Unknown,0,1
ukun_newyork,ukun_newyork,Unknown,0,1
coppermillsch,coppermillsch,Unknown,0,1
laurasmithcrewe,laurasmithcrewe,Labour,3,1
hellethorning_s,hellethorning_s,Unknown,0,1
nickymorgan01,nickymorgan01,Conservative,2,2
mpaiton,mpaiton,Unknown,0,1
jgarratt1,jgarratt1,Unknown,0,1
wardenpark,wardenpark,Unknown,0,1
amcarmichaelmp,amcarmichaelmp,Liberal Democrat,1,0
karenpbuckmp,karenpbuckmp,Labour,7,2
ayeshahazarika,ayeshahazarika,Unknown,0,2
alexsobel,alexsobel,Unknown,0,1
mariamilleruk,mariamilleruk,Unknown,0,1
danob1986,danob1986,Unknown,0,1
jojohnsonuk,jojohnsonuk,Conservative,3,0
neilturkewitz,neilturkewitz,Unknown,0,1
weetabixface,weetabixface,Unknown,0,1
sikhfeduk,sikhfeduk,Unknown,0,1
gordonmarsden,gordonmarsden,Labour,8,2
robertbuckland,robertbuckland,Conservative,2,0
andrewhaldenby,andrewhaldenby,Unknown,0,1
peterchapman6,peterchapman6,Unknown,0,1
billy_bell99,billy_bell99,Unknown,0,1
realgeoffbarton,realgeoffbarton,Unknown,0,1
navylookout,navylookout,Unknown,0,1
roathbrooktrees,roathbrooktrees,Unknown,0,1
patmcfaddenmp,patmcfaddenmp,Labour,1,1
mpsaskew,mpsaskew,Unknown,0,1
scotrail,scotrail,Unknown,0,1
joncruddas_1,joncruddas_1,Labour,1,0
eddiehughes4wn,eddiehughes4wn,Conservative,3,0
tm_meditationuk,tm_meditationuk,Unknown,0,1
nazshahbfd,nazshahbfd,Labour,2,0
guardian,guardian,Unknown,0,1
hejmattj,hejmattj,Unknown,0,1
wilesy999,wilesy999,Unknown,0,1
evrydaylg,evrydaylg,Unknown,0,1
nicolamatthew16,nicolamatthew16,Unknown,0,1
cherylgillan,cherylgillan,Conservative,3,0
martinjdocherty,martinjdocherty,Scottish National Party,2,2
chionwurah,chionwurah,Labour,8,0
aydindikerdem,aydindikerdem,Unknown,0,1
cllrneghat,cllrneghat,Unknown,0,1
redcliffescott,redcliffescott,Unknown,0,1
independent,independent,Unknown,0,1
benfolley,benfolley,Unknown,0,1
dawn_bowden,dawn_bowden,Unknown,0,1
davidcrausby,davidcrausby,Labour,1,0
cyrenians1968,cyrenians1968,Unknown,0,1
labourwhips,labourwhips,Unknown,0,5
y_fovarguemp,y_fovarguemp,Labour,1,0
oksuse,oksuse,Unknown,0,1
stuart_mcdonald,stuart_mcdonald,Scottish National Party,3,0
albertowen2020,albertowen2020,Labour,5,0
gmbunionamazon,gmbunionamazon,Unknown,0,1
bobblackman,bobblackman,Conservative,8,1
timloughton,timloughton,Conservative,3,0
asukajnh,asukajnh,Unknown,0,1
halfon4harlowmp,halfon4harlowmp,Conservative,11,2
brexitcentral,brexitcentral,Unknown,0,1
superfast72,superfast72,Unknown,0,1
rossarcher1,rossarcher1,Unknown,0,1
chrisleslieuk,chrisleslieuk,Labour (Co-op),1,0
nicktorfaen,nicktorfaen,Labour,1,1
tconnellyrte,tconnellyrte,Unknown,0,1
waspi_campaign,waspi_campaign,Unknown,0,1
tcwcatloco,tcwcatloco,Unknown,0,1
lukedickson1,lukedickson1,Unknown,0,1
tgraham1421,tgraham1421,Unknown,0,2
theipaper,theipaper,Unknown,0,1
10downingstreet,10downingstreet,Unknown,0,2
leaskyht,leaskyht,Unknown,0,1
faisalislam,faisalislam,Unknown,0,5
pauline_latham,pauline_latham,Conservative,2,0
plaid_cymru,plaid_cymru,Unknown,0,3
dtathletic,dtathletic,Unknown,0,1
nas_mt,nas_mt,Unknown,0,1
lewis_alee,lewis_alee,Unknown,0,1
labourtoo,labourtoo,Unknown,0,1
dajcameron,dajcameron,Unknown,0,1
cons4choice,cons4choice,Unknown,0,1
theadickinson,theadickinson,Unknown,0,1
pashleyjackson,pashleyjackson,Unknown,0,1
ribbonlabelsupp,ribbonlabelsupp,Unknown,0,1
alexburghart,alexburghart,Conservative,3,0
jen7ify,jen7ify,Unknown,0,1
hossiendaboy,hossiendaboy,Unknown,0,1
bbcchrisd,bbcchrisd,Unknown,0,1
ruthsmeeth,ruthsmeeth,Labour,1,0
jmbainbridge,jmbainbridge,Unknown,0,1
pennymordaunt,pennymordaunt,Conservative,5,0
joglasg,joglasg,Unknown,0,1
hullbhoy,hullbhoy,Unknown,0,1
bat211,bat211,Unknown,0,1
jimmfelton,jimmfelton,Unknown,0,1
ukgovwales,ukgovwales,Unknown,0,1
josh_ffw,josh_ffw,Unknown,0,1
scripture36,scripture36,Unknown,0,1
kenshaz,kenshaz,Unknown,0,1
bordesleywmp,bordesleywmp,Unknown,0,1
headnoon,headnoon,Unknown,0,1
danielkorski,danielkorski,Unknown,0,1
emmadentcoad,emmadentcoad,Labour,1,0
davepiperdj,davepiperdj,Unknown,0,1
hazelt1610,hazelt1610,Unknown,0,1
david_duguid,david_duguid,Conservative,1,0
lfpme,lfpme,Unknown,0,1
juflag,juflag,Unknown,0,1
bidstandrews,bidstandrews,Unknown,0,1
matthancock,matthancock,Conservative,7,0
2ndekbb,2ndekbb,Unknown,0,1
marysheldon9,marysheldon9,Unknown,0,1
bbclaurak,bbclaurak,Unknown,0,1
dancingthemind,dancingthemind,Unknown,0,1
aspirecharity,aspirecharity,Unknown,0,1
groganjim,groganjim,Unknown,0,1
transparimed,transparimed,Unknown,0,1
deidrebrock,deidrebrock,Scottish National Party,3,0
davidnberman,davidnberman,Unknown,0,1
friel_raymond,friel_raymond,Unknown,0,1
thembauk,thembauk,Unknown,0,1
lee4ned,lee4ned,Conservative,2,0
stapletonrd,stapletonrd,Unknown,0,1
k9finn,k9finn,Unknown,0,1
jharryd13,jharryd13,Unknown,0,1
fentiger001,fentiger001,Unknown,0,1
laurelrhart,laurelrhart,Unknown,0,1
annietrev,annietrev,Conservative,3,1
bluemeanie10,bluemeanie10,Unknown,0,1
wellesbournesch,wellesbournesch,Unknown,0,1
headteacher20,headteacher20,Unknown,0,1
hjbpresenter,hjbpresenter,Unknown,0,1
release_drugs,release_drugs,Unknown,0,1
labourhometeam,labourhometeam,Unknown,0,2
ronniecowan,ronniecowan,Scottish National Party,4,0
bezzer3,bezzer3,Unknown,0,1
brtmerrill,brtmerrill,Unknown,0,1
onnmel,onnmel,Labour,7,0
dighesj,dighesj,Unknown,0,1
peterjluff,peterjluff,Unknown,0,1
fsb_policy,fsb_policy,Unknown,0,1
marathonshine,marathonshine,Unknown,0,1
defencehq,defencehq,Unknown,0,2
nickhurduk,nickhurduk,Conservative,4,0
uklabour,uklabour,Unknown,0,2
jostevenslabour,jostevenslabour,Labour,9,2
article_39,article_39,Unknown,0,2
ianduncanhmg,ianduncanhmg,Unknown,0,1
wimbledonbrew,wimbledonbrew,Unknown,0,1
neilsocialist,neilsocialist,Unknown,0,1
rushanaraali,rushanaraali,Labour,2,0
cphilpofficial,cphilpofficial,Conservative,4,1
chtycommission,chtycommission,Unknown,0,1
helenhayes_,helenhayes_,Labour,3,0
commonswelshaff,commonswelshaff,Unknown,0,1
m_tisserand,m_tisserand,Unknown,0,1
stevedouble,stevedouble,Conservative,1,0
jeanmcameron,jeanmcameron,Unknown,0,1
richardburgon,richardburgon,Labour,1,0
poolehousing,poolehousing,Unknown,0,1
graham_galpin,graham_galpin,Unknown,0,1
claude_moraes,claude_moraes,Unknown,0,1
katiesdad52,katiesdad52,Unknown,0,1
tomheapmedia,tomheapmedia,Unknown,0,1
dr_philippaw,dr_philippaw,Scottish National Party,16,0
the2ndsource,the2ndsource,Unknown,0,1
jamie_wallis,jamie_wallis,Unknown,0,1
mimsdavies,mimsdavies,Conservative,7,2
85vickyc,85vickyc,Unknown,0,1
young_barnet,young_barnet,Unknown,0,1
nichstarling,nichstarling,Unknown,0,1
sunnyhillsw16,sunnyhillsw16,Unknown,0,1
philiphammonduk,philiphammonduk,Unknown,0,2
conservatives,conservatives,Unknown,0,11
stephenkb,stephenkb,Unknown,0,1
faulknerscape,faulknerscape,Unknown,0,1
wynprichard,wynprichard,Unknown,0,1
jeanetteorrey,jeanetteorrey,Unknown,0,1
gwynnemp,gwynnemp,Labour,16,2
yellabelly6,yellabelly6,Unknown,0,2
wearethemu,wearethemu,Unknown,0,1
carolynharris24,carolynharris24,Labour,10,1
inorby2020,inorby2020,Unknown,0,1
mikeamesburymp,mikeamesburymp,Labour,7,0
mattwestern_,mattwestern_,Labour,2,0
the_tuc,the_tuc,Unknown,0,1
mancity,mancity,Unknown,0,2
cardiffdrivers,cardiffdrivers,Unknown,0,1
fjbeecher,fjbeecher,Unknown,0,1
bccare,bccare,Unknown,0,1
ed_miliband,ed_miliband,Labour,3,1
paulwilliamslab,paulwilliamslab,Labour,1,0
chrism4chester,chrism4chester,Labour,1,0
normanlamb,normanlamb,Liberal Democrat,11,0
vincemaple,vincemaple,Unknown,0,1
insightbritish,insightbritish,Unknown,0,1
jessphillips,jessphillips,Labour,20,1
mallingsch,mallingsch,Unknown,0,1
dwppressoffice,dwppressoffice,Unknown,0,2
thestrokeassoc,thestrokeassoc,Unknown,0,1
kevinjbarron,kevinjbarron,Unknown,0,1
jvprimage,jvprimage,Unknown,0,1
actoflovemusic,actoflovemusic,Unknown,0,1
morfofporth,morfofporth,Unknown,0,1
dadbloguk,dadbloguk,Unknown,0,1
marcusfysh,marcusfysh,Conservative,2,0
scottishlabour,scottishlabour,Unknown,0,2
ian_fraser,ian_fraser,Unknown,0,1
aloksharma_rdg,aloksharma_rdg,Conservative,1,0
theresecoffey,theresecoffey,Conservative,2,0
keeleymp,keeleymp,Labour,3,1
lordwalney,lordwalney,Labour,7,2
thomasforth,thomasforth,Unknown,0,1
los_fisher,los_fisher,Unknown,0,1
afzal4gorton,afzal4gorton,Labour,3,0
walespolitics,walespolitics,Unknown,0,1
nishkamswat,nishkamswat,Unknown,0,1
envagencysw,envagencysw,Unknown,0,1
alanivinghoe,alanivinghoe,Unknown,0,1
chukaumunna,chukaumunna,Labour,5,0
ianj104,ianj104,Unknown,0,1
stbons,stbons,Unknown,0,1
thepooluk,thepooluk,Unknown,0,1
andyedwardsr14c,andyedwardsr14c,Unknown,0,1
albertocostamp,albertocostamp,Conservative,1,0
lilclairebear,lilclairebear,Unknown,0,1
cllrsalmaarif,cllrsalmaarif,Unknown,0,1
littlefinch63,littlefinch63,Unknown,0,1
walkerworcester,walkerworcester,Conservative,3,0
mymoray,mymoray,Unknown,0,1
cdml,cdml,Unknown,0,1
appgrefugees,appgrefugees,Unknown,0,3
angelarayner,angelarayner,Labour,1,5
danjarvismp,danjarvismp,Labour,3,1
braintreedc,braintreedc,Unknown,0,1
justintomlinson,justintomlinson,Unknown,0,1
edtechukhq,edtechukhq,Unknown,0,1
jprestondiggles,jprestondiggles,Unknown,0,1
se24sustenergy,se24sustenergy,Unknown,0,1
gavnewlandssnp,gavnewlandssnp,Scottish National Party,5,1
fabianleedsne,fabianleedsne,Labour,2,1
walesonline,walesonline,Unknown,0,1
aylesburygt,aylesburygt,Unknown,0,1
markbw_wy,markbw_wy,Unknown,0,1
rebeccaharrismp,rebeccaharrismp,Conservative,2,0
sigoma_lg,sigoma_lg,Unknown,0,1
ajogee,ajogee,Unknown,0,1
kevinbrennanmp,kevinbrennanmp,Labour,1,0
danieljhannan,danieljhannan,Unknown,0,1
steve_hawkes,steve_hawkes,Unknown,0,1
petronicolaides,petronicolaides,Unknown,0,1
sandidee25,sandidee25,Unknown,0,1
jliffe,jliffe,Unknown,0,1
tmbc_places,tmbc_places,Unknown,0,1
msrachelkelly,msrachelkelly,Unknown,0,1
j_donaldson_mp,j_donaldson_mp,Democratic Unionist Party,1,0
labour_mh,labour_mh,Unknown,0,2
