username,rt_count_Labour,rt_count_Conservative,rt_count_Scottish_National_Party,rt_count_Liberal_Democrat,rt_count_Plaid_Cymru,rt_count_Democratic_Unionist_Party,rt_count_Green_Party,party_value,rt_count_total,is_mp
conservatives,8,740,0,0,0,0,0,NA,748,FALSE
uklabour,692,0,0,0,0,0,0,NA,692,FALSE
labourpress,340,0,0,0,0,0,0,NA,340,FALSE
parlyapp,126,59,92,5,4,2,1,NA,289,FALSE
thesnp,0,2,275,0,1,0,0,NA,278,FALSE
10downingstreet,5,249,2,1,0,0,0,NA,257,FALSE
labourwhips,234,2,5,0,0,0,0,NA,241,FALSE
nicolasturgeon,1,2,210,0,0,0,0,NA,213,FALSE
cchqpress,5,206,0,0,0,0,0,NA,211,FALSE
bbcpolitics,98,46,25,5,0,1,1,NA,176,FALSE
bbclaurak,104,38,18,2,2,1,0,NA,165,FALSE
mirrorpolitics,157,3,2,0,0,0,0,NA,162,FALSE
skynews,73,54,10,4,0,0,0,NA,141,FALSE
faisalislam,93,23,18,1,0,0,1,NA,136,FALSE
gmb_union,131,0,1,1,0,0,0,NA,133,FALSE
channel4news,88,19,20,1,1,0,1,NA,130,FALSE
feorlean,1,0,125,0,0,0,0,NA,126,FALSE
houseofcommons,53,46,25,1,1,0,0,NA,126,FALSE
kevinaschofield,79,27,11,2,2,0,1,NA,122,FALSE
carriesymonds,0,121,0,0,0,0,0,NA,121,FALSE
paulwaugh,91,26,3,1,0,0,0,NA,121,FALSE
peston,85,17,11,2,0,0,0,NA,115,FALSE
labour_history,109,0,3,0,0,0,0,NA,112,FALSE
hendopolis,101,5,1,0,1,0,0,NA,108,FALSE
bbcnews,70,24,9,4,0,0,0,NA,107,FALSE
kevin_maguire,103,2,1,0,1,0,0,NA,107,FALSE
tnewtondunn,46,55,5,1,0,0,0,NA,107,FALSE
guardian,81,11,10,2,1,0,1,NA,106,FALSE
pickardje,83,17,4,2,0,0,0,NA,106,FALSE
tradegovuk,0,104,1,0,0,0,0,NA,105,FALSE
libdems,15,12,0,74,0,0,0,NA,101,FALSE
sadiqkhan,96,4,0,0,0,0,0,NA,100,FALSE
standup4brexit,0,100,0,0,0,0,0,NA,100,FALSE
defragovuk,1,92,0,1,0,0,1,NA,95,FALSE
hmtreasury,5,89,0,0,0,1,0,NA,95,FALSE
dfid_uk,0,94,0,0,0,0,0,NA,94,FALSE
bethrigby,48,42,1,1,1,0,0,NA,93,FALSE
bbcnewsnight,51,24,15,1,0,0,0,NA,91,FALSE
guidofawkes,8,79,1,2,0,0,0,NA,90,FALSE
samcoatessky,55,22,12,1,0,0,0,NA,90,FALSE
afneil,19,63,4,0,0,1,0,NA,87,FALSE
carolecadwalla,66,4,14,2,0,0,0,NA,86,FALSE
britainelects,47,24,7,6,1,0,0,NA,85,FALSE
dpjhodges,27,57,1,0,0,0,0,NA,85,FALSE
plaid_cymru,1,0,8,0,75,0,1,NA,85,FALSE
welshlabour,82,0,0,0,0,0,0,NA,82,FALSE
beisgovuk,0,79,0,0,0,0,0,NA,79,FALSE
independent,67,5,4,1,1,0,1,NA,79,FALSE
fisherandrew79,76,0,0,0,0,0,0,NA,76,FALSE
politicshome,45,21,6,0,0,1,1,NA,74,FALSE
bbcr4today,35,32,3,1,0,0,1,NA,72,FALSE
brexitcentral,2,70,0,0,0,0,0,NA,72,FALSE
fcdogovuk,8,64,0,0,0,0,0,NA,72,FALSE
paulbranditv,54,15,2,0,1,0,0,NA,72,FALSE
dcms,1,69,1,0,0,0,0,NA,71,FALSE
owenjones84,64,4,2,0,0,0,1,NA,71,FALSE
scotnational,0,1,70,0,0,0,0,NA,71,FALSE
mrjohnnicolson,2,1,65,0,2,0,0,NA,70,FALSE
campbellclaret,59,3,5,1,0,0,0,NA,68,FALSE
scottishlabour,66,0,2,0,0,0,0,NA,68,FALSE
ukhomeoffice,5,62,1,0,0,0,0,NA,68,FALSE
andrew_adonis,48,10,5,2,2,0,0,NA,67,FALSE
timesredbox,30,28,6,1,1,0,1,NA,67,FALSE
lewis_goodall,52,5,7,0,0,0,0,NA,64,FALSE
peterstefanovi2,59,0,4,0,0,0,0,NA,63,FALSE
educationgovuk,3,58,0,0,0,0,0,NA,61,FALSE
iaindale,13,45,0,3,0,0,0,NA,61,FALSE
the_tuc,60,0,1,0,0,0,0,NA,61,FALSE
mhclg,1,59,0,0,0,0,0,NA,60,FALSE
bbcquestiontime,34,14,7,0,1,1,2,NA,59,FALSE
mrjamesob,45,3,9,1,1,0,0,NA,59,FALSE
tomfrench85,0,0,58,0,0,0,0,NA,58,FALSE
coopparty,57,0,0,0,0,0,0,NA,57,FALSE
itvnews,31,22,4,0,0,0,0,NA,57,FALSE
labourrichard,55,0,2,0,0,0,0,NA,57,FALSE
telegraph,18,31,6,0,0,1,0,NA,56,FALSE
wallaceme,1,54,0,0,0,0,0,NA,55,FALSE
dwppressoffice,1,52,0,0,1,0,0,NA,54,FALSE
defencehq,2,51,0,0,0,0,0,NA,53,FALSE
georgeeaton,48,5,0,0,0,0,0,NA,53,FALSE
iandunt,35,3,14,0,1,0,0,NA,53,FALSE
jeremycorbyn,703,5,4,1,0,0,0,Labour,713,TRUE
jonashworth,314,0,0,0,0,0,0,Labour,314,TRUE
borisjohnson,15,267,0,0,0,0,0,Conservative,282,TRUE
johnmcdonnellmp,247,3,0,0,0,0,0,Labour,250,TRUE
keir_starmer,230,3,1,1,1,0,0,Labour,236,TRUE
stewartmcdonald,6,9,202,0,0,0,0,Scottish National Party,217,TRUE
davidlammy,195,10,6,0,1,0,0,Labour,212,TRUE
angelarayner,197,6,1,0,0,0,0,Labour,204,TRUE
theresa_may,5,193,0,0,0,0,0,Conservative,198,TRUE
gwynnemp,189,2,1,0,0,0,0,Labour,192,TRUE
chukaumunna,161,10,1,3,0,0,0,Labour,175,TRUE
tom_watson,166,4,2,0,0,0,0,Labour,172,TRUE
jamescleverly,8,155,0,0,0,0,0,Conservative,163,TRUE
louhaigh,143,2,1,0,0,0,0,Labour,146,TRUE
matthancock,1,134,0,0,0,0,0,Conservative,135,TRUE
wesstreeting,122,5,4,0,0,0,0,Labour,131,TRUE
jeremy_hunt,3,124,1,0,0,0,0,Conservative,128,TRUE
jessphillips,118,6,4,0,0,0,0,Labour,128,TRUE
nsoames,5,121,0,0,0,0,0,Conservative,126,TRUE
dianajohnsonmp,123,0,0,0,0,0,0,Labour,123,TRUE
sajidjavid,10,106,1,0,0,0,0,Conservative,117,TRUE
joannaccherry,1,0,109,1,4,0,0,Scottish National Party,115,TRUE
yvettecoopermp,108,5,2,0,0,0,0,Labour,115,TRUE
brandonlewis,5,107,1,0,0,1,0,Conservative,114,TRUE
pauljsweeney,110,0,4,0,0,0,0,Labour,114,TRUE
keeleymp,113,0,0,0,0,0,0,Labour,113,TRUE
alisonthewliss,7,0,104,0,0,0,0,Scottish National Party,111,TRUE
stevebakerhw,1,105,0,0,0,0,0,Conservative,106,TRUE
angusmacneilsnp,3,0,102,0,0,0,0,Scottish National Party,105,TRUE
hackneyabbott,101,2,0,0,0,0,0,Labour,103,TRUE
halfon4harlowmp,7,94,0,0,0,0,0,Conservative,101,TRUE
richardburgon,98,0,0,0,0,0,0,Labour,98,TRUE
carolynharris24,90,2,4,0,0,0,0,Labour,96,TRUE
liambyrnemp,96,0,0,0,0,0,0,Labour,96,TRUE
annaturley,82,6,0,0,0,0,0,Labour,88,TRUE
marycreagh_,84,1,0,0,0,0,0,Labour,85,TRUE
gordonmarsden,84,0,0,0,0,0,0,Labour,84,TRUE
lucianaberger,77,2,1,4,0,0,0,Labour,84,TRUE
andymcdonaldmp,82,0,0,0,0,0,0,Labour,82,TRUE
nickboles,21,58,0,2,1,0,0,Conservative,82,TRUE
rorystewartuk,4,77,1,0,0,0,0,Conservative,82,TRUE
ianblackford_mp,0,0,80,0,0,0,0,Scottish National Party,80,TRUE
thangammp,76,2,0,1,0,0,0,Labour,79,TRUE
lukepollard,74,4,0,0,0,0,0,Labour,78,TRUE
tomtugendhat,11,61,6,0,0,0,0,Conservative,78,TRUE
alison_mcgovern,76,0,1,0,0,0,0,Labour,77,TRUE
anna_soubry,40,22,13,1,0,0,0,Conservative,76,TRUE
hilarybennmp,68,3,1,0,2,0,0,Labour,74,TRUE
petewishart,0,1,72,0,1,0,0,Scottish National Party,74,TRUE
benpbradshaw,67,3,1,0,1,0,0,Labour,72,TRUE
bill_esterson,70,0,0,1,0,0,0,Labour,71,TRUE
johnnymerceruk,4,67,0,0,0,0,0,Conservative,71,TRUE
cpjelmore,69,0,0,0,1,0,0,Labour,70,TRUE
robertjenrick,1,68,0,0,0,0,0,Conservative,69,TRUE
sarahwollaston,34,31,0,1,0,0,0,Conservative,66,TRUE
georgefreemanmp,5,59,1,0,0,0,0,Conservative,65,TRUE
rhonddabryant,58,6,0,1,0,0,0,Labour,65,TRUE
davidlinden,2,4,57,0,1,0,0,Scottish National Party,64,TRUE
greghands,2,62,0,0,0,0,0,Conservative,64,TRUE
sdoughtymp,63,0,0,0,0,0,0,Labour,63,TRUE
sharonhodgsonmp,62,1,0,0,0,0,0,Labour,63,TRUE
trussliz,3,57,2,0,0,0,0,Conservative,62,TRUE
drrosena,60,1,0,0,0,0,0,Labour,61,TRUE
jackdromeymp,60,0,0,0,0,0,0,Labour,60,TRUE
lucympowell,49,11,0,0,0,0,0,Labour,60,TRUE
rlong_bailey,60,0,0,0,0,0,0,Labour,60,TRUE
johnhealey_mp,59,0,0,0,0,0,0,Labour,59,TRUE
marshadecordova,59,0,0,0,0,0,0,Labour,59,TRUE
sarahchampionmp,56,3,0,0,0,0,0,Labour,59,TRUE
stellacreasy,50,2,2,4,0,0,0,Labour,58,TRUE
toniaantoniazzi,56,1,1,0,0,0,0,Labour,58,TRUE
joswinson,13,9,2,32,0,0,1,Liberal Democrat,57,TRUE
dominicraab,0,55,0,0,0,0,0,Conservative,55,TRUE
kirstysnp,0,0,55,0,0,0,0,Scottish National Party,55,TRUE
neilgraysnp,1,3,50,1,0,0,0,Scottish National Party,55,TRUE
jostevenslabour,51,2,0,0,0,0,0,Labour,53,TRUE
karenpbuckmp,52,1,0,0,0,0,0,Labour,53,TRUE
tracybrabin,53,0,0,0,0,0,0,Labour,53,TRUE
amberrudduk,2,46,3,0,0,0,0,Conservative,51,TRUE
debbie_abrahams,50,0,0,0,0,0,0,Labour,50,TRUE
hannahb4livimp,4,0,46,0,0,0,0,Scottish National Party,50,TRUE
labourlewis,49,0,1,0,0,0,0,Labour,50,TRUE
lizmcinnes60,49,1,0,0,0,0,0,Labour,50,TRUE
chrisleslieuk,39,9,0,1,0,0,0,Labour,49,TRUE
emilythornberry,49,0,0,0,0,0,0,Labour,49,TRUE
jimfromoldham,49,0,0,0,0,0,0,Labour,49,TRUE
lisanandy,44,3,1,0,0,0,0,Labour,48,TRUE
richardhrbenyon,0,47,1,0,0,0,0,Conservative,48,TRUE
dawnbutlerbrent,47,0,0,0,0,0,0,Labour,47,TRUE
ianclucas,47,0,0,0,0,0,0,Labour,47,TRUE
chionwurah,45,0,1,0,0,0,0,Labour,46,TRUE
dancardenmp,45,1,0,0,0,0,0,Labour,46,TRUE
laurapidcock,45,0,0,0,0,0,0,Labour,45,TRUE
mikegapes,36,8,0,0,0,0,0,Labour,44,TRUE
petergrantmp,0,2,39,0,3,0,0,Scottish National Party,44,TRUE
vickyford,2,42,0,0,0,0,0,Conservative,44,TRUE
zacgoldsmith,0,44,0,0,0,0,0,Conservative,44,TRUE
harrietharman,33,5,2,2,0,0,0,Labour,42,TRUE
lordianaustin,26,16,0,0,0,0,0,Labour,42,TRUE
philiphammonduk,2,38,1,1,0,0,0,Conservative,42,TRUE
rachelreevesmp,42,0,0,0,0,0,0,Labour,42,TRUE
alexsobel,39,1,0,1,0,0,0,Labour,41,TRUE
liamfox,2,39,0,0,0,0,0,Conservative,41,TRUE
lordwalney,35,6,0,0,0,0,0,Labour,41,TRUE
mtpennycook,40,0,0,0,0,0,0,Labour,40,TRUE
nicktorfaen,40,0,0,0,0,0,0,Labour,40,TRUE
willquince,1,39,0,0,0,0,0,Conservative,40,TRUE
gavnewlandssnp,2,0,37,0,0,0,0,Scottish National Party,39,TRUE
guyopperman,0,39,0,0,0,0,0,Conservative,39,TRUE
tandhesi,38,0,0,0,1,0,0,Labour,39,TRUE
peterkyle,34,3,0,0,0,0,1,Labour,38,TRUE
carolinelucas,4,3,18,1,4,0,7,Green Party,37,TRUE
drewhendrysnp,1,1,35,0,0,0,0,Scottish National Party,37,TRUE
karlturnermp,37,0,0,0,0,0,0,Labour,37,TRUE
owenpaterson,1,36,0,0,0,0,0,Conservative,37,TRUE
pennymordaunt,0,37,0,0,0,0,0,Conservative,37,TRUE
simonclarkemp,7,30,0,0,0,0,0,Conservative,37,TRUE
ed_miliband,35,0,1,0,0,0,0,Labour,36,TRUE
eddiehughes4wn,1,35,0,0,0,0,0,Conservative,36,TRUE
hywelplaidcymru,1,0,2,0,33,0,0,Plaid Cymru,36,TRUE
martinjdocherty,1,0,35,0,0,0,0,Scottish National Party,36,TRUE
kerrymp,35,0,0,0,0,0,0,Labour,35,TRUE
nickymorgan01,4,31,0,0,0,0,0,Conservative,35,TRUE
alistairburtuk,10,24,0,0,0,0,0,Conservative,34,TRUE
lynbrownmp,34,0,0,0,0,0,0,Labour,34,TRUE
skinnock,29,3,2,0,0,0,0,Labour,34,TRUE
afzal4gorton,32,1,0,0,0,0,0,Labour,33,TRUE
angelaeagle,33,0,0,0,0,0,0,Labour,33,TRUE
nicdakin55,33,0,0,0,0,0,0,Labour,33,TRUE
paulwilliamslab,32,0,0,1,0,0,0,Labour,33,TRUE
samgyimah,8,25,0,0,0,0,0,Conservative,33,TRUE
cmonaghansnp,0,0,32,0,0,0,0,Scottish National Party,32,TRUE
gloriadepiero,30,2,0,0,0,0,0,Labour,32,TRUE
damianhinds,0,31,0,0,0,0,0,Conservative,31,TRUE
liliangreenwood,30,1,0,0,0,0,0,Labour,31,TRUE
ianlaverymp,30,0,0,0,0,0,0,Labour,30,TRUE
rupahuq,28,0,0,2,0,0,0,Labour,30,TRUE
andrealeadsom,2,27,0,0,0,0,0,Conservative,29,TRUE
bbradley_mans,3,26,0,0,0,0,0,Conservative,29,TRUE
deidrebrock,0,0,29,0,0,0,0,Scottish National Party,29,TRUE
dr_philippaw,0,0,29,0,0,0,0,Scottish National Party,29,TRUE
justinmadders,28,1,0,0,0,0,0,Labour,29,TRUE
laurasmithcrewe,29,0,0,0,0,0,0,Labour,29,TRUE
leicesterliz,28,1,0,0,0,0,0,Labour,29,TRUE
lucyallan,2,27,0,0,0,0,0,Conservative,29,TRUE
marcusfysh,0,28,1,0,0,0,0,Conservative,29,TRUE
patmcfaddenmp,28,1,0,0,0,0,0,Labour,29,TRUE
danirowley,28,0,0,0,0,0,0,Labour,28,TRUE
gradysnp,0,0,28,0,0,0,0,Scottish National Party,28,TRUE
johnredwood,1,27,0,0,0,0,0,Conservative,28,TRUE
laboursj,28,0,0,0,0,0,0,Labour,28,TRUE
niagriffithmp,28,0,0,0,0,0,0,Labour,28,TRUE
peter_dowd,28,0,0,0,0,0,0,Labour,28,TRUE
philwilsonxmp,28,0,0,0,0,0,0,Labour,28,TRUE
emmahardymp,25,2,0,0,0,0,0,Labour,27,TRUE
michaelgove,1,25,1,0,0,0,0,Conservative,27,TRUE
suehayman1,27,0,0,0,0,0,0,Labour,27,TRUE
stevereedmp,23,2,0,1,0,0,0,Labour,26,TRUE
votepursglove,1,25,0,0,0,0,0,Conservative,26,TRUE
heidi_ldn,24,0,0,1,0,0,0,Labour,25,TRUE
tulipsiddiq,24,0,1,0,0,0,0,Labour,25,TRUE
davidgauke,5,19,0,0,0,0,0,Conservative,24,TRUE
gareththomasmp,24,0,0,0,0,0,0,Labour,24,TRUE
karen_karenelee,24,0,0,0,0,0,0,Labour,24,TRUE
lsrplaid,3,0,3,0,18,0,0,Plaid Cymru,24,TRUE
margarethodge,19,5,0,0,0,0,0,Labour,24,TRUE
mimsdavies,2,22,0,0,0,0,0,Conservative,24,TRUE
neildotobrien,0,24,0,0,0,0,0,Conservative,24,TRUE
onnmel,23,1,0,0,0,0,0,Labour,24,TRUE
scullyp,0,23,0,1,0,0,0,Conservative,24,TRUE
stephengethins,0,1,23,0,0,0,0,Scottish National Party,24,TRUE
andrewbowie_mp,0,20,3,0,0,0,0,Conservative,23,TRUE
chrislawsnp,1,0,22,0,0,0,0,Scottish National Party,23,TRUE
derbychrisw,22,0,1,0,0,0,0,Labour,23,TRUE
geraintdaviesmp,23,0,0,0,0,0,0,Labour,23,TRUE
joplattleigh,23,0,0,0,0,0,0,Labour,23,TRUE
margot_james_,1,22,0,0,0,0,0,Conservative,23,TRUE
thomasbrake,0,2,1,20,0,0,0,Liberal Democrat,23,TRUE
tracey_crouch,4,19,0,0,0,0,0,Conservative,23,TRUE
annietrev,0,21,1,0,0,0,0,Conservative,22,TRUE
davidcrausby,22,0,0,0,0,0,0,Labour,22,TRUE
edwardjdavey,2,1,0,19,0,0,0,Liberal Democrat,22,TRUE
rthondavehanson,21,1,0,0,0,0,0,Labour,22,TRUE
thelma_dwalker,22,0,0,0,0,0,0,Labour,22,TRUE
tommysheppard,0,0,22,0,0,0,0,Scottish National Party,22,TRUE
angelacrawley30,1,0,20,0,0,0,0,Scottish National Party,21,TRUE
emmadentcoad,20,1,0,0,0,0,0,Labour,21,TRUE
helenhayes_,21,0,0,0,0,0,0,Labour,21,TRUE
jon_trickett,21,0,0,0,0,0,0,Labour,21,TRUE
laylamoran,0,0,1,20,0,0,0,Liberal Democrat,21,TRUE
nazshahbfd,21,0,0,0,0,0,0,Labour,21,TRUE
rossthomson_abz,0,16,5,0,0,0,0,Conservative,21,TRUE
esthermcvey1,1,19,0,0,0,0,0,Conservative,20,TRUE
gavinwilliamson,1,19,0,0,0,0,0,Conservative,20,TRUE
ianmurraymp,19,0,1,0,0,0,0,Labour,20,TRUE
jamesfrith,16,4,0,0,0,0,0,Labour,20,TRUE
karinsmyth,20,0,0,0,0,0,0,Labour,20,TRUE
mgreenwoodww,20,0,0,0,0,0,0,Labour,20,TRUE
mhairiblack,1,0,19,0,0,0,0,Scottish National Party,20,TRUE
nadhimzahawi,1,19,0,0,0,0,0,Conservative,20,TRUE
nus_ghani,1,19,0,0,0,0,0,Conservative,20,TRUE
tobyperkinsmp,18,2,0,0,0,0,0,Labour,20,TRUE
albertowen2020,18,0,0,0,1,0,0,Labour,19,TRUE
conormcginn,18,1,0,0,0,0,0,Labour,19,TRUE
dougchapmansnp,1,0,18,0,0,0,0,Scottish National Party,19,TRUE
heidiallen75,8,9,2,0,0,0,0,Conservative,19,TRUE
meaglemp,19,0,0,0,0,0,0,Labour,19,TRUE
carolineflint,8,10,0,0,0,0,0,Labour,18,TRUE
cskidmoreuk,0,18,0,0,0,0,0,Conservative,18,TRUE
hollylynch5,18,0,0,0,0,0,0,Labour,18,TRUE
jbrokenshire,0,17,0,0,0,1,0,Conservative,18,TRUE
jessicamordenmp,18,0,0,0,0,0,0,Labour,18,TRUE
kevinbrennanmp,17,1,0,0,0,0,0,Labour,18,TRUE
lordjohnmann,12,6,0,0,0,0,0,Labour,18,TRUE
mike_fabricant,1,17,0,0,0,0,0,Conservative,18,TRUE
seemamalhotra1,17,1,0,0,0,0,0,Labour,18,TRUE
annamcmorrin,17,0,0,0,0,0,0,Labour,17,TRUE
grahamemorris,16,1,0,0,0,0,0,Labour,17,TRUE
huddlestonnigel,0,17,0,0,0,0,0,Conservative,17,TRUE
iowbobseely,2,15,0,0,0,0,0,Conservative,17,TRUE
john2win,0,14,3,0,0,0,0,Conservative,17,TRUE
ruthcadbury,17,0,0,0,0,0,0,Labour,17,TRUE
siobhain_mc,17,0,0,0,0,0,0,Labour,17,TRUE
stevebarclay,2,15,0,0,0,0,0,Conservative,17,TRUE
stevedouble,0,17,0,0,0,0,0,Conservative,17,TRUE
stuart_mcdonald,0,0,17,0,0,0,0,Scottish National Party,17,TRUE
tobias_ellwood,1,16,0,0,0,0,0,Conservative,17,TRUE
victoriaprentis,0,17,0,0,0,0,0,Conservative,17,TRUE
bobblackman,2,14,0,0,0,0,0,Conservative,16,TRUE
catmckinnell,16,0,0,0,0,0,0,Labour,16,TRUE
cphilpofficial,3,13,0,0,0,0,0,Conservative,16,TRUE
emmalewellbuck,16,0,0,0,0,0,0,Labour,16,TRUE
jsheappey,0,16,0,0,0,0,0,Conservative,16,TRUE
meljstride,0,16,0,0,0,0,0,Conservative,16,TRUE
anneliesedodds,15,0,0,0,0,0,0,Labour,15,TRUE
bernardjenkin,0,15,0,0,0,0,0,Conservative,15,TRUE
bphillipsonmp,15,0,0,0,0,0,0,Labour,15,TRUE
cliveefford,15,0,0,0,0,0,0,Labour,15,TRUE
drphilliplee,6,9,0,0,0,0,0,Conservative,15,TRUE
faisal__rashid,15,0,0,0,0,0,0,Labour,15,TRUE
gareth_snell,14,1,0,0,0,0,0,Labour,15,TRUE
jesse_norman,0,15,0,0,0,0,0,Conservative,15,TRUE
lindsayhoyle_mp,10,4,1,0,0,0,0,Labour,15,TRUE
paulasherriff,15,0,0,0,0,0,0,Labour,15,TRUE
preetkgillmp,15,0,0,0,0,0,0,Labour,15,TRUE
rblackmanwoods,15,0,0,0,0,0,0,Labour,15,TRUE
redditchrachel,0,15,0,0,0,0,0,Conservative,15,TRUE
seemakennedy,1,14,0,0,0,0,0,Conservative,15,TRUE
simon4ndorset,1,14,0,0,0,0,0,Conservative,15,TRUE
stewarthosiesnp,0,0,15,0,0,0,0,Scottish National Party,15,TRUE
catharinehoey,1,13,0,0,0,0,0,Labour,14,TRUE
chrisstephens,2,0,12,0,0,0,0,Scottish National Party,14,TRUE
coyleneil,13,1,0,0,0,0,0,Labour,14,TRUE
damiancollins,8,5,1,0,0,0,0,Conservative,14,TRUE
darrenpjones,14,0,0,0,0,0,0,Labour,14,TRUE
dlidington,0,13,1,0,0,0,0,Conservative,14,TRUE
helengoodmanba,14,0,0,0,0,0,0,Labour,14,TRUE
ianmearnsmp,14,0,0,0,0,0,0,Labour,14,TRUE
johnglenuk,0,13,1,0,0,0,0,Conservative,14,TRUE
jojohnsonuk,2,12,0,0,0,0,0,Conservative,14,TRUE
kevinhollinrake,1,13,0,0,0,0,0,Conservative,14,TRUE
mikeamesburymp,14,0,0,0,0,0,0,Labour,14,TRUE
sandbach,4,10,0,0,0,0,0,Conservative,14,TRUE
theresecoffey,1,13,0,0,0,0,0,Conservative,14,TRUE
vernon_coaker,14,0,0,0,0,0,0,Labour,14,TRUE
vincecable,1,1,0,12,0,0,0,Liberal Democrat,14,TRUE
annclwyd,12,1,0,0,0,0,0,Labour,13,TRUE
bambos_mp,13,0,0,0,0,0,0,Labour,13,TRUE
barrygardiner,13,0,0,0,0,0,0,Labour,13,TRUE
catherinewest1,12,1,0,0,0,0,0,Labour,13,TRUE
daviddavismp,1,12,0,0,0,0,0,Conservative,13,TRUE
davidedrew,12,1,0,0,0,0,0,Labour,13,TRUE
eleanor4epping,0,13,0,0,0,0,0,Conservative,13,TRUE
hbaldwin,0,12,1,0,0,0,0,Conservative,13,TRUE
helen_whately,0,13,0,0,0,0,0,Conservative,13,TRUE
jakeberry,0,13,0,0,0,0,0,Conservative,13,TRUE
juliansmithuk,1,11,1,0,0,0,0,Conservative,13,TRUE
pritipatel,1,12,0,0,0,0,0,Conservative,13,TRUE
angelasmithmp,11,1,0,0,0,0,0,Labour,12,TRUE
brendanoharamp,0,0,12,0,0,0,0,Scottish National Party,12,TRUE
conorburnsuk,2,10,0,0,0,0,0,Conservative,12,TRUE
danjarvismp,12,0,0,0,0,0,0,Labour,12,TRUE
david_duguid,0,11,1,0,0,0,0,Conservative,12,TRUE
elliereeves,12,0,0,0,0,0,0,Labour,12,TRUE
kitmalthouse,0,12,0,0,0,0,0,Conservative,12,TRUE
nadams,0,12,0,0,0,0,0,Conservative,12,TRUE
ronniecowan,1,1,9,0,1,0,0,Scottish National Party,12,TRUE
ruthsmeeth,11,1,0,0,0,0,0,Labour,12,TRUE
stephenmorganmp,11,1,0,0,0,0,0,Labour,12,TRUE
vickyfoxcroft,12,0,0,0,0,0,0,Labour,12,TRUE
walkerworcester,0,12,0,0,0,0,0,Conservative,12,TRUE
garystreeterswd,2,9,0,0,0,0,0,Conservative,11,TRUE
huwmerriman,0,11,0,0,0,0,0,Conservative,11,TRUE
marionfellows,0,0,11,0,0,0,0,Scottish National Party,11,TRUE
nickhurduk,0,11,0,0,0,0,0,Conservative,11,TRUE
nigeldoddsdup,1,5,0,0,0,5,0,Democratic Unionist Party,11,TRUE
rachaelmaskell,10,1,0,0,0,0,0,Labour,11,TRUE
richardgrahamuk,0,11,0,0,0,0,0,Conservative,11,TRUE
s_hammond,0,10,1,0,0,0,0,Conservative,11,TRUE
acunninghammp,10,0,0,0,0,0,0,Labour,10,TRUE
andrewrosindell,2,8,0,0,0,0,0,Conservative,10,TRUE
douglas4moray,0,8,2,0,0,0,0,Conservative,10,TRUE
eleanor_smith55,10,0,0,0,0,0,0,Labour,10,TRUE
henrysmithuk,0,10,0,0,0,0,0,Conservative,10,TRUE
justinegreening,2,8,0,0,0,0,0,Conservative,10,TRUE
justintomlinson,0,10,0,0,0,0,0,Conservative,10,TRUE
mariamilleruk,2,8,0,0,0,0,0,Conservative,10,TRUE
robertcourts,0,10,0,0,0,0,0,Conservative,10,TRUE
stephenlloydebn,0,0,0,10,0,0,0,Liberal Democrat,10,TRUE
cgreenuk,0,9,0,0,0,0,0,Conservative,9,TRUE
chhcalling,0,8,1,0,0,0,0,Conservative,9,TRUE
fitz_xmp,9,0,0,0,0,0,0,Labour,9,TRUE
kategreensu,8,1,0,0,0,0,0,Labour,9,TRUE
leodochertyuk,0,9,0,0,0,0,0,Conservative,9,TRUE
royston_smith,0,9,0,0,0,0,0,Conservative,9,TRUE
sandyofipswich,9,0,0,0,0,0,0,Labour,9,TRUE
stephentwigg,8,0,1,0,0,0,0,Labour,9,TRUE
suellabraverman,0,9,0,0,0,0,0,Conservative,9,TRUE
waynedavid_mp,9,0,0,0,0,0,0,Labour,9,TRUE
wera_hobhouse,0,0,0,9,0,0,0,Liberal Democrat,9,TRUE
bimafolami,0,8,0,0,0,0,0,Conservative,8,TRUE
cajardinemp,0,0,4,4,0,0,0,Liberal Democrat,8,TRUE
damiangreen,0,8,0,0,0,0,0,Conservative,8,TRUE
davidmundelldct,1,6,1,0,0,0,0,Conservative,8,TRUE
dunne4ludlow,1,7,0,0,0,0,0,Conservative,8,TRUE
geraldjoneslab,8,0,0,0,0,0,0,Labour,8,TRUE
hughgaffneyccb,8,0,0,0,0,0,0,Labour,8,TRUE
hugoswire,0,8,0,0,0,0,0,Conservative,8,TRUE
joanryanenfield,8,0,0,0,0,0,0,Labour,8,TRUE
kevinjbarron,7,1,0,0,0,0,0,Labour,8,TRUE
lukegrahamuk,0,7,1,0,0,0,0,Conservative,8,TRUE
mark_j_harper,0,8,0,0,0,0,0,Conservative,8,TRUE
nickherbertcbe,0,8,0,0,0,0,0,Conservative,8,TRUE
siralanduncan,0,8,0,0,0,0,0,Conservative,8,TRUE
steph_peacock,8,0,0,0,0,0,0,Labour,8,TRUE
alexnorrisnn,7,0,0,0,0,0,0,Labour,7,TRUE
chris_evansmp,7,0,0,0,0,0,0,Labour,7,TRUE
chrisruane58,7,0,0,0,0,0,0,Labour,7,TRUE
cj_dinenage,0,7,0,0,0,0,0,Conservative,7,TRUE
davidmorrisml,0,7,0,0,0,0,0,Conservative,7,TRUE
edwardleighmp,0,7,0,0,0,0,0,Conservative,7,TRUE
gilliankeegan,0,7,0,0,0,0,0,Conservative,7,TRUE
grahamstuart,0,7,0,0,0,0,0,Conservative,7,TRUE
heatherwheeler,1,6,0,0,0,0,0,Conservative,7,TRUE
kevanjonesmp,7,0,0,0,0,0,0,Labour,7,TRUE
liztwistmp,7,0,0,0,0,0,0,Labour,7,TRUE
madeleinemoon,7,0,0,0,0,0,0,Labour,7,TRUE
normanlamb,1,5,0,1,0,0,0,Liberal Democrat,7,TRUE
paulblomfieldmp,7,0,0,0,0,0,0,Labour,7,TRUE
richardburden27,7,0,0,0,0,0,0,Labour,7,TRUE
alanbrownsnp,0,1,5,0,0,0,0,Scottish National Party,6,TRUE
andrew4pendle,0,6,0,0,0,0,0,Conservative,6,TRUE
benmlake,0,0,0,0,6,0,0,Plaid Cymru,6,TRUE
carolinenokes,1,5,0,0,0,0,0,Conservative,6,TRUE
cwhittaker_mp,0,6,0,0,0,0,0,Conservative,6,TRUE
emmaereynolds,6,0,0,0,0,0,0,Labour,6,TRUE
frankfieldteam,4,2,0,0,0,0,0,Labour,6,TRUE
gedk,6,0,0,0,0,0,0,Labour,6,TRUE
grantshapps,1,5,0,0,0,0,0,Conservative,6,TRUE
jamesduddridge,1,4,1,0,0,0,0,Conservative,6,TRUE
lesleylaird,5,0,1,0,0,0,0,Labour,6,TRUE
marcus4nuneaton,0,6,0,0,0,0,0,Conservative,6,TRUE
markfielduk,0,6,0,0,0,0,0,Conservative,6,TRUE
metcalfe_sbet,0,5,0,1,0,0,0,Conservative,6,TRUE
michael4mdnp,0,6,0,0,0,0,0,Conservative,6,TRUE
mikekanemp,6,0,0,0,0,0,0,Labour,6,TRUE
peternorthdevon,0,6,0,0,0,0,0,Conservative,6,TRUE
pgibsonsnp,0,0,6,0,0,0,0,Scottish National Party,6,TRUE
robertbuckland,1,5,0,0,0,0,0,Conservative,6,TRUE
scrabbpembs,0,6,0,0,0,0,0,Conservative,6,TRUE
timfarron,1,1,0,4,0,0,0,Liberal Democrat,6,TRUE
alanwhiteheadmp,5,0,0,0,0,0,0,Labour,5,TRUE
andreajenkyns,0,5,0,0,0,0,0,Conservative,5,TRUE
anncoffey,5,0,0,0,0,0,0,Labour,5,TRUE
annemariemorris,0,5,0,0,0,0,0,Conservative,5,TRUE
barrysheerman,5,0,0,0,0,0,0,Labour,5,TRUE
blaenaugwentmp,4,1,0,0,0,0,0,Labour,5,TRUE
chrism4chester,5,0,0,0,0,0,0,Labour,5,TRUE
cmackinlay,1,4,0,0,0,0,0,Conservative,5,TRUE
dkshrewsbury,0,4,1,0,0,0,0,Conservative,5,TRUE
edvaizey,0,5,0,0,0,0,0,Conservative,5,TRUE
jamie4north,0,0,1,4,0,0,0,Liberal Democrat,5,TRUE
jeffsmithetc,5,0,0,0,0,0,0,Labour,5,TRUE
johncryermp,5,0,0,0,0,0,0,Labour,5,TRUE
julialopezmp,0,5,0,0,0,0,0,Conservative,5,TRUE
julianknight15,0,5,0,0,0,0,0,Conservative,5,TRUE
julieelliottmp,4,1,0,0,0,0,0,Labour,5,TRUE
kemibadenoch,0,5,0,0,0,0,0,Conservative,5,TRUE
kevin_j_foster,2,3,0,0,0,0,0,Conservative,5,TRUE
lee4ned,1,4,0,0,0,0,0,Conservative,5,TRUE
marklancastermk,0,5,0,0,0,0,0,Conservative,5,TRUE
marktamimp,5,0,0,0,0,0,0,Labour,5,TRUE
mattwestern_,5,0,0,0,0,0,0,Labour,5,TRUE
nigelmp,0,5,0,0,0,0,0,Conservative,5,TRUE
pow_rebecca,0,5,0,0,0,0,0,Conservative,5,TRUE
rehman_chishti,0,5,0,0,0,0,0,Conservative,5,TRUE
rushanaraali,5,0,0,0,0,0,0,Labour,5,TRUE
spellar,4,1,0,0,0,0,0,Labour,5,TRUE
steve_mccabe,4,0,1,0,0,0,0,Labour,5,TRUE
yasminqureshimp,4,0,1,0,0,0,0,Labour,5,TRUE
albertocostamp,0,4,0,0,0,0,0,Conservative,4,TRUE
aloksharma_rdg,0,4,0,0,0,0,0,Conservative,4,TRUE
brinemp,0,4,0,0,0,0,0,Conservative,4,TRUE
bwallacemp,0,3,1,0,0,0,0,Conservative,4,TRUE
craig4nwarks,1,3,0,0,0,0,0,Conservative,4,TRUE
davidtcdavies,0,4,0,0,0,0,0,Conservative,4,TRUE
gregclarkmp,0,3,0,1,0,0,0,Conservative,4,TRUE
hammersmithandy,4,0,0,0,0,0,0,Labour,4,TRUE
helengrantmp,0,4,0,0,0,0,0,Conservative,4,TRUE
jackiedp,0,4,0,0,0,0,0,Conservative,4,TRUE
jacob_rees_mogg,1,3,0,0,0,0,0,Conservative,4,TRUE
jamesmorris,0,4,0,0,0,0,0,Conservative,4,TRUE
jc4southsuffolk,0,4,0,0,0,0,0,Conservative,4,TRUE
jennychapman,4,0,0,0,0,0,0,Labour,4,TRUE
jhowelluk,0,4,0,0,0,0,0,Conservative,4,TRUE
jreynoldsmp,4,0,0,0,0,0,0,Labour,4,TRUE
judithcummins,4,0,0,0,0,0,0,Labour,4,TRUE
louiseellman,4,0,0,0,0,0,0,Labour,4,TRUE
neill_bob,1,3,0,0,0,0,0,Conservative,4,TRUE
shabanamahmood,4,0,0,0,0,0,0,Labour,4,TRUE
sheryllmurray,0,4,0,0,0,0,0,Conservative,4,TRUE
timloughton,1,3,0,0,0,0,0,Conservative,4,TRUE
tpearce003,4,0,0,0,0,0,0,Labour,4,TRUE
alanmakmp,0,3,0,0,0,0,0,Conservative,3,TRUE
alexburghart,1,2,0,0,0,0,0,Conservative,3,TRUE
amessd_southend,0,3,0,0,0,0,0,Conservative,3,TRUE
billcashmp,0,3,0,0,0,0,0,Conservative,3,TRUE
chrispincher,0,3,0,0,0,0,0,Conservative,3,TRUE
crispinblunt,0,2,1,0,0,0,0,Conservative,3,TRUE
dominicgrieve1,0,3,0,0,0,0,0,Conservative,3,TRUE
drcarolinej,0,3,0,0,0,0,0,Conservative,3,TRUE
eastantrimmp,1,1,0,0,0,1,0,Democratic Unionist Party,3,TRUE
geoffrey_cox,2,1,0,0,0,0,0,Conservative,3,TRUE
gileswatling,0,3,0,0,0,0,0,Conservative,3,TRUE
gillfurnissmp,3,0,0,0,0,0,0,Labour,3,TRUE
jdjanogly,1,2,0,0,0,0,0,Conservative,3,TRUE
johnmcnallysnp,0,0,3,0,0,0,0,Scottish National Party,3,TRUE
maryrobinson01,0,3,0,0,0,0,0,Conservative,3,TRUE
mattrodda,3,0,0,0,0,0,0,Labour,3,TRUE
meg_hilliermp,3,0,0,0,0,0,0,Labour,3,TRUE
michael_ellis1,0,3,0,0,0,0,0,Conservative,3,TRUE
mikejwood,0,3,0,0,0,0,0,Conservative,3,TRUE
mpritcharduk,0,3,0,0,0,0,0,Conservative,3,TRUE
nickgibbuk,0,3,0,0,0,0,0,Conservative,3,TRUE
rees4neath,3,0,0,0,0,0,0,Labour,3,TRUE
sirrogergale,0,2,1,0,0,0,0,Conservative,3,TRUE
snewtonuk,0,3,0,0,0,0,0,Conservative,3,TRUE
stuartandrew,0,3,0,0,0,0,0,Conservative,3,TRUE
tony4rochdale,3,0,0,0,0,0,0,Labour,3,TRUE
william_wragg,0,3,0,0,0,0,0,Conservative,3,TRUE
adrianbaileywbw,2,0,0,0,0,0,0,Labour,2,TRUE
alecshelbrooke,0,2,0,0,0,0,0,Conservative,2,TRUE
alexchalkchelt,0,2,0,0,0,0,0,Conservative,2,TRUE
aluncairns,0,2,0,0,0,0,0,Conservative,2,TRUE
awmurrison,0,2,0,0,0,0,0,Conservative,2,TRUE
danielzeichner,2,0,0,0,0,0,0,Labour,2,TRUE
davidevennett,0,2,0,0,0,0,0,Conservative,2,TRUE
drlisacameronmp,0,0,2,0,0,0,0,Scottish National Party,2,TRUE
fabianleedsne,2,0,0,0,0,0,0,Labour,2,TRUE
fiona_onasanya,2,0,0,0,0,0,0,Labour,2,TRUE
gregknight,0,2,0,0,0,0,0,Conservative,2,TRUE
grobinsondup,0,0,0,0,0,2,0,Democratic Unionist Party,2,TRUE
j_donaldson_mp,0,1,0,0,0,1,0,Democratic Unionist Party,2,TRUE
jacklopresti,1,1,0,0,0,0,0,Conservative,2,TRUE
joncruddas_1,2,0,0,0,0,0,0,Labour,2,TRUE
kate_hollernmp,2,0,0,0,0,0,0,Labour,2,TRUE
kwasikwarteng,0,2,0,0,0,0,0,Conservative,2,TRUE
mark4wyreforest,0,2,0,0,0,0,0,Conservative,2,TRUE
mark_spencer,0,2,0,0,0,0,0,Conservative,2,TRUE
martyndaysnp,0,0,2,0,0,0,0,Scottish National Party,2,TRUE
mattwarman,0,2,0,0,0,0,0,Conservative,2,TRUE
mphendrick,2,0,0,0,0,0,0,Labour,2,TRUE
mpiainds,0,2,0,0,0,0,0,Conservative,2,TRUE
oliverdowden,0,1,1,0,0,0,0,Conservative,2,TRUE
patrick4dales,0,2,0,0,0,0,0,Conservative,2,TRUE
ranil,0,2,0,0,0,0,0,Conservative,2,TRUE
richard4watford,1,1,0,0,0,0,0,Conservative,2,TRUE
ruthgeorge6,2,0,0,0,0,0,0,Labour,2,TRUE
scottmann4nc,0,2,0,0,0,0,0,Conservative,2,TRUE
shaileshvara,0,2,0,0,0,0,0,Conservative,2,TRUE
simonhartmp,1,1,0,0,0,0,0,Conservative,2,TRUE
smcpartland,0,2,0,0,0,0,0,Conservative,2,TRUE
valerie_vazmp,2,0,0,0,0,0,0,Labour,2,TRUE
virendrasharma,1,1,0,0,0,0,0,Labour,2,TRUE
yasinforbedford,2,0,0,0,0,0,0,Labour,2,TRUE
abridgen,0,1,0,0,0,0,0,Conservative,1,TRUE
amcarmichaelmp,0,0,0,1,0,0,0,Liberal Democrat,1,TRUE
cherylgillan,0,1,0,0,0,0,0,Conservative,1,TRUE
davidsimpsondup,0,0,0,0,0,1,0,Democratic Unionist Party,1,TRUE
derekthomasuk,0,1,0,0,0,0,0,Conservative,1,TRUE
derektwiggmp,1,0,0,0,0,0,0,Labour,1,TRUE
jeremylefroy,1,0,0,0,0,0,0,Conservative,1,TRUE
jochurchill4,0,1,0,0,0,0,0,Conservative,1,TRUE
jwhittingdale,0,1,0,0,0,0,0,Conservative,1,TRUE
lrobertsontewks,0,1,0,0,0,0,0,Conservative,1,TRUE
lukehall,0,1,0,0,0,0,0,Conservative,1,TRUE
marierimmer,1,0,0,0,0,0,0,Labour,1,TRUE
michelledonelan,0,1,0,0,0,0,0,Conservative,1,TRUE
morton_wendy,0,1,0,0,0,0,0,Conservative,1,TRUE
neil_parish,0,1,0,0,0,0,0,Conservative,1,TRUE
norwichchloe,1,0,0,0,0,0,0,Conservative,1,TRUE
offord4hendon,0,1,0,0,0,0,0,Conservative,1,TRUE
paulflynnmp,1,0,0,0,0,0,0,Labour,1,TRUE
pauline_latham,0,1,0,0,0,0,0,Conservative,1,TRUE
peter_aldous,0,1,0,0,0,0,0,Conservative,1,TRUE
peterboneuk,0,1,0,0,0,0,0,Conservative,1,TRUE
robertsyms,0,1,0,0,0,0,0,Conservative,1,TRUE
stephenctimms,1,0,0,0,0,0,0,Labour,1,TRUE
