id,party_value,party_color
abridgen,Conservative,#0087DC
acunninghammp,Labour,#E4003B
adamafriyie,Conservative,#0087DC
adrianbaileywbw,Labour,#E4003B
afzal4gorton,Labour,#E4003B
ajonesmp,Conservative,#0087DC
alanbrownsnp,Scottish National Party,#FFFF00
alancampbellmp,Labour,#E4003B
alanmakmp,Conservative,#0087DC
alanwhiteheadmp,Labour,#E4003B
albertocostamp,Conservative,#0087DC
albertowen2020,Labour,#E4003B
alecshelbrooke,Conservative,#0087DC
alewermbe,Conservative,#0087DC
alexburghart,Conservative,#0087DC
alexchalkchelt,Conservative,#0087DC
alexnorrisnn,Labour,#E4003B
alexsobel,Labour,#E4003B
alison_mcgovern,Labour,#E4003B
alisonthewliss,Scottish National Party,#FFFF00
alistairburtuk,Conservative,#0087DC
aloksharma_rdg,Conservative,#0087DC
aluncairns,Conservative,#0087DC
amandamilling,Conservative,#0087DC
amberrudduk,Conservative,#0087DC
amcarmichaelmp,Liberal Democrat,#FDBB30
amessd_southend,Conservative,#0087DC
andreajenkyns,Conservative,#0087DC
andrealeadsom,Conservative,#0087DC
andrew4pendle,Conservative,#0087DC
andrewbowie_mp,Conservative,#0087DC
andrewrosindell,Conservative,#0087DC
andrewselous,Conservative,#0087DC
andymcdonaldmp,Labour,#E4003B
angelacrawley30,Scottish National Party,#FFFF00
angelaeagle,Labour,#E4003B
angelarayner,Labour,#E4003B
angelasmithmp,Labour,#E4003B
angusmacneilsnp,Scottish National Party,#FFFF00
anna_soubry,Conservative,#0087DC
annamcmorrin,Labour,#E4003B
annaturley,Labour,#E4003B
annclwyd,Labour,#E4003B
anncoffey,Labour,#E4003B
anneliesedodds,Labour,#E4003B
annemariemorris,Conservative,#0087DC
annemilton,Conservative,#0087DC
annietrev,Conservative,#0087DC
awmurrison,Conservative,#0087DC
bambos_mp,Labour,#E4003B
barrygardiner,Labour,#E4003B
barrysheerman,Labour,#E4003B
bbradley_mans,Conservative,#0087DC
benmlake,Plaid Cymru,#005B54
benpbradshaw,Labour,#E4003B
bernardjenkin,Conservative,#0087DC
bill_esterson,Labour,#E4003B
billcashmp,Conservative,#0087DC
bimafolami,Conservative,#0087DC
blaenaugwentmp,Labour,#E4003B
bobblackman,Conservative,#0087DC
borisjohnson,Conservative,#0087DC
bphillipsonmp,Labour,#E4003B
brandonlewis,Conservative,#0087DC
brendanoharamp,Scottish National Party,#FFFF00
brinemp,Conservative,#0087DC
bwallacemp,Conservative,#0087DC
cajardinemp,Liberal Democrat,#FDBB30
carolineflint,Labour,#E4003B
carolinelucas,Green Party,#528D6B
carolinenokes,Conservative,#0087DC
carolynharris24,Labour,#E4003B
catharinehoey,Labour,#E4003B
catherinewest1,Labour,#E4003B
catmckinnell,Labour,#E4003B
cgreenuk,Conservative,#0087DC
charleswalkermp,Conservative,#0087DC
cherylgillan,Conservative,#0087DC
chhcalling,Conservative,#0087DC
chionwurah,Labour,#E4003B
chris_evansmp,Labour,#E4003B
chrislawsnp,Scottish National Party,#FFFF00
chrisleslieuk,Labour,#E4003B
chrism4chester,Labour,#E4003B
chrispincher,Conservative,#0087DC
chrisruane58,Labour,#E4003B
chrisstephens,Scottish National Party,#FFFF00
chukaumunna,Labour,#E4003B
cj_dinenage,Conservative,#0087DC
cliveefford,Labour,#E4003B
cmackinlay,Conservative,#0087DC
cmonaghansnp,Scottish National Party,#FFFF00
colin_j_clark,Conservative,#0087DC
conorburnsuk,Conservative,#0087DC
conormcginn,Labour,#E4003B
coyleneil,Labour,#E4003B
cphilpofficial,Conservative,#0087DC
cpjelmore,Labour,#E4003B
craig4nwarks,Conservative,#0087DC
crispinblunt,Conservative,#0087DC
cskidmoreuk,Conservative,#0087DC
cwhittaker_mp,Conservative,#0087DC
damiancollins,Conservative,#0087DC
damiangreen,Conservative,#0087DC
damianhinds,Conservative,#0087DC
dancardenmp,Labour,#E4003B
danielzeichner,Labour,#E4003B
danirowley,Labour,#E4003B
danjarvismp,Labour,#E4003B
darrenpjones,Labour,#E4003B
david_duguid,Conservative,#0087DC
davidcrausby,Labour,#E4003B
daviddavismp,Conservative,#0087DC
davidedrew,Labour,#E4003B
davidevennett,Conservative,#0087DC
davidgauke,Conservative,#0087DC
davidlammy,Labour,#E4003B
davidlinden,Scottish National Party,#FFFF00
davidmorrisml,Conservative,#0087DC
davidmundelldct,Conservative,#0087DC
davidrutley,Conservative,#0087DC
davidsimpsondup,Democratic Unionist Party,#D46A4C
davidtcdavies,Conservative,#0087DC
dawnbutlerbrent,Labour,#E4003B
debbie_abrahams,Labour,#E4003B
deidrebrock,Scottish National Party,#FFFF00
derbychrisw,Labour,#E4003B
derekthomasuk,Conservative,#0087DC
derektwiggmp,Labour,#E4003B
desmondswayne,Conservative,#0087DC
dianajohnsonmp,Labour,#E4003B
djwarburton,Conservative,#0087DC
dkshrewsbury,Conservative,#0087DC
dlidington,Conservative,#0087DC
dominicgrieve1,Conservative,#0087DC
dominicraab,Conservative,#0087DC
dougchapmansnp,Scottish National Party,#FFFF00
douglas4moray,Conservative,#0087DC
dr_philippaw,Scottish National Party,#FFFF00
drcarolinej,Conservative,#0087DC
drewhendrysnp,Scottish National Party,#FFFF00
drlisacameronmp,Scottish National Party,#FFFF00
drphilliplee,Conservative,#0087DC
drrosena,Labour,#E4003B
dunne4ludlow,Conservative,#0087DC
eastantrimmp,Democratic Unionist Party,#D46A4C
ed_miliband,Labour,#E4003B
eddiehughes4wn,Conservative,#0087DC
edvaizey,Conservative,#0087DC
edwardjdavey,Liberal Democrat,#FDBB30
edwardleighmp,Conservative,#0087DC
eleanor4epping,Conservative,#0087DC
eleanor_smith55,Labour,#E4003B
elliereeves,Labour,#E4003B
emilythornberry,Labour,#E4003B
emmadentcoad,Labour,#E4003B
emmaereynolds,Labour,#E4003B
emmahardymp,Labour,#E4003B
emmalewellbuck,Labour,#E4003B
esthermcvey1,Conservative,#0087DC
fabianleedsne,Labour,#E4003B
faisal__rashid,Labour,#E4003B
fiona_onasanya,Labour,#E4003B
fitz_xmp,Labour,#E4003B
frankfieldteam,Labour,#E4003B
gareth_snell,Labour,#E4003B
gareththomasmp,Labour,#E4003B
garystreeterswd,Conservative,#0087DC
gavinwilliamson,Conservative,#0087DC
gavnewlandssnp,Scottish National Party,#FFFF00
gedk,Labour,#E4003B
geoffrey_cox,Conservative,#0087DC
georgefreemanmp,Conservative,#0087DC
geraintdaviesmp,Labour,#E4003B
geraldjoneslab,Labour,#E4003B
gileswatling,Conservative,#0087DC
gillfurnissmp,Labour,#E4003B
gilliankeegan,Conservative,#0087DC
gloriadepiero,Labour,#E4003B
gordonmarsden,Labour,#E4003B
gradysnp,Scottish National Party,#FFFF00
grahamemorris,Labour,#E4003B
grahamstuart,Conservative,#0087DC
grantshapps,Conservative,#0087DC
gregclarkmp,Conservative,#0087DC
greghands,Conservative,#0087DC
gregknight,Conservative,#0087DC
grobinsondup,Democratic Unionist Party,#D46A4C
gutoaberconwy,Conservative,#0087DC
guyopperman,Conservative,#0087DC
gwynnemp,Labour,#E4003B
hackneyabbott,Labour,#E4003B
halfon4harlowmp,Conservative,#0087DC
hammersmithandy,Labour,#E4003B
hannahb4livimp,Scottish National Party,#FFFF00
harrietharman,Labour,#E4003B
hbaldwin,Conservative,#0087DC
heatherwheeler,Conservative,#0087DC
heidi_ldn,Labour,#E4003B
heidiallen75,Conservative,#0087DC
helen_whately,Conservative,#0087DC
helengoodmanba,Labour,#E4003B
helengrantmp,Conservative,#0087DC
helenhayes_,Labour,#E4003B
henrysmithuk,Conservative,#0087DC
hilarybennmp,Labour,#E4003B
hollylynch5,Labour,#E4003B
huddlestonnigel,Conservative,#0087DC
hughgaffneyccb,Labour,#E4003B
hugoswire,Conservative,#0087DC
huwmerriman,Conservative,#0087DC
hywelplaidcymru,Plaid Cymru,#005B54
iainastewart,Conservative,#0087DC
ianblackford_mp,Scottish National Party,#FFFF00
ianclucas,Labour,#E4003B
ianlaverymp,Labour,#E4003B
ianmearnsmp,Labour,#E4003B
ianmurraymp,Labour,#E4003B
imran_hussainmp,Labour,#E4003B
iowbobseely,Conservative,#0087DC
j_donaldson_mp,Democratic Unionist Party,#D46A4C
jackdromeymp,Labour,#E4003B
jackiedp,Conservative,#0087DC
jacklopresti,Conservative,#0087DC
jacob_rees_mogg,Conservative,#0087DC
jakeberry,Conservative,#0087DC
jamescleverly,Conservative,#0087DC
jamesduddridge,Conservative,#0087DC
jamesfrith,Labour,#E4003B
jamesmorris,Conservative,#0087DC
jamie4north,Liberal Democrat,#FDBB30
jarrowstevehep,Labour,#E4003B
jbrokenshire,Conservative,#0087DC
jc4southsuffolk,Conservative,#0087DC
jdjanogly,Conservative,#0087DC
jeffsmithetc,Labour,#E4003B
jennychapman,Labour,#E4003B
jeremy_hunt,Conservative,#0087DC
jeremycorbyn,Labour,#E4003B
jeremylefroy,Conservative,#0087DC
jesse_norman,Conservative,#0087DC
jessicamordenmp,Labour,#E4003B
jessphillips,Labour,#E4003B
jgray,Conservative,#0087DC
jhowelluk,Conservative,#0087DC
jimfromoldham,Labour,#E4003B
joannaccherry,Scottish National Party,#FFFF00
joanryanenfield,Labour,#E4003B
jochurchill4,Conservative,#0087DC
john2win,Conservative,#0087DC
john4carlisle,Conservative,#0087DC
johncryermp,Labour,#E4003B
johnglenuk,Conservative,#0087DC
johnhealey_mp,Labour,#E4003B
johnmcdonnellmp,Labour,#E4003B
johnmcnallysnp,Scottish National Party,#FFFF00
johnnymerceruk,Conservative,#0087DC
johnpenrosenews,Conservative,#0087DC
johnredwood,Conservative,#0087DC
jojohnsonuk,Conservative,#0087DC
jon_trickett,Labour,#E4003B
jonashworth,Labour,#E4003B
jonathanlord,Conservative,#0087DC
joncruddas_1,Labour,#E4003B
joplattleigh,Labour,#E4003B
jostevenslabour,Labour,#E4003B
joswinson,Liberal Democrat,#FDBB30
jreynoldsmp,Labour,#E4003B
jsheappey,Conservative,#0087DC
judithcummins,Labour,#E4003B
julialopezmp,Conservative,#0087DC
julianknight15,Conservative,#0087DC
juliansmithuk,Conservative,#0087DC
juliansturdy,Conservative,#0087DC
julieelliottmp,Labour,#E4003B
julieforburnley,Labour,#E4003B
justinegreening,Conservative,#0087DC
justinmadders,Labour,#E4003B
justintomlinson,Conservative,#0087DC
jwhittingdale,Conservative,#0087DC
karen_karenelee,Labour,#E4003B
karenpbuckmp,Labour,#E4003B
karinsmyth,Labour,#E4003B
karlturnermp,Labour,#E4003B
kate_hollernmp,Labour,#E4003B
kategreensu,Labour,#E4003B
keeleymp,Labour,#E4003B
keir_starmer,Labour,#E4003B
keithsimpsonnfn,Conservative,#0087DC
kellytolhurst,Conservative,#0087DC
kemibadenoch,Conservative,#0087DC
kerrymp,Labour,#E4003B
kevanjonesmp,Labour,#E4003B
kevin_j_foster,Conservative,#0087DC
kevinbrennanmp,Labour,#E4003B
kevinhollinrake,Conservative,#0087DC
kevinjbarron,Labour,#E4003B
khalid4pb,Labour,#E4003B
kirstysnp,Scottish National Party,#FFFF00
kitmalthouse,Conservative,#0087DC
kwasikwarteng,Conservative,#0087DC
labourlewis,Labour,#E4003B
laboursj,Labour,#E4003B
laurapidcock,Labour,#E4003B
laurasmithcrewe,Labour,#E4003B
laylamoran,Liberal Democrat,#FDBB30
lee4ned,Conservative,#0087DC
leicesterliz,Labour,#E4003B
leodochertyuk,Conservative,#0087DC
lesleylaird,Labour,#E4003B
liambyrnemp,Labour,#E4003B
liamfox,Conservative,#0087DC
liliangreenwood,Labour,#E4003B
lindsayhoyle_mp,Labour,#E4003B
lisanandy,Labour,#E4003B
lizmcinnes60,Labour,#E4003B
liztwistmp,Labour,#E4003B
lordianaustin,Labour,#E4003B
lordjohnmann,Labour,#E4003B
lordwalney,Labour,#E4003B
louhaigh,Labour,#E4003B
louiseellman,Labour,#E4003B
lrobertsontewks,Conservative,#0087DC
lsrplaid,Plaid Cymru,#005B54
lucianaberger,Labour,#E4003B
lucyallan,Conservative,#0087DC
lucyfrazermp,Conservative,#0087DC
lucympowell,Labour,#E4003B
lukegrahamuk,Conservative,#0087DC
lukehall,Conservative,#0087DC
lukepollard,Labour,#E4003B
lynbrownmp,Labour,#E4003B
madeleinemoon,Labour,#E4003B
maggie_erewash,Conservative,#0087DC
marcus4nuneaton,Conservative,#0087DC
marcusfysh,Conservative,#0087DC
margarethodge,Labour,#E4003B
margot_james_,Conservative,#0087DC
mariamilleruk,Conservative,#0087DC
marierimmer,Labour,#E4003B
marionfellows,Scottish National Party,#FFFF00
mark4wyreforest,Conservative,#0087DC
mark_j_harper,Conservative,#0087DC
mark_spencer,Conservative,#0087DC
markfielduk,Conservative,#0087DC
marklancastermk,Conservative,#0087DC
markpawsey,Conservative,#0087DC
marktamimp,Labour,#E4003B
marshadecordova,Labour,#E4003B
martinjdocherty,Scottish National Party,#FFFF00
martinvickers,Conservative,#0087DC
martyndaysnp,Scottish National Party,#FFFF00
marycreagh_,Labour,#E4003B
maryrobinson01,Conservative,#0087DC
matthancock,Conservative,#0087DC
mattrodda,Labour,#E4003B
mattwarman,Conservative,#0087DC
mattwestern_,Labour,#E4003B
meaglemp,Labour,#E4003B
meg_hilliermp,Labour,#E4003B
meljstride,Conservative,#0087DC
metcalfe_sbet,Conservative,#0087DC
mgreenwoodww,Labour,#E4003B
mhairiblack,Scottish National Party,#FFFF00
michael4mdnp,Conservative,#0087DC
michael_ellis1,Conservative,#0087DC
michaelgove,Conservative,#0087DC
michelledonelan,Conservative,#0087DC
mike_fabricant,Conservative,#0087DC
mikeamesburymp,Labour,#E4003B
mikegapes,Labour,#E4003B
mikejwood,Conservative,#0087DC
mikekanemp,Labour,#E4003B
mimsdavies,Conservative,#0087DC
morton_wendy,Conservative,#0087DC
mphendrick,Labour,#E4003B
mpiainds,Conservative,#0087DC
mpritcharduk,Conservative,#0087DC
mtpennycook,Labour,#E4003B
nadams,Conservative,#0087DC
nadhimzahawi,Conservative,#0087DC
nadinedorries,Conservative,#0087DC
nazshahbfd,Labour,#E4003B
neil_parish,Conservative,#0087DC
neildotobrien,Conservative,#0087DC
neilgraysnp,Scottish National Party,#FFFF00
neill_bob,Conservative,#0087DC
niagriffithmp,Labour,#E4003B
nicdakin55,Labour,#E4003B
nickboles,Conservative,#0087DC
nickgibbuk,Conservative,#0087DC
nickherbertcbe,Conservative,#0087DC
nickhurduk,Conservative,#0087DC
nicktorfaen,Labour,#E4003B
nickymorgan01,Conservative,#0087DC
nigeldoddsdup,Democratic Unionist Party,#D46A4C
nigelmills,Conservative,#0087DC
nigelmp,Conservative,#0087DC
normanlamb,Liberal Democrat,#FDBB30
norwichchloe,Conservative,#0087DC
nsoames,Conservative,#0087DC
nus_ghani,Conservative,#0087DC
offord4hendon,Conservative,#0087DC
oliverdowden,Conservative,#0087DC
oliverhealduk,Conservative,#0087DC
onnmel,Labour,#E4003B
owenpaterson,Conservative,#0087DC
patmcfaddenmp,Labour,#E4003B
patrick4dales,Conservative,#0087DC
paulasherriff,Labour,#E4003B
paulblomfieldmp,Labour,#E4003B
paulflynnmp,Labour,#E4003B
paulgirvanmp,Democratic Unionist Party,#D46A4C
pauline_latham,Conservative,#0087DC
pauljsweeney,Labour,#E4003B
paulmaynarduk,Conservative,#0087DC
paulwilliamslab,Labour,#E4003B
pennymordaunt,Conservative,#0087DC
peter_aldous,Conservative,#0087DC
peter_dowd,Labour,#E4003B
peterboneuk,Conservative,#0087DC
petergrantmp,Scottish National Party,#FFFF00
peterkyle,Labour,#E4003B
peternorthdevon,Conservative,#0087DC
petewishart,Scottish National Party,#FFFF00
pgibsonsnp,Scottish National Party,#FFFF00
philipdaviesuk,Conservative,#0087DC
philiphammonduk,Conservative,#0087DC
philwilsonxmp,Labour,#E4003B
pow_rebecca,Conservative,#0087DC
preetkgillmp,Labour,#E4003B
priskmark,Conservative,#0087DC
pritipatel,Conservative,#0087DC
rachaelmaskell,Labour,#E4003B
rachelreevesmp,Labour,#E4003B
ranil,Conservative,#0087DC
rblackmanwoods,Labour,#E4003B
realstephenkerr,Conservative,#0087DC
rebeccaharrismp,Conservative,#0087DC
redditchrachel,Conservative,#0087DC
rees4neath,Labour,#E4003B
rehman_chishti,Conservative,#0087DC
rhonddabryant,Labour,#E4003B
richard4watford,Conservative,#0087DC
richardburden27,Labour,#E4003B
richardburgon,Labour,#E4003B
richardgrahamuk,Conservative,#0087DC
richardhrbenyon,Conservative,#0087DC
rishisunak,Conservative,#0087DC
rlong_bailey,Labour,#E4003B
robertbuckland,Conservative,#0087DC
robertcourts,Conservative,#0087DC
robertjenrick,Conservative,#0087DC
robertsyms,Conservative,#0087DC
rogergodsiff,Labour,#E4003B
ronniecowan,Scottish National Party,#FFFF00
rorystewartuk,Conservative,#0087DC
rosie4westlancs,Labour,#E4003B
rossthomson_abz,Conservative,#0087DC
royston_smith,Conservative,#0087DC
rthondavehanson,Labour,#E4003B
rupahuq,Labour,#E4003B
rushanaraali,Labour,#E4003B
ruthcadbury,Labour,#E4003B
ruthgeorge6,Labour,#E4003B
ruthsmeeth,Labour,#E4003B
s_hammond,Conservative,#0087DC
sajidjavid,Conservative,#0087DC
samgyimah,Conservative,#0087DC
sandbach,Conservative,#0087DC
sandyofipswich,Labour,#E4003B
sarahchampionmp,Labour,#E4003B
sarahwollaston,Conservative,#0087DC
scottmann4nc,Conservative,#0087DC
scrabbpembs,Conservative,#0087DC
scullyp,Conservative,#0087DC
sdoughtymp,Labour,#E4003B
seemakennedy,Conservative,#0087DC
seemamalhotra1,Labour,#E4003B
shabanamahmood,Labour,#E4003B
shaileshvara,Conservative,#0087DC
sharonhodgsonmp,Labour,#E4003B
sheryllmurray,Conservative,#0087DC
simon4ndorset,Conservative,#0087DC
simonclarkemp,Conservative,#0087DC
simonhartmp,Conservative,#0087DC
siobhain_mc,Labour,#E4003B
siralanduncan,Conservative,#0087DC
sirgrahambrady,Conservative,#0087DC
sirrogergale,Conservative,#0087DC
skinnock,Labour,#E4003B
smcpartland,Conservative,#0087DC
snewtonuk,Conservative,#0087DC
spellar,Labour,#E4003B
stellacreasy,Labour,#E4003B
steph_peacock,Labour,#E4003B
stephenctimms,Labour,#E4003B
stephengethins,Scottish National Party,#FFFF00
stephenlloydebn,Liberal Democrat,#FDBB30
stephenmorganmp,Labour,#E4003B
stephentwigg,Labour,#E4003B
steve_mccabe,Labour,#E4003B
stevebakerhw,Conservative,#0087DC
stevebarclay,Conservative,#0087DC
stevedouble,Conservative,#0087DC
stevereedmp,Labour,#E4003B
stewarthosiesnp,Scottish National Party,#FFFF00
stewartmcdonald,Scottish National Party,#FFFF00
stuart_mcdonald,Scottish National Party,#FFFF00
stuartandrew,Conservative,#0087DC
suehayman1,Labour,#E4003B
suellabraverman,Conservative,#0087DC
tandhesi,Labour,#E4003B
thangammp,Labour,#E4003B
thelma_dwalker,Labour,#E4003B
theresa_may,Conservative,#0087DC
theresecoffey,Conservative,#0087DC
thomasbrake,Liberal Democrat,#FDBB30
timfarron,Liberal Democrat,#FDBB30
timloughton,Conservative,#0087DC
tobias_ellwood,Conservative,#0087DC
tobyperkinsmp,Labour,#E4003B
tom_watson,Labour,#E4003B
tommysheppard,Scottish National Party,#FFFF00
tomtugendhat,Conservative,#0087DC
toniaantoniazzi,Labour,#E4003B
tony4rochdale,Labour,#E4003B
tpearce003,Labour,#E4003B
tracey_crouch,Conservative,#0087DC
tracybrabin,Labour,#E4003B
trussliz,Conservative,#0087DC
tulipsiddiq,Labour,#E4003B
valerie_vazmp,Labour,#E4003B
vernon_coaker,Labour,#E4003B
vickyford,Conservative,#0087DC
vickyfoxcroft,Labour,#E4003B
victoriaprentis,Conservative,#0087DC
vincecable,Liberal Democrat,#FDBB30
virendrasharma,Labour,#E4003B
votepursglove,Conservative,#0087DC
walkerworcester,Conservative,#0087DC
waynedavid_mp,Labour,#E4003B
wera_hobhouse,Liberal Democrat,#FDBB30
wesstreeting,Labour,#E4003B
william_wragg,Conservative,#0087DC
willquince,Conservative,#0087DC
y_fovarguemp,Labour,#E4003B
yasinforbedford,Labour,#E4003B
yasminqureshimp,Labour,#E4003B
yvettecoopermp,Labour,#E4003B
zacgoldsmith,Conservative,#0087DC
