Source,Target
10downingstreet,alexburghart
10downingstreet,andrewbowie_mp
10downingstreet,carolinenokes
10downingstreet,huddlestonnigel
10downingstreet,kevin_j_foster
10downingstreet,nickhurduk
10downingstreet,nsoames
10downingstreet,pennymordaunt
10downingstreet,priskmark
10downingstreet,robertbuckland
10downingstreet,theresa_may
10downingstreet,timloughton
abridgen,peterboneuk
acunninghammp,lynbrownmp
afneil,angelaeagle
afneil,conorburnsuk
afneil,esthermcvey1
afneil,gilliankeegan
afneil,greghands
afneil,henrysmithuk
afneil,johnpenrosenews
afneil,nus_ghani
afneil,realstephenkerr
afneil,rhonddabryant
afneil,richardgrahamuk
afneil,spellar
afzal4gorton,afzal4gorton
afzal4gorton,hackneyabbott
alanbrownsnp,gavnewlandssnp
alanmakmp,nus_ghani
albertowen2020,albertowen2020
albertowen2020,ianclucas
alexburghart,alexburghart
alexsobel,kategreensu
alexsobel,labourlewis
alexsobel,laylamoran
alexsobel,peterkyle
alexsobel,sdoughtymp
alison_mcgovern,alison_mcgovern
alison_mcgovern,angelaeagle
alison_mcgovern,bill_esterson
alison_mcgovern,gloriadepiero
alison_mcgovern,stellacreasy
alisonthewliss,alisonthewliss
alisonthewliss,hannahb4livimp
alisonthewliss,neilgraysnp
alistairburtuk,robertsyms
alistairburtuk,vickyford
alistairburtuk,wesstreeting
aloksharma_rdg,stevebakerhw
aluncairns,nadams
amberrudduk,amberrudduk
amberrudduk,brandonlewis
amberrudduk,dominicraab
amberrudduk,gavnewlandssnp
amberrudduk,matthancock
amberrudduk,petergrantmp
amberrudduk,sajidjavid
andreajenkyns,andreajenkyns
andrealeadsom,andrealeadsom
andrealeadsom,iowbobseely
andrealeadsom,philipdaviesuk
andrealeadsom,stevedouble
andrealeadsom,timloughton
andrew4pendle,andrew4pendle
andrew4pendle,cwhittaker_mp
andrew_adonis,anna_soubry
andrew_adonis,benpbradshaw
andrew_adonis,jamescleverly
andrew_adonis,mikegapes
andrew_adonis,preetkgillmp
andrew_adonis,sdoughtymp
andrew_adonis,sharonhodgsonmp
andrew_adonis,tom_watson
andrew_adonis,toniaantoniazzi
andrewbowie_mp,gilliankeegan
andrewbowie_mp,nsoames
angelaeagle,meaglemp
angelaeagle,thelma_dwalker
angelarayner,emmahardymp
angelarayner,gordonmarsden
angelarayner,jonashworth
angelarayner,mikeamesburymp
angelarayner,rlong_bailey
angelarayner,suehayman1
angusmacneilsnp,angusmacneilsnp
angusmacneilsnp,cmonaghansnp
angusmacneilsnp,dr_philippaw
angusmacneilsnp,joannaccherry
angusmacneilsnp,petergrantmp
anna_soubry,anna_soubry
anna_soubry,hackneyabbott
anna_soubry,mikegapes
annamcmorrin,annamcmorrin
annaturley,andymcdonaldmp
annaturley,annaturley
annaturley,catmckinnell
annaturley,chionwurah
annaturley,dianajohnsonmp
annaturley,karenpbuckmp
annaturley,liliangreenwood
annaturley,paulwilliamslab
annaturley,simonclarkemp
annclwyd,annclwyd
anneliesedodds,chionwurah
anneliesedodds,gwynnemp
anneliesedodds,marshadecordova
anneliesedodds,ruthcadbury
bambos_mp,louhaigh
bbclaurak,anna_soubry
bbclaurak,barrysheerman
bbclaurak,eddiehughes4wn
bbclaurak,halfon4harlowmp
bbclaurak,jamescleverly
bbclaurak,joswinson
bbclaurak,mike_fabricant
bbclaurak,rhonddabryant
bbclaurak,samgyimah
bbclaurak,sandbach
bbclaurak,sdoughtymp
bbclaurak,stevereedmp
bbcnews,greghands
bbcnews,marycreagh_
bbcnews,mike_fabricant
bbcnews,realstephenkerr
bbcnews,tulipsiddiq
bbcnewsnight,chukaumunna
bbcnewsnight,deidrebrock
bbcnewsnight,emmalewellbuck
bbcnewsnight,gavnewlandssnp
bbcnewsnight,ianblackford_mp
bbcnewsnight,marycreagh_
bbcnewsnight,philwilsonxmp
bbcnewsnight,rushanaraali
bbcnewsnight,trussliz
bbcnewsnight,vincecable
bbcpolitics,alexburghart
bbcpolitics,andrealeadsom
bbcpolitics,angelacrawley30
bbcpolitics,angelarayner
bbcpolitics,anncoffey
bbcpolitics,catherinewest1
bbcpolitics,chukaumunna
bbcpolitics,davidlammy
bbcpolitics,debbie_abrahams
bbcpolitics,dr_philippaw
bbcpolitics,drewhendrysnp
bbcpolitics,hannahb4livimp
bbcpolitics,hughgaffneyccb
bbcpolitics,kerrymp
bbcpolitics,margarethodge
bbcpolitics,mark_j_harper
bbcpolitics,nadhimzahawi
bbcpolitics,rossthomson_abz
bbcpolitics,ruthcadbury
bbcpolitics,sdoughtymp
bbcpolitics,stevedouble
bbcpolitics,stewartmcdonald
bbcpolitics,tomtugendhat
bbcpolitics,wesstreeting
bbcquestiontime,cwhittaker_mp
bbcquestiontime,emilythornberry
bbcquestiontime,emmahardymp
bbcquestiontime,gavnewlandssnp
bbcquestiontime,gwynnemp
bbcquestiontime,jonashworth
bbcquestiontime,jreynoldsmp
bbcquestiontime,skinnock
bbcr4today,anna_soubry
bbcr4today,barrysheerman
bbcr4today,carolinelucas
bbcr4today,georgefreemanmp
bbcr4today,jamescleverly
bbcr4today,lisanandy
bbcr4today,marycreagh_
bbcr4today,mattwestern_
bbcr4today,nadinedorries
bbcr4today,preetkgillmp
bbcr4today,richard4watford
bbcr4today,stevebakerhw
bbcr4today,vickyford
bbcr4today,wesstreeting
bbradley_mans,dominicraab
bbradley_mans,esthermcvey1
bbradley_mans,stevebakerhw
beisgovuk,andrew4pendle
beisgovuk,cskidmoreuk
beisgovuk,kellytolhurst
beisgovuk,sandbach
beisgovuk,walkerworcester
benmlake,benmlake
benpbradshaw,annaturley
benpbradshaw,rhonddabryant
benpbradshaw,sdoughtymp
benpbradshaw,tobyperkinsmp
bernardjenkin,stevebakerhw
bethrigby,andreajenkyns
bethrigby,coyleneil
bethrigby,cpjelmore
bethrigby,esthermcvey1
bethrigby,marycreagh_
bethrigby,nadinedorries
bethrigby,nickboles
bethrigby,rorystewartuk
bethrigby,stevebakerhw
bill_esterson,alexsobel
bill_esterson,bill_esterson
bill_esterson,peter_dowd
billcashmp,nigelmp
blaenaugwentmp,nadams
blaenaugwentmp,rhonddabryant
borisjohnson,alewermbe
borisjohnson,andrewrosindell
borisjohnson,angelarayner
borisjohnson,conorburnsuk
borisjohnson,davidevennett
borisjohnson,grahamstuart
borisjohnson,helengrantmp
borisjohnson,jacklopresti
borisjohnson,jamesduddridge
borisjohnson,mpritcharduk
borisjohnson,nadinedorries
borisjohnson,nsoames
borisjohnson,peterboneuk
borisjohnson,rossthomson_abz
borisjohnson,royston_smith
borisjohnson,simonclarkemp
bphillipsonmp,leicesterliz
bphillipsonmp,philwilsonxmp
bphillipsonmp,wesstreeting
brandonlewis,alexburghart
brandonlewis,bbradley_mans
brandonlewis,brandonlewis
brandonlewis,eddiehughes4wn
brandonlewis,jamesduddridge
brandonlewis,nadhimzahawi
brandonlewis,robertsyms
brendanoharamp,stewartmcdonald
brexitcentral,bernardjenkin
brexitcentral,peterboneuk
brexitcentral,pritipatel
brexitcentral,stevebakerhw
britainelects,davidlammy
britainelects,hywelplaidcymru
britainelects,laylamoran
britainelects,louhaigh
britainelects,mikegapes
britainelects,nadhimzahawi
britainelects,owenpaterson
britainelects,stewartmcdonald
britainelects,timfarron
cajardinemp,stewartmcdonald
campbellclaret,petergrantmp
campbellclaret,wesstreeting
carolecadwalla,alistairburtuk
carolecadwalla,angelaeagle
carolecadwalla,annaturley
carolecadwalla,jostevenslabour
carolecadwalla,meaglemp
carolecadwalla,mhairiblack
carolecadwalla,petergrantmp
carolecadwalla,rhonddabryant
carolecadwalla,sdoughtymp
carolecadwalla,toniaantoniazzi
carolineflint,kevinjbarron
carolineflint,tony4rochdale
carolinelucas,hywelplaidcymru
carolinelucas,petergrantmp
carolinelucas,ruthcadbury
carolinenokes,eddiehughes4wn
carolynharris24,carolynharris24
carolynharris24,geraldjoneslab
carolynharris24,jessphillips
carolynharris24,karinsmyth
carolynharris24,keeleymp
carolynharris24,madeleinemoon
carolynharris24,rupahuq
carolynharris24,wesstreeting
catharinehoey,awmurrison
catharinehoey,nsoames
catmckinnell,gordonmarsden
cchqpress,brandonlewis
cchqpress,greghands
cchqpress,marklancastermk
cchqpress,nadhimzahawi
cchqpress,willquince
cgreenuk,cgreenuk
cgreenuk,nadhimzahawi
cgreenuk,seemakennedy
channel4news,angelaeagle
channel4news,annaturley
channel4news,cpjelmore
channel4news,hannahb4livimp
channel4news,joannaccherry
channel4news,petergrantmp
channel4news,sdoughtymp
channel4news,stewartmcdonald
channel4news,thangammp
channel4news,waynedavid_mp
chhcalling,dominicraab
chhcalling,petergrantmp
chhcalling,stevebakerhw
chionwurah,annaturley
chionwurah,bill_esterson
chionwurah,chionwurah
chris_evansmp,chris_evansmp
chris_evansmp,nicktorfaen
chrislawsnp,hannahb4livimp
chrislawsnp,joannaccherry
chrislawsnp,petergrantmp
chrisleslieuk,anna_soubry
chrisleslieuk,anncoffey
chrisleslieuk,mikegapes
chrisstephens,petergrantmp
chukaumunna,anna_soubry
chukaumunna,chrisleslieuk
chukaumunna,chukaumunna
chukaumunna,heidiallen75
chukaumunna,karlturnermp
chukaumunna,mikegapes
cj_dinenage,maggie_erewash
cj_dinenage,mimsdavies
cmackinlay,annietrev
cmackinlay,julianknight15
cmackinlay,marcusfysh
cmackinlay,rhonddabryant
cmonaghansnp,hannahb4livimp
cmonaghansnp,petergrantmp
conorburnsuk,robertsyms
conorburnsuk,votepursglove
conservatives,abridgen
conservatives,albertocostamp
conservatives,alexburghart
conservatives,andrealeadsom
conservatives,bobblackman
conservatives,brandonlewis
conservatives,cphilpofficial
conservatives,cwhittaker_mp
conservatives,damianhinds
conservatives,eddiehughes4wn
conservatives,guyopperman
conservatives,halfon4harlowmp
conservatives,iowbobseely
conservatives,jamescleverly
conservatives,jochurchill4
conservatives,johnpenrosenews
conservatives,julianknight15
conservatives,kitmalthouse
conservatives,lucyallan
conservatives,marcus4nuneaton
conservatives,marklancastermk
conservatives,matthancock
conservatives,michael4mdnp
conservatives,michael_ellis1
conservatives,mimsdavies
conservatives,mpritcharduk
conservatives,nadhimzahawi
conservatives,nus_ghani
conservatives,rebeccaharrismp
conservatives,simon4ndorset
conservatives,sirrogergale
conservatives,stevebakerhw
conservatives,timloughton
conservatives,walkerworcester
conservatives,willquince
coopparty,annaturley
coopparty,gareththomasmp
coopparty,jimfromoldham
coopparty,judithcummins
coopparty,pauljsweeney
cphilpofficial,simon4ndorset
cpjelmore,catherinewest1
cpjelmore,cpjelmore
cpjelmore,jostevenslabour
cpjelmore,lizmcinnes60
cpjelmore,lukepollard
cpjelmore,pauljsweeney
cpjelmore,rthondavehanson
cpjelmore,sdoughtymp
cpjelmore,waynedavid_mp
cskidmoreuk,cskidmoreuk
cwhittaker_mp,cwhittaker_mp
damiancollins,rhonddabryant
damiangreen,nsoames
damianhinds,andrealeadsom
damianhinds,nadhimzahawi
damianhinds,rorystewartuk
dancardenmp,grahamemorris
dancardenmp,hughgaffneyccb
dancardenmp,jonashworth
danirowley,danirowley
danirowley,pauljsweeney
darrenpjones,darrenpjones
darrenpjones,kerrymp
darrenpjones,wesstreeting
davidcrausby,davidcrausby
daviddavismp,daviddavismp
daviddavismp,shaileshvara
daviddavismp,stevebakerhw
davidedrew,alexsobel
davidedrew,davidedrew
davidedrew,kategreensu
davidevennett,jamesduddridge
davidgauke,gilliankeegan
davidgauke,jdjanogly
davidgauke,nsoames
davidgauke,sandbach
davidlammy,anna_soubry
davidlammy,annaturley
davidlammy,bill_esterson
davidlammy,catherinewest1
davidlammy,catmckinnell
davidlammy,emilythornberry
davidlammy,hywelplaidcymru
davidlammy,jeffsmithetc
davidlammy,lynbrownmp
davidlammy,petergrantmp
davidlammy,rushanaraali
davidlammy,ruthcadbury
davidlammy,sdoughtymp
davidlammy,tandhesi
davidlammy,toniaantoniazzi
davidlinden,alisonthewliss
davidlinden,andrealeadsom
davidlinden,davidlinden
davidlinden,gavnewlandssnp
davidlinden,hannahb4livimp
davidlinden,kevin_j_foster
davidlinden,realstephenkerr
davidlinden,stewartmcdonald
davidmorrisml,mark4wyreforest
davidmorrisml,nus_ghani
dawnbutlerbrent,dawnbutlerbrent
dawnbutlerbrent,jeremycorbyn
dawnbutlerbrent,onnmel
dawnbutlerbrent,tandhesi
dawnbutlerbrent,valerie_vazmp
dcms,edvaizey
dcms,hugoswire
dcms,margot_james_
dcms,michael_ellis1
dcms,mimsdavies
dcms,nus_ghani
debbie_abrahams,acunninghammp
debbie_abrahams,jimfromoldham
debbie_abrahams,marshadecordova
debbie_abrahams,thangammp
defencehq,gavinwilliamson
defencehq,kevin_j_foster
defencehq,pennymordaunt
defragovuk,andrealeadsom
defragovuk,cj_dinenage
defragovuk,davidrutley
defragovuk,huddlestonnigel
defragovuk,mattwarman
defragovuk,mimsdavies
defragovuk,rthondavehanson
defragovuk,theresecoffey
defragovuk,walkerworcester
deidrebrock,dr_philippaw
deidrebrock,mhairiblack
dfid_uk,rorystewartuk
dfid_uk,theresecoffey
dianajohnsonmp,angelaeagle
dianajohnsonmp,dianajohnsonmp
dianajohnsonmp,emmahardymp
dianajohnsonmp,gwynnemp
dianajohnsonmp,karlturnermp
dianajohnsonmp,lynbrownmp
dianajohnsonmp,mattwestern_
dkshrewsbury,peterboneuk
dlidington,alistairburtuk
dlidington,matthancock
dlidington,petewishart
dlidington,sarahwollaston
dlidington,victoriaprentis
dominicraab,alexburghart
dominicraab,dominicraab
dominicraab,eddiehughes4wn
dominicraab,julianknight15
dominicraab,marcusfysh
dominicraab,nadhimzahawi
dominicraab,stevebakerhw
dominicraab,votepursglove
dougchapmansnp,petergrantmp
douglas4moray,david_duguid
douglas4moray,jamescleverly
douglas4moray,mark_j_harper
dpjhodges,anncoffey
dpjhodges,damiangreen
dpjhodges,jamescleverly
dpjhodges,lordianaustin
dpjhodges,rorystewartuk
dpjhodges,sandbach
dpjhodges,simonclarkemp
dpjhodges,tobyperkinsmp
drewhendrysnp,drewhendrysnp
drphilliplee,heidiallen75
drrosena,afzal4gorton
drrosena,alexsobel
drrosena,drrosena
drrosena,harrietharman
drrosena,kevinbrennanmp
drrosena,sharonhodgsonmp
drrosena,tom_watson
dunne4ludlow,nus_ghani
dwppressoffice,damianhinds
dwppressoffice,justintomlinson
dwppressoffice,willquince
ed_miliband,alexsobel
ed_miliband,bill_esterson
ed_miliband,emmahardymp
eddiehughes4wn,bbradley_mans
eddiehughes4wn,eddiehughes4wn
eddiehughes4wn,lucyallan
eddiehughes4wn,philipdaviesuk
eddiehughes4wn,pritipatel
eddiehughes4wn,redditchrachel
eddiehughes4wn,simonclarkemp
educationgovuk,damianhinds
educationgovuk,nadhimzahawi
edwardjdavey,edwardjdavey
edwardleighmp,edwardleighmp
edwardleighmp,theresecoffey
edwardleighmp,victoriaprentis
elliereeves,harrietharman
emilythornberry,catherinewest1
emmadentcoad,hackneyabbott
emmadentcoad,jeremycorbyn
emmadentcoad,mimsdavies
emmahardymp,debbie_abrahams
emmahardymp,emmahardymp
emmalewellbuck,emmalewellbuck
emmalewellbuck,sharonhodgsonmp
esthermcvey1,garystreeterswd
esthermcvey1,philipdaviesuk
esthermcvey1,stevebakerhw
faisal__rashid,faisal__rashid
faisal__rashid,pauljsweeney
faisalislam,jeffsmithetc
faisalislam,samgyimah
faisalislam,votepursglove
faisalislam,yvettecoopermp
fcdogovuk,alistairburtuk
fcdogovuk,annietrev
fcdogovuk,hbaldwin
fcdogovuk,jeremy_hunt
fcdogovuk,rebeccaharrismp
fcdogovuk,scrabbpembs
feorlean,angelacrawley30
feorlean,angusmacneilsnp
feorlean,dr_philippaw
feorlean,ianblackford_mp
feorlean,joannaccherry
feorlean,petergrantmp
feorlean,skinnock
fisherandrew79,angelarayner
fisherandrew79,dianajohnsonmp
fisherandrew79,karlturnermp
fisherandrew79,lynbrownmp
fisherandrew79,stevereedmp
fitz_xmp,fitz_xmp
fitz_xmp,rushanaraali
frankfieldteam,frankfieldteam
gareththomasmp,hammersmithandy
garystreeterswd,nickboles
garystreeterswd,nickymorgan01
gavinwilliamson,stevebakerhw
gavnewlandssnp,chrislawsnp
gavnewlandssnp,hannahb4livimp
gavnewlandssnp,neilgraysnp
gavnewlandssnp,petergrantmp
georgeeaton,bill_esterson
georgeeaton,jamesfrith
georgefreemanmp,georgefreemanmp
georgefreemanmp,matthancock
georgefreemanmp,neill_bob
georgefreemanmp,sandbach
geraintdaviesmp,geraintdaviesmp
geraintdaviesmp,sharonhodgsonmp
gilliankeegan,nsoames
gloriadepiero,carolineflint
gloriadepiero,chionwurah
gloriadepiero,gloriadepiero
gloriadepiero,leicesterliz
gloriadepiero,zacgoldsmith
gmb_union,angelaeagle
gmb_union,bill_esterson
gmb_union,hilarybennmp
gmb_union,johnmcdonnellmp
gmb_union,pauljsweeney
gmb_union,rees4neath
gmb_union,wesstreeting
gmb_union,yvettecoopermp
gordonmarsden,alison_mcgovern
gordonmarsden,angelarayner
gordonmarsden,gordonmarsden
gradysnp,deidrebrock
grahamemorris,grahamemorris
grahamstuart,andrealeadsom
grahamstuart,cwhittaker_mp
grahamstuart,greghands
grahamstuart,nadams
greghands,davidmorrisml
greghands,jamescleverly
greghands,liamfox
greghands,mark4wyreforest
greghands,nickboles
greghands,nickymorgan01
greghands,stevebakerhw
guardian,annaturley
guardian,bambos_mp
guardian,catherinewest1
guardian,hackneyabbott
guardian,heidi_ldn
guardian,karen_karenelee
guardian,karlturnermp
guardian,preetkgillmp
guardian,rorystewartuk
guardian,tracybrabin
guidofawkes,edvaizey
guidofawkes,esthermcvey1
guidofawkes,laylamoran
guidofawkes,marcusfysh
guidofawkes,mark_j_harper
guidofawkes,stevebakerhw
guidofawkes,thomasbrake
guyopperman,guyopperman
guyopperman,neill_bob
gwynnemp,bill_esterson
gwynnemp,emmahardymp
gwynnemp,gwynnemp
gwynnemp,jeremycorbyn
gwynnemp,lukepollard
gwynnemp,mikeamesburymp
gwynnemp,pauljsweeney
gwynnemp,rblackmanwoods
gwynnemp,sarahchampionmp
hackneyabbott,afzal4gorton
hackneyabbott,laurasmithcrewe
hackneyabbott,lucympowell
hackneyabbott,lynbrownmp
hackneyabbott,sandyofipswich
halfon4harlowmp,halfon4harlowmp
halfon4harlowmp,jamescleverly
halfon4harlowmp,kevin_j_foster
halfon4harlowmp,mikejwood
halfon4harlowmp,nickboles
hammersmithandy,rupahuq
hannahb4livimp,gavnewlandssnp
hannahb4livimp,hannahb4livimp
hannahb4livimp,petergrantmp
harrietharman,albertocostamp
harrietharman,dianajohnsonmp
harrietharman,djwarburton
harrietharman,helengoodmanba
harrietharman,jessphillips
harrietharman,keeleymp
harrietharman,nickymorgan01
harrietharman,sarahwollaston
hbaldwin,dunne4ludlow
heidiallen75,chukaumunna
heidiallen75,lucianaberger
helen_whately,andrealeadsom
helen_whately,dominicraab
helen_whately,nsoames
helen_whately,sajidjavid
helen_whately,walkerworcester
helengoodmanba,khalid4pb
helengoodmanba,rushanaraali
helengrantmp,dominicraab
helenhayes_,helenhayes_
helenhayes_,rblackmanwoods
hendopolis,annamcmorrin
hendopolis,karlturnermp
hendopolis,sdoughtymp
hendopolis,tpearce003
hilarybennmp,catmckinnell
hilarybennmp,coyleneil
hilarybennmp,emmaereynolds
hilarybennmp,keeleymp
hilarybennmp,pauljsweeney
hilarybennmp,peterkyle
hilarybennmp,thangammp
hilarybennmp,wesstreeting
hmtreasury,guyopperman
hmtreasury,nadhimzahawi
hmtreasury,robertbuckland
hmtreasury,sajidjavid
hmtreasury,scrabbpembs
hmtreasury,theresecoffey
houseofcommons,albertocostamp
houseofcommons,angelacrawley30
houseofcommons,catherinewest1
houseofcommons,davidcrausby
houseofcommons,gillfurnissmp
houseofcommons,paulwilliamslab
houseofcommons,sarahchampionmp
houseofcommons,sharonhodgsonmp
houseofcommons,steph_peacock
houseofcommons,stevebakerhw
houseofcommons,timloughton
huddlestonnigel,lucyallan
huddlestonnigel,rebeccaharrismp
huddlestonnigel,walkerworcester
hugoswire,sarahwollaston
hugoswire,suellabraverman
huwmerriman,huwmerriman
huwmerriman,sandbach
iaindale,conorburnsuk
iaindale,tracey_crouch
ianblackford_mp,angelacrawley30
ianblackford_mp,hannahb4livimp
ianclucas,dianajohnsonmp
ianclucas,ianclucas
ianclucas,jreynoldsmp
ianclucas,marktamimp
iandunt,dr_philippaw
iandunt,karlturnermp
iandunt,lynbrownmp
ianlaverymp,dancardenmp
ianlaverymp,richardburgon
ianmearnsmp,thelma_dwalker
independent,annaturley
independent,chukaumunna
independent,liliangreenwood
independent,nsoames
independent,paulasherriff
iowbobseely,robertcourts
iowbobseely,tomtugendhat
itvnews,anna_soubry
itvnews,barrysheerman
itvnews,ianblackford_mp
itvnews,toniaantoniazzi
itvnews,virendrasharma
jackdromeymp,jackdromeymp
jackiedp,rebeccaharrismp
jamescleverly,alistairburtuk
jamescleverly,cphilpofficial
jamescleverly,jackiedp
jamescleverly,jamescleverly
jamescleverly,julianknight15
jamescleverly,leodochertyuk
jamescleverly,neill_bob
jamescleverly,nus_ghani
jamescleverly,redditchrachel
jamescleverly,stellacreasy
jamesduddridge,sheryllmurray
jamesfrith,harrietharman
jamesfrith,jamesfrith
jamesfrith,keeleymp
jamie4north,laylamoran
jamie4north,thomasbrake
jbrokenshire,brinemp
jbrokenshire,heatherwheeler
jeffsmithetc,louhaigh
jeremy_hunt,alanmakmp
jeremy_hunt,alistairburtuk
jeremy_hunt,cskidmoreuk
jeremy_hunt,davidgauke
jeremy_hunt,davidmorrisml
jeremy_hunt,dunne4ludlow
jeremy_hunt,greghands
jeremy_hunt,hbaldwin
jeremy_hunt,jdjanogly
jeremy_hunt,jeremy_hunt
jeremy_hunt,john2win
jeremy_hunt,johnpenrosenews
jeremy_hunt,mark4wyreforest
jeremy_hunt,nickherbertcbe
jeremy_hunt,nsoames
jeremy_hunt,nus_ghani
jeremy_hunt,rebeccaharrismp
jeremy_hunt,sirrogergale
jeremy_hunt,timloughton
jeremy_hunt,tomtugendhat
jeremy_hunt,vickyford
jeremycorbyn,andymcdonaldmp
jeremycorbyn,catherinewest1
jeremycorbyn,dancardenmp
jeremycorbyn,debbie_abrahams
jeremycorbyn,derbychrisw
jeremycorbyn,emmahardymp
jeremycorbyn,emmalewellbuck
jeremycorbyn,fabianleedsne
jeremycorbyn,faisal__rashid
jeremycorbyn,gordonmarsden
jeremycorbyn,grahamemorris
jeremycorbyn,gwynnemp
jeremycorbyn,hackneyabbott
jeremycorbyn,helengoodmanba
jeremycorbyn,ianlaverymp
jeremycorbyn,imran_hussainmp
jeremycorbyn,jackdromeymp
jeremycorbyn,johnmcdonnellmp
jeremycorbyn,jon_trickett
jeremycorbyn,jreynoldsmp
jeremycorbyn,karlturnermp
jeremycorbyn,keeleymp
jeremycorbyn,laurapidcock
jeremycorbyn,laurasmithcrewe
jeremycorbyn,lesleylaird
jeremycorbyn,liambyrnemp
jeremycorbyn,louhaigh
jeremycorbyn,lynbrownmp
jeremycorbyn,mattrodda
jeremycorbyn,mgreenwoodww
jeremycorbyn,nadinedorries
jeremycorbyn,paulasherriff
jeremycorbyn,pauljsweeney
jeremycorbyn,peter_dowd
jeremycorbyn,preetkgillmp
jeremycorbyn,rlong_bailey
jeremycorbyn,ruthcadbury
jeremycorbyn,sharonhodgsonmp
jeremycorbyn,suehayman1
jeremycorbyn,thelma_dwalker
jeremycorbyn,tracybrabin
jesse_norman,jesse_norman
jessicamordenmp,geraldjoneslab
jessicamordenmp,jessicamordenmp
jessicamordenmp,tandhesi
jessphillips,angelaeagle
jessphillips,annaturley
jessphillips,cpjelmore
jessphillips,emmahardymp
jessphillips,gillfurnissmp
jessphillips,gloriadepiero
jessphillips,hannahb4livimp
jessphillips,jessphillips
jessphillips,louhaigh
jessphillips,rhonddabryant
jessphillips,wesstreeting
jhowelluk,cwhittaker_mp
jimfromoldham,annaturley
jimfromoldham,debbie_abrahams
jimfromoldham,gwynnemp
jimfromoldham,jimfromoldham
jimfromoldham,joplattleigh
jimfromoldham,jreynoldsmp
joannaccherry,dr_philippaw
joannaccherry,joannaccherry
joannaccherry,petergrantmp
joanryanenfield,mikegapes
john2win,eddiehughes4wn
john2win,nus_ghani
john2win,vickyford
johnhealey_mp,davidedrew
johnhealey_mp,jamesfrith
johnhealey_mp,joplattleigh
johnhealey_mp,mikeamesburymp
johnhealey_mp,tpearce003
johnmcdonnellmp,afzal4gorton
johnmcdonnellmp,dancardenmp
johnmcdonnellmp,dianajohnsonmp
johnmcdonnellmp,grahamemorris
johnmcdonnellmp,jeremycorbyn
johnmcdonnellmp,karlturnermp
johnmcdonnellmp,labourlewis
johnmcdonnellmp,lisanandy
johnmcdonnellmp,lynbrownmp
johnmcdonnellmp,mikeamesburymp
johnmcdonnellmp,pauljsweeney
johnmcdonnellmp,peter_dowd
johnmcdonnellmp,sandyofipswich
johnmcdonnellmp,sarahchampionmp
johnmcdonnellmp,thelma_dwalker
johnmcnallysnp,ronniecowan
johnnymerceruk,johnnymerceruk
johnnymerceruk,lucyallan
johnnymerceruk,nsoames
johnnymerceruk,simonclarkemp
johnredwood,pritipatel
johnredwood,rorystewartuk
johnredwood,stevebakerhw
jon_trickett,emmadentcoad
jon_trickett,imran_hussainmp
jonashworth,alexnorrisnn
jonashworth,dianajohnsonmp
jonashworth,emmahardymp
jonashworth,grahamemorris
jonashworth,helengoodmanba
jonashworth,jimfromoldham
jonashworth,jonashworth
jonashworth,julieforburnley
jonashworth,keeleymp
jonashworth,louhaigh
jonashworth,rachaelmaskell
jonashworth,thangammp
joplattleigh,mikeamesburymp
joplattleigh,toniaantoniazzi
jostevenslabour,annclwyd
jostevenslabour,geraldjoneslab
jostevenslabour,kevinbrennanmp
joswinson,cajardinemp
joswinson,joswinson
jsheappey,djwarburton
jsheappey,kellytolhurst
judithcummins,carolynharris24
julialopezmp,stevebakerhw
julianknight15,victoriaprentis
justinegreening,greghands
justinegreening,jsheappey
justinegreening,sdoughtymp
justinmadders,huwmerriman
karen_karenelee,karen_karenelee
karen_karenelee,karinsmyth
karenpbuckmp,hammersmithandy
karenpbuckmp,karenpbuckmp
karenpbuckmp,suehayman1
karinsmyth,carolynharris24
karinsmyth,jessphillips
karinsmyth,karinsmyth
karlturnermp,karlturnermp
keeleymp,cliveefford
keeleymp,debbie_abrahams
keeleymp,dianajohnsonmp
keeleymp,gwynnemp
keeleymp,keeleymp
keeleymp,sharonhodgsonmp
keir_starmer,carolynharris24
keir_starmer,davidedrew
keir_starmer,debbie_abrahams
keir_starmer,lukepollard
keir_starmer,lynbrownmp
keir_starmer,mattrodda
keir_starmer,nicdakin55
keir_starmer,vernon_coaker
kerrymp,darrenpjones
kerrymp,kerrymp
kerrymp,stellacreasy
kevanjonesmp,pauljsweeney
kevin_j_foster,mimsdavies
kevin_maguire,gwynnemp
kevin_maguire,hywelplaidcymru
kevin_maguire,wesstreeting
kevinaschofield,anna_soubry
kevinaschofield,brandonlewis
kevinaschofield,bwallacemp
kevinaschofield,emmahardymp
kevinaschofield,julianknight15
kevinaschofield,labourlewis
kevinaschofield,lordwalney
kevinaschofield,lsrplaid
kevinaschofield,mikegapes
kevinaschofield,petergrantmp
kevinaschofield,philwilsonxmp
kevinaschofield,wera_hobhouse
kevinaschofield,wesstreeting
kevinbrennanmp,jesse_norman
kevinbrennanmp,nicktorfaen
kevinhollinrake,sharonhodgsonmp
kirstysnp,drewhendrysnp
kirstysnp,kirstysnp
labour_history,albertowen2020
labour_history,alexsobel
labour_history,bill_esterson
labour_history,bphillipsonmp
labour_history,dianajohnsonmp
labour_history,grahamemorris
labour_history,jonashworth
labour_history,meaglemp
labour_history,mikegapes
labour_history,nicdakin55
labour_history,rthondavehanson
labour_history,siobhain_mc
labourlewis,bill_esterson
labourlewis,labourlewis
labourpress,acunninghammp
labourpress,afzal4gorton
labourpress,angelarayner
labourpress,bill_esterson
labourpress,dancardenmp
labourpress,grahamemorris
labourpress,gwynnemp
labourpress,hackneyabbott
labourpress,helenhayes_
labourpress,imran_hussainmp
labourpress,jimfromoldham
labourpress,jon_trickett
labourpress,jreynoldsmp
labourpress,karlturnermp
labourpress,keeleymp
labourpress,khalid4pb
labourpress,lukepollard
labourpress,meaglemp
labourpress,rees4neath
labourpress,sandyofipswich
labourpress,sarahchampionmp
labourpress,thelma_dwalker
labourpress,valerie_vazmp
labourpress,vickyfoxcroft
labourpress,waynedavid_mp
labourrichard,jeremycorbyn
labourrichard,lesleylaird
labourrichard,pauljsweeney
laboursj,harrietharman
laboursj,jackdromeymp
labourwhips,bill_esterson
labourwhips,danirowley
labourwhips,dianajohnsonmp
labourwhips,gordonmarsden
labourwhips,gwynnemp
labourwhips,helengoodmanba
labourwhips,ianmurraymp
labourwhips,jessicamordenmp
labourwhips,liambyrnemp
labourwhips,lukepollard
labourwhips,rees4neath
labourwhips,rthondavehanson
laurapidcock,carolineflint
laurapidcock,karlturnermp
laurasmithcrewe,ianlaverymp
laurasmithcrewe,karlturnermp
laylamoran,thomasbrake
lee4ned,bbradley_mans
lee4ned,simonclarkemp
leicesterliz,karenpbuckmp
leicesterliz,patmcfaddenmp
leicesterliz,peterkyle
lewis_goodall,angelasmithmp
lewis_goodall,benpbradshaw
lewis_goodall,karenpbuckmp
lewis_goodall,rupahuq
lewis_goodall,sdoughtymp
lewis_goodall,stephengethins
liambyrnemp,jackdromeymp
liambyrnemp,liambyrnemp
liambyrnemp,shabanamahmood
liamfox,andrealeadsom
liamfox,edvaizey
liamfox,liamfox
liamfox,suellabraverman
libdems,chukaumunna
libdems,edwardjdavey
libdems,jamie4north
libdems,joswinson
libdems,laylamoran
libdems,thomasbrake
libdems,vincecable
liliangreenwood,alexnorrisnn
liliangreenwood,cpjelmore
liliangreenwood,liliangreenwood
liliangreenwood,philwilsonxmp
liliangreenwood,sharonhodgsonmp
lindsayhoyle_mp,mikegapes
lindsayhoyle_mp,redditchrachel
lisanandy,alistairburtuk
lisanandy,cgreenuk
lisanandy,cpjelmore
lisanandy,davidlammy
lisanandy,deidrebrock
lisanandy,gwynnemp
lisanandy,harrietharman
lisanandy,laurasmithcrewe
lisanandy,peter_dowd
lizmcinnes60,jeffsmithetc
lizmcinnes60,jessphillips
lizmcinnes60,tandhesi
liztwistmp,emmalewellbuck
liztwistmp,liztwistmp
liztwistmp,lynbrownmp
lordianaustin,albertowen2020
lordianaustin,chrisleslieuk
lordianaustin,joanryanenfield
lordianaustin,lordianaustin
lordianaustin,mikegapes
lordjohnmann,joanryanenfield
lordwalney,lordwalney
lordwalney,mikegapes
louhaigh,carolynharris24
louhaigh,drrosena
louhaigh,emmahardymp
louhaigh,gillfurnissmp
louhaigh,jreynoldsmp
louhaigh,kevinbrennanmp
louhaigh,lindsayhoyle_mp
louhaigh,louhaigh
louhaigh,mikeamesburymp
louhaigh,paulasherriff
louhaigh,stellacreasy
louhaigh,tulipsiddiq
louhaigh,vernon_coaker
louhaigh,wesstreeting
lsrplaid,hywelplaidcymru
lsrplaid,mikegapes
lsrplaid,petergrantmp
lucianaberger,lordwalney
lucyallan,halfon4harlowmp
lucyallan,kevin_j_foster
lucyallan,lucyallan
lucympowell,jackdromeymp
lucympowell,stellacreasy
lukepollard,benpbradshaw
lukepollard,lukepollard
lynbrownmp,jackdromeymp
lynbrownmp,lynbrownmp
lynbrownmp,pauljsweeney
lynbrownmp,valerie_vazmp
marcusfysh,annietrev
marcusfysh,marcusfysh
margarethodge,margarethodge
margot_james_,margot_james_
margot_james_,nsoames
mariamilleruk,eddiehughes4wn
marionfellows,marionfellows
mark4wyreforest,nus_ghani
mark_j_harper,davidevennett
mark_j_harper,jackiedp
mark_j_harper,lucyallan
mark_j_harper,scottmann4nc
mark_j_harper,stevebakerhw
mark_spencer,andrewbowie_mp
marklancastermk,nadhimzahawi
marktamimp,justinmadders
marshadecordova,danirowley
marshadecordova,grahamemorris
marshadecordova,jackdromeymp
marshadecordova,jamesfrith
marshadecordova,labourlewis
marshadecordova,marshadecordova
marshadecordova,sharonhodgsonmp
marshadecordova,thelma_dwalker
marshadecordova,tracybrabin
martinjdocherty,alisonthewliss
martinjdocherty,chrislawsnp
martinjdocherty,hannahb4livimp
martinjdocherty,martinjdocherty
martinjdocherty,preetkgillmp
martinjdocherty,stewartmcdonald
marycreagh_,annaturley
marycreagh_,barrysheerman
marycreagh_,dianajohnsonmp
marycreagh_,liliangreenwood
marycreagh_,marycreagh_
marycreagh_,rushanaraali
marycreagh_,ruthcadbury
marycreagh_,thangammp
matthancock,bimafolami
matthancock,cj_dinenage
matthancock,damiancollins
matthancock,damiangreen
matthancock,georgefreemanmp
matthancock,guyopperman
matthancock,marklancastermk
matthancock,michaelgove
matthancock,mimsdavies
matthancock,nsoames
matthancock,s_hammond
matthancock,victoriaprentis
matthancock,walkerworcester
mattwestern_,mattrodda
meg_hilliermp,lesleylaird
meljstride,victoriaprentis
mgreenwoodww,laurasmithcrewe
mhairiblack,martinjdocherty
mhairiblack,neilgraysnp
mhclg,brandonlewis
mhclg,heatherwheeler
mhclg,jbrokenshire
mhclg,kevinhollinrake
mhclg,theresecoffey
michael4mdnp,stevebakerhw
michaelgove,kevinhollinrake
michaelgove,neill_bob
michaelgove,nickymorgan01
michaelgove,realstephenkerr
michaelgove,redditchrachel
michaelgove,tomtugendhat
mike_fabricant,mike_fabricant
mike_fabricant,realstephenkerr
mikeamesburymp,albertowen2020
mikeamesburymp,debbie_abrahams
mikeamesburymp,harrietharman
mikegapes,anna_soubry
mikegapes,anncoffey
mikegapes,heidiallen75
mikegapes,joanryanenfield
mikegapes,kate_hollernmp
mikekanemp,mikeamesburymp
mimsdavies,gilliankeegan
mimsdavies,kevin_j_foster
mimsdavies,mimsdavies
mimsdavies,nadams
mimsdavies,willquince
mirrorpolitics,cgreenuk
mirrorpolitics,eddiehughes4wn
mirrorpolitics,jonashworth
mirrorpolitics,jostevenslabour
mirrorpolitics,karlturnermp
mirrorpolitics,keeleymp
mirrorpolitics,wesstreeting
mpritcharduk,annietrev
mpritcharduk,nus_ghani
mrjamesob,annaturley
mrjamesob,benpbradshaw
mrjamesob,dianajohnsonmp
mrjamesob,mikeamesburymp
mrjamesob,mikegapes
mrjamesob,rhonddabryant
mrjamesob,stevereedmp
mrjamesob,tom_watson
mrjohnnicolson,angusmacneilsnp
mrjohnnicolson,cmonaghansnp
mrjohnnicolson,hywelplaidcymru
mrjohnnicolson,petergrantmp
mrjohnnicolson,stewartmcdonald
mtpennycook,annaturley
mtpennycook,cpjelmore
mtpennycook,hammersmithandy
mtpennycook,justinmadders
mtpennycook,lesleylaird
mtpennycook,lynbrownmp
mtpennycook,onnmel
mtpennycook,paulblomfieldmp
mtpennycook,wesstreeting
nadams,nadams
nazshahbfd,jessphillips
nazshahbfd,nazshahbfd
neildotobrien,chhcalling
neildotobrien,neildotobrien
neildotobrien,redditchrachel
neildotobrien,robertbuckland
neildotobrien,samgyimah
neildotobrien,vickyford
neilgraysnp,alisonthewliss
neilgraysnp,hannahb4livimp
niagriffithmp,dawnbutlerbrent
niagriffithmp,rhonddabryant
nicdakin55,cpjelmore
nicdakin55,dianajohnsonmp
nicdakin55,hollylynch5
nicdakin55,karlturnermp
nicdakin55,nicdakin55
nickboles,angelasmithmp
nickboles,bill_esterson
nickboles,conorburnsuk
nickboles,damiangreen
nickboles,edwardjdavey
nickboles,greghands
nickboles,helengoodmanba
nickboles,jdjanogly
nickboles,jreynoldsmp
nickboles,nicdakin55
nickboles,nickboles
nickboles,thomasbrake
nickhurduk,nickhurduk
nicktorfaen,cpjelmore
nicktorfaen,nicdakin55
nicktorfaen,nicktorfaen
nickymorgan01,eddiehughes4wn
nickymorgan01,kevin_j_foster
nickymorgan01,simon4ndorset
nickymorgan01,tomtugendhat
nicolasturgeon,alisonthewliss
nicolasturgeon,chrislawsnp
nicolasturgeon,deidrebrock
nicolasturgeon,dr_philippaw
nicolasturgeon,gavnewlandssnp
nicolasturgeon,hannahb4livimp
nicolasturgeon,kirstysnp
nicolasturgeon,marionfellows
nicolasturgeon,martyndaysnp
nicolasturgeon,mhairiblack
nicolasturgeon,neilgraysnp
nicolasturgeon,petergrantmp
nicolasturgeon,rossthomson_abz
nicolasturgeon,stephengethins
nicolasturgeon,stewartmcdonald
nicolasturgeon,stuart_mcdonald
nigeldoddsdup,eastantrimmp
nigeldoddsdup,j_donaldson_mp
nigeldoddsdup,michael4mdnp
nigelmp,nigelmp
normanlamb,davidgauke
nsoames,nsoames
nsoames,simon4ndorset
nus_ghani,liamfox
onnmel,jessphillips
owenjones84,bill_esterson
owenjones84,karlturnermp
owenjones84,mikegapes
owenpaterson,andrewrosindell
owenpaterson,mpiainds
owenpaterson,nadams
owenpaterson,nsoames
owenpaterson,stevebakerhw
parlyapp,andrealeadsom
parlyapp,angelaeagle
parlyapp,danielzeichner
parlyapp,dianajohnsonmp
parlyapp,ianclucas
parlyapp,joannaccherry
parlyapp,keeleymp
parlyapp,kirstysnp
parlyapp,lizmcinnes60
parlyapp,neilgraysnp
parlyapp,nicktorfaen
parlyapp,petergrantmp
parlyapp,petewishart
parlyapp,pgibsonsnp
parlyapp,rhonddabryant
parlyapp,sandyofipswich
parlyapp,sdoughtymp
parlyapp,tandhesi
parlyapp,tomtugendhat
parlyapp,toniaantoniazzi
parlyapp,valerie_vazmp
patmcfaddenmp,angelaeagle
patmcfaddenmp,peterkyle
paulbranditv,gwynnemp
paulbranditv,jonashworth
paulbranditv,karlturnermp
paulbranditv,louhaigh
paulbranditv,lsrplaid
paulbranditv,mike_fabricant
paulbranditv,neill_bob
paulbranditv,paulasherriff
paulbranditv,rorystewartuk
paulbranditv,sharonhodgsonmp
paulbranditv,toniaantoniazzi
pauljsweeney,andymcdonaldmp
pauljsweeney,emilythornberry
pauljsweeney,pauljsweeney
paulwaugh,annaturley
paulwaugh,edvaizey
paulwaugh,gordonmarsden
paulwaugh,heidiallen75
paulwaugh,joanryanenfield
paulwaugh,jreynoldsmp
paulwaugh,mark4wyreforest
paulwaugh,mikegapes
paulwaugh,rorystewartuk
paulwaugh,sdoughtymp
paulwilliamslab,valerie_vazmp
pennymordaunt,alanmakmp
pennymordaunt,davidmorrisml
pennymordaunt,dunne4ludlow
pennymordaunt,liamfox
pennymordaunt,redditchrachel
pennymordaunt,robertbuckland
pennymordaunt,suellabraverman
peston,alanmakmp
peston,davidgauke
peston,edwardjdavey
peston,emmahardymp
peston,joanryanenfield
peston,mark4wyreforest
peston,mikegapes
peston,onnmel
peston,petewishart
peston,rushanaraali
peston,sdoughtymp
peston,victoriaprentis
peston,waynedavid_mp
peston,wesstreeting
peterboneuk,peterboneuk
petergrantmp,cmonaghansnp
petergrantmp,hywelplaidcymru
petergrantmp,ianblackford_mp
petergrantmp,petergrantmp
peterkyle,annamcmorrin
peterkyle,madeleinemoon
peterkyle,nsoames
peterkyle,patmcfaddenmp
peterkyle,thangammp
peterstefanovi2,mikeamesburymp
petewishart,alisonthewliss
petewishart,petergrantmp
petewishart,petewishart
pgibsonsnp,dougchapmansnp
pgibsonsnp,hannahb4livimp
pgibsonsnp,joannaccherry
pgibsonsnp,petergrantmp
philiphammonduk,julianknight15
philiphammonduk,s_hammond
philiphammonduk,vickyford
philwilsonxmp,acunninghammp
philwilsonxmp,annaturley
philwilsonxmp,peterkyle
pickardje,annaturley
pickardje,hbaldwin
pickardje,jreynoldsmp
pickardje,karlturnermp
pickardje,marycreagh_
pickardje,petergrantmp
plaid_cymru,benmlake
plaid_cymru,hywelplaidcymru
plaid_cymru,lsrplaid
plaid_cymru,petergrantmp
politicshome,coyleneil
politicshome,davidlammy
politicshome,victoriaprentis
preetkgillmp,khalid4pb
preetkgillmp,seemamalhotra1
rachaelmaskell,annaturley
rachaelmaskell,mattrodda
rachelreevesmp,annamcmorrin
rachelreevesmp,annaturley
rachelreevesmp,peterkyle
rblackmanwoods,dianajohnsonmp
rblackmanwoods,rblackmanwoods
rhonddabryant,annietrev
rhonddabryant,carolynharris24
rhonddabryant,dianajohnsonmp
rhonddabryant,guyopperman
rhonddabryant,louhaigh
rhonddabryant,meaglemp
rhonddabryant,pauljsweeney
rhonddabryant,rhonddabryant
rhonddabryant,sdoughtymp
rhonddabryant,simon4ndorset
rhonddabryant,tomtugendhat
rhonddabryant,toniaantoniazzi
richardburden27,liambyrnemp
richardburgon,catherinewest1
richardburgon,dancardenmp
richardburgon,emmadentcoad
richardburgon,hackneyabbott
richardburgon,karlturnermp
richardburgon,marshadecordova
richardgrahamuk,jeremy_hunt
richardhrbenyon,bwallacemp
richardhrbenyon,dominicraab
richardhrbenyon,martinjdocherty
richardhrbenyon,nickboles
richardhrbenyon,nsoames
richardhrbenyon,tomtugendhat
richardhrbenyon,votepursglove
rlong_bailey,anneliesedodds
rlong_bailey,bambos_mp
rlong_bailey,hackneyabbott
rlong_bailey,johnmcdonnellmp
rlong_bailey,lesleylaird
rlong_bailey,onnmel
rlong_bailey,suehayman1
rlong_bailey,tracybrabin
robertcourts,nadhimzahawi
robertjenrick,annietrev
robertjenrick,cherylgillan
robertjenrick,kitmalthouse
robertjenrick,nsoames
robertsyms,simon4ndorset
ronniecowan,alisonthewliss
ronniecowan,carolynharris24
ronniecowan,cmonaghansnp
ronniecowan,deidrebrock
ronniecowan,ronniecowan
rorystewartuk,alistairburtuk
rorystewartuk,davidgauke
rorystewartuk,dlidington
rorystewartuk,georgefreemanmp
rorystewartuk,kitmalthouse
rorystewartuk,neill_bob
rorystewartuk,nsoames
rorystewartuk,richardhrbenyon
rorystewartuk,rorystewartuk
rorystewartuk,sandbach
rorystewartuk,tomtugendhat
rorystewartuk,vickyford
rorystewartuk,victoriaprentis
rossthomson_abz,nadhimzahawi
rossthomson_abz,realstephenkerr
royston_smith,royston_smith
rthondavehanson,dianajohnsonmp
rthondavehanson,rees4neath
rthondavehanson,rthondavehanson
rupahuq,alexsobel
rupahuq,pauljsweeney
rupahuq,rupahuq
rupahuq,tandhesi
rushanaraali,nazshahbfd
ruthcadbury,ruthcadbury
ruthsmeeth,annaturley
ruthsmeeth,cpjelmore
ruthsmeeth,gloriadepiero
sadiqkhan,acunninghammp
sadiqkhan,fitz_xmp
sadiqkhan,gareththomasmp
sadiqkhan,heidi_ldn
sadiqkhan,karenpbuckmp
sadiqkhan,laboursj
sadiqkhan,lynbrownmp
sajidjavid,borisjohnson
sajidjavid,cskidmoreuk
sajidjavid,jeremy_hunt
sajidjavid,julianknight15
sajidjavid,kevin_j_foster
sajidjavid,lucyallan
sajidjavid,marcusfysh
sajidjavid,nickhurduk
sajidjavid,redditchrachel
sajidjavid,simon4ndorset
samcoatessky,cpjelmore
samcoatessky,rhonddabryant
samcoatessky,rthondavehanson
samcoatessky,stellacreasy
samgyimah,samgyimah
sandyofipswich,davidedrew
sandyofipswich,sandyofipswich
sarahchampionmp,carolineflint
sarahchampionmp,coyleneil
sarahchampionmp,sarahchampionmp
sarahwollaston,angelasmithmp
sarahwollaston,heidiallen75
sarahwollaston,sarahwollaston
scotnational,alisonthewliss
scotnational,angusmacneilsnp
scotnational,joannaccherry
scottishlabour,lesleylaird
scottishlabour,pauljsweeney
scrabbpembs,georgefreemanmp
scullyp,scullyp
sdoughtymp,benpbradshaw
sdoughtymp,debbie_abrahams
sdoughtymp,gareththomasmp
sdoughtymp,preetkgillmp
seemamalhotra1,dianajohnsonmp
seemamalhotra1,richardburden27
shabanamahmood,shabanamahmood
sharonhodgsonmp,bill_esterson
sharonhodgsonmp,dianajohnsonmp
sharonhodgsonmp,gordonmarsden
sharonhodgsonmp,kerrymp
sharonhodgsonmp,rhonddabryant
sharonhodgsonmp,ruthcadbury
sharonhodgsonmp,sharonhodgsonmp
sharonhodgsonmp,yvettecoopermp
simon4ndorset,mimsdavies
simon4ndorset,robertsyms
simonclarkemp,alewermbe
simonclarkemp,eddiehughes4wn
simonclarkemp,marcusfysh
simonclarkemp,pritipatel
simonclarkemp,zacgoldsmith
siobhain_mc,jessphillips
siobhain_mc,joanryanenfield
siobhain_mc,siobhain_mc
siralanduncan,rorystewartuk
skinnock,halfon4harlowmp
skinnock,meaglemp
skinnock,niagriffithmp
skinnock,skinnock
skinnock,wesstreeting
skynews,annaturley
skynews,bobblackman
skynews,chhcalling
skynews,eddiehughes4wn
skynews,guyopperman
skynews,helengoodmanba
skynews,jamie4north
skynews,john2win
skynews,joswinson
skynews,julianknight15
skynews,karenpbuckmp
skynews,karinsmyth
skynews,kevin_j_foster
skynews,liamfox
skynews,lynbrownmp
skynews,martinjdocherty
skynews,nadhimzahawi
skynews,rossthomson_abz
skynews,sarahchampionmp
skynews,seemamalhotra1
skynews,victoriaprentis
skynews,wesstreeting
snewtonuk,simonclarkemp
standup4brexit,bernardjenkin
standup4brexit,marcusfysh
standup4brexit,mpiainds
standup4brexit,peterboneuk
standup4brexit,philipdaviesuk
standup4brexit,rossthomson_abz
standup4brexit,stevebakerhw
stellacreasy,chionwurah
stellacreasy,joswinson
stellacreasy,sarahchampionmp
stellacreasy,sdoughtymp
stellacreasy,tomtugendhat
stellacreasy,toniaantoniazzi
stellacreasy,tpearce003
steph_peacock,joplattleigh
steph_peacock,thangammp
stephenlloydebn,stephenlloydebn
stevebakerhw,marcusfysh
stevebakerhw,philipdaviesuk
stevebakerhw,robertsyms
stevebakerhw,stevebakerhw
stevebakerhw,votepursglove
stevebarclay,greghands
stevedouble,cskidmoreuk
stevedouble,stevebakerhw
stevereedmp,normanlamb
stewarthosiesnp,petergrantmp
stewartmcdonald,alisonthewliss
stewartmcdonald,angelacrawley30
stewartmcdonald,chrislawsnp
stewartmcdonald,chrisstephens
stewartmcdonald,cmonaghansnp
stewartmcdonald,dr_philippaw
stewartmcdonald,drewhendrysnp
stewartmcdonald,hannahb4livimp
stewartmcdonald,ianblackford_mp
stewartmcdonald,marionfellows
stewartmcdonald,martinjdocherty
stewartmcdonald,neilgraysnp
stewartmcdonald,petergrantmp
stewartmcdonald,stewartmcdonald
stuart_mcdonald,alisonthewliss
suellabraverman,nadhimzahawi
tandhesi,jackdromeymp
tandhesi,khalid4pb
telegraph,catherinewest1
telegraph,kitmalthouse
telegraph,nadhimzahawi
telegraph,realstephenkerr
thangammp,alistairburtuk
thangammp,dianajohnsonmp
thangammp,jessphillips
thangammp,karinsmyth
thangammp,kerrymp
thangammp,rhonddabryant
thangammp,sdoughtymp
thangammp,thangammp
the_tuc,acunninghammp
the_tuc,angelaeagle
the_tuc,lizmcinnes60
the_tuc,steph_peacock
thelma_dwalker,peter_dowd
thelma_dwalker,tandhesi
thelma_dwalker,tpearce003
theresa_may,brandonlewis
theresa_may,huddlestonnigel
theresa_may,jamescleverly
theresa_may,lordwalney
theresa_may,marklancastermk
theresa_may,matthancock
theresa_may,pennymordaunt
theresa_may,realstephenkerr
theresa_may,stevebakerhw
theresa_may,theresecoffey
theresa_may,wesstreeting
theresecoffey,marcusfysh
theresecoffey,vickyford
thesnp,alisonthewliss
thesnp,angelacrawley30
thesnp,chrislawsnp
thesnp,deidrebrock
thesnp,dr_philippaw
thesnp,drewhendrysnp
thesnp,hannahb4livimp
thesnp,ianblackford_mp
thesnp,joannaccherry
thesnp,neilgraysnp
thesnp,petergrantmp
thesnp,petewishart
thesnp,ronniecowan
thesnp,stephengethins
thesnp,stewartmcdonald
thesnp,stuart_mcdonald
thomasbrake,thomasbrake
thomasbrake,wera_hobhouse
timesredbox,annietrev
timesredbox,ianblackford_mp
timesredbox,louhaigh
timesredbox,neill_bob
timesredbox,stevebakerhw
timesredbox,tracey_crouch
timfarron,rorystewartuk
tnewtondunn,mimsdavies
tnewtondunn,vincecable
tobias_ellwood,nsoames
tobias_ellwood,rorystewartuk
tobias_ellwood,victoriaprentis
tobyperkinsmp,lordwalney
tom_watson,alexnorrisnn
tom_watson,annaturley
tom_watson,blaenaugwentmp
tom_watson,catmckinnell
tom_watson,drrosena
tom_watson,hilarybennmp
tom_watson,ianclucas
tom_watson,kevinbrennanmp
tom_watson,khalid4pb
tom_watson,lukepollard
tom_watson,marktamimp
tom_watson,patmcfaddenmp
tom_watson,pauljsweeney
tom_watson,peterkyle
tom_watson,rachelreevesmp
tom_watson,ruthcadbury
tom_watson,sdoughtymp
tom_watson,seemamalhotra1
tom_watson,stevereedmp
tom_watson,tandhesi
tom_watson,tom_watson
tom_watson,votepursglove
tom_watson,wesstreeting
tomfrench85,angelacrawley30
tomfrench85,chrislawsnp
tomfrench85,ianblackford_mp
tomfrench85,johnmcnallysnp
tomfrench85,neilgraysnp
tomfrench85,stewartmcdonald
tommysheppard,joannaccherry
tommysheppard,petergrantmp
tomtugendhat,bimafolami
tomtugendhat,greghands
tomtugendhat,martinjdocherty
tomtugendhat,nsoames
tomtugendhat,samgyimah
tomtugendhat,tomtugendhat
toniaantoniazzi,angelarayner
toniaantoniazzi,joplattleigh
toniaantoniazzi,marycreagh_
toniaantoniazzi,mikeamesburymp
toniaantoniazzi,toniaantoniazzi
tracey_crouch,carolinenokes
tracey_crouch,eddiehughes4wn
tracey_crouch,redditchrachel
tradegovuk,chhcalling
tradegovuk,liamfox
tradegovuk,marklancastermk
tradegovuk,owenpaterson
tradegovuk,ronniecowan
tradegovuk,stevebakerhw
trussliz,halfon4harlowmp
trussliz,julianknight15
trussliz,nadhimzahawi
trussliz,nsoames
trussliz,redditchrachel
tulipsiddiq,sarahchampionmp
ukhomeoffice,carolinenokes
ukhomeoffice,nickhurduk
ukhomeoffice,sajidjavid
uklabour,acunninghammp
uklabour,afzal4gorton
uklabour,angelaeagle
uklabour,annamcmorrin
uklabour,bill_esterson
uklabour,catherinewest1
uklabour,dianajohnsonmp
uklabour,ed_miliband
uklabour,eleanor_smith55
uklabour,emmahardymp
uklabour,grahamemorris
uklabour,gwynnemp
uklabour,hackneyabbott
uklabour,hughgaffneyccb
uklabour,johnmcdonnellmp
uklabour,joplattleigh
uklabour,karlturnermp
uklabour,lesleylaird
uklabour,lynbrownmp
uklabour,marycreagh_
uklabour,meaglemp
uklabour,mgreenwoodww
uklabour,mikeamesburymp
uklabour,nicdakin55
uklabour,pauljsweeney
uklabour,rachaelmaskell
uklabour,rblackmanwoods
uklabour,shabanamahmood
uklabour,stephenmorganmp
uklabour,stevereedmp
uklabour,suehayman1
uklabour,tracybrabin
uklabour,valerie_vazmp
uklabour,wesstreeting
vernon_coaker,rachelreevesmp
vernon_coaker,stephenmorganmp
vickyford,alexburghart
vickyford,john2win
vickyford,liamfox
vickyford,nadinedorries
vickyford,nsoames
vickyfoxcroft,wesstreeting
victoriaprentis,julianknight15
vincecable,sarahwollaston
vincecable,thomasbrake
votepursglove,nadhimzahawi
votepursglove,peterboneuk
votepursglove,rebeccaharrismp
votepursglove,votepursglove
walkerworcester,kevin_j_foster
wallaceme,jamescleverly
wallaceme,julianknight15
wallaceme,nadinedorries
wallaceme,nus_ghani
wallaceme,philipdaviesuk
wallaceme,stevebakerhw
welshlabour,annamcmorrin
welshlabour,carolynharris24
welshlabour,geraldjoneslab
welshlabour,justinmadders
welshlabour,liambyrnemp
welshlabour,rees4neath
welshlabour,sdoughtymp
welshlabour,skinnock
welshlabour,toniaantoniazzi
wera_hobhouse,jamie4north
wesstreeting,annaturley
wesstreeting,catmckinnell
wesstreeting,kategreensu
wesstreeting,mikeamesburymp
wesstreeting,ruthcadbury
wesstreeting,sarahchampionmp
wesstreeting,sdoughtymp
wesstreeting,toniaantoniazzi
wesstreeting,tracybrabin
wesstreeting,wesstreeting
willquince,willquince
yvettecoopermp,acunninghammp
yvettecoopermp,angelaeagle
yvettecoopermp,debbie_abrahams
yvettecoopermp,emmaereynolds
yvettecoopermp,harrietharman
yvettecoopermp,karenpbuckmp
yvettecoopermp,lynbrownmp
yvettecoopermp,pauljsweeney
yvettecoopermp,richardburden27
yvettecoopermp,sarahwollaston
yvettecoopermp,seemamalhotra1
yvettecoopermp,yasminqureshimp
zacgoldsmith,borisjohnson
zacgoldsmith,jsheappey
zacgoldsmith,lucyallan
zacgoldsmith,marcusfysh
zacgoldsmith,zacgoldsmith
