Country,Election_Year,Election_date,Polarization_votes,Polarization_seats
Austria,1945,1945-11-25,3.257332,3.018394
Austria,1949,1949-10-09,3.490593,3.277571
Austria,1953,1953-02-22,3.502395,3.215545
Austria,1956,1956-05-13,3.339067,3.050352
Austria,1959,1959-05-10,3.278765,2.916932
Austria,1962,1962-11-18,3.229071,2.910456
Austria,1966,1966-03-06,2.859217,2.872181
Austria,1970,1970-03-01,3.027841,2.893479
Austria,1971,1971-10-10,3.068636,2.944783
Austria,1975,1975-10-05,3.047456,2.944783
Austria,1979,1979-05-06,3.048869,2.958347
Austria,1983,1983-04-24,3.001566,2.969663
Austria,1986,1986-11-23,3.210034,3.145528
Austria,1990,1990-10-07,3.480359,3.48817
Austria,1994,1994-10-09,3.748233,3.764059
Austria,1995,1995-12-17,3.587079,3.624977
Austria,1999,1999-10-03,3.43283,3.505684
Austria,2002,2002-11-24,3.863914,3.871675
Austria,2006,2006-10-01,4.997955,4.9719
Austria,2008,2008-09-28,4.842644,4.96913
Austria,2013,2013-09-29,4.142074,4.053504
Austria,2017,2017-10-15,4.366304,4.212249
Austria,2019,2019-09-29,4.300457,4.266041
Belgium,1946,1946-02-17,4.116995,4.039225
Belgium,1949,1949-06-26,4.103216,3.963547
Belgium,1950,1950-06-04,3.88508,3.73922
Belgium,1954,1954-04-11,3.917782,3.80663
Belgium,1958,1958-06-01,3.765451,3.667124
Belgium,1961,1961-03-26,3.901675,3.808187
Belgium,1965,1965-05-23,4.133778,4.086792
Belgium,1968,1968-03-31,4.113622,4.030577
Belgium,1971,1971-11-07,4.058254,4.01762
Belgium,1974,1974-03-10,4.008472,3.874552
Belgium,1977,1977-04-17,3.913842,3.778815
Belgium,1978,1978-12-17,4.170804,3.929952
Belgium,1981,1981-11-08,4.293725,4.134412
Belgium,1985,1985-10-13,4.157945,3.9683
Belgium,1987,1987-12-13,4.196383,4.088599
Belgium,1991,1991-11-24,3.969465,3.749917
Belgium,1995,1995-05-21,4.245423,3.953153
Belgium,1999,1999-06-13,4.686368,4.599844
Belgium,2003,2003-05-18,4.159602,3.973447
Belgium,2007,2007-06-10,4.566054,4.218919
Belgium,2010,2010-06-13,4.925957,4.782203
Belgium,2014,2014-05-25,4.73458,4.506652
Belgium,2019,2019-05-26,5.734732,5.85705
Cyprus,1976,1976-09-05,2.898875,2.049145
Cyprus,1981,1981-05-24,4.556614,4.674978
Cyprus,1985,1985-12-08,4.371652,4.350531
Cyprus,1991,1991-05-19,4.64966,4.610942
Cyprus,1996,1996-05-26,4.753657,4.675783
Cyprus,2001,2001-05-27,4.82541,4.799451
Cyprus,2006,2006-05-21,4.775428,4.807749
Cyprus,2011,2011-05-22,4.90096,4.862944
Cyprus,2016,2016-05-22,4.634137,4.794041
Cyprus,2021,2021-05-30,3.993107,4.212455
Denmark,1945,1945-10-30,4.052371,4.028523
Denmark,1947,1947-10-28,3.53283,3.487537
Denmark,1950,1950-09-05,3.380331,3.376432
Denmark,1953,1953-04-21,3.406031,3.380388
Denmark,1953,1953-09-22,3.405428,3.391852
Denmark,1957,1957-05-14,3.272808,3.276683
Denmark,1960,1960-11-15,3.473797,3.37285
Denmark,1964,1964-09-22,3.508705,3.392816
Denmark,1966,1966-11-22,3.68519,3.615796
Denmark,1968,1968-01-23,3.611466,3.531218
Denmark,1971,1971-09-21,3.601349,3.388369
Denmark,1973,1973-12-04,4.358513,4.176273
Denmark,1975,1975-01-09,4.365745,4.338388
Denmark,1977,1977-02-15,4.388358,4.395755
Denmark,1979,1979-10-23,4.343098,4.148895
Denmark,1981,1981-12-08,4.295037,4.230699
Denmark,1984,1984-01-10,4.149745,4.094994
Denmark,1987,1987-09-08,4.326041,4.199391
Denmark,1988,1988-05-10,4.757812,4.529384
Denmark,1990,1990-12-12,4.555398,4.334047
Denmark,1994,1994-09-21,4.624592,4.63872
Denmark,1998,1998-03-11,4.176993,4.136801
Denmark,2001,2001-11-20,4.189582,4.168253
Denmark,2005,2005-02-08,3.7708,3.785155
Denmark,2007,2007-11-13,4.082069,4.059067
Denmark,2011,2011-09-15,4.14362,4.119028
Denmark,2015,2015-06-18,3.917409,3.89958
Denmark,2019,2019-06-05,3.900968,3.928084
Finland,1945,1945-03-18,3.83834,3.813053
Finland,1948,1948-07-01,3.805252,3.746022
Finland,1951,1951-07-03,3.76572,3.732964
Finland,1954,1954-03-08,3.701291,3.642032
Finland,1958,1958-07-07,3.830666,3.827576
Finland,1962,1962-02-05,3.788311,3.842869
Finland,1966,1966-03-21,3.739873,3.654517
Finland,1970,1970-03-16,3.793344,3.84796
Finland,1972,1972-01-03,3.839213,3.849486
Finland,1975,1975-09-22,3.920334,3.93733
Finland,1979,1979-03-13,4.002038,4.039168
Finland,1983,1983-03-21,3.850701,3.812677
Finland,1987,1987-03-16,3.850872,3.821993
Finland,1991,1991-03-17,3.490657,3.508379
Finland,1995,1995-03-19,3.499312,3.557889
Finland,1999,1999-03-21,3.806345,3.801537
Finland,2003,2003-03-16,3.270671,3.209053
Finland,2007,2007-03-18,3.043979,3.008701
Finland,2011,2011-04-17,3.059943,3.016391
Finland,2015,2015-04-19,3.158682,3.047049
Finland,2019,2019-04-14,4.25005,4.27985
France,1945,1945-10-21,4.807817,4.56046
France,1946,1946-06-02,4.75796,4.57158
France,1946,1946-11-10,4.944823,4.871327
France,1951,1951-06-17,5.860107,5.510004
France,1956,1956-01-02,5.351223,5.331899
France,1958,1958-11-23,5.768253,3.843429
France,1962,1962-11-18,5.946516,5.04
France,1967,1967-03-05,5.938409,5.42739
France,1968,1968-06-23,5.834888,4.240835
France,1973,1973-03-04,6.083981,5.903811
France,1978,1978-03-12,5.617558,5.499322
France,1981,1981-06-14,5.30286,4.890176
France,1986,1986-03-16,5.88322,5.436963
France,1988,1988-06-05,5.197326,3.914415
France,1993,1993-03-21,5.223654,3.272502
France,1997,1997-05-25,4.805926,3.759326
France,2002,2002-06-09,4.872121,3.279482
France,2007,2007-06-10,5.113285,4.42181
France,2012,2012-06-10,4.830885,3.723584
France,2017,2017-06-11,5.406283,3.218158
Germany,1949,1949-08-14,3.597151,3.552298
Germany,1953,1953-09-06,3.414594,3.289683
Germany,1957,1957-09-15,3.303281,3.408414
Germany,1961,1961-09-17,3.348886,3.440846
Germany,1965,1965-09-19,3.693137,3.507051
Germany,1969,1969-09-28,4.008346,3.59393
Germany,1972,1972-11-19,3.626564,3.565237
Germany,1976,1976-10-03,3.597078,3.57611
Germany,1980,1980-10-05,3.550499,3.542609
Germany,1983,1983-03-06,3.67728,3.66006
Germany,1987,1987-01-25,3.709398,3.651085
Germany,1990,1990-12-02,3.477221,3.184652
Germany,1994,1994-10-16,3.724634,3.538296
Germany,1998,1998-09-27,3.205508,2.841441
Germany,2002,2002-09-22,2.835809,2.52215
Germany,2005,2005-09-18,3.945604,3.771065
Germany,2009,2009-09-27,3.826365,3.668991
Germany,2013,2013-09-22,3.826942,3.327341
Germany,2017,2017-09-24,4.352392,4.46804
Germany,2021,2021-09-26,4.022675,4.206877
Greece,1974,1974-11-17,3.130409,1.832891
Greece,1977,1977-11-20,3.414828,2.454476
Greece,1981,1981-10-18,3.34813,2.362259
Greece,1985,1985-06-02,3.294005,2.393723
Greece,1989,1989-06-18,3.506995,3.111086
Greece,1989,1989-11-05,3.277411,2.829685
Greece,1990,1990-04-08,3.224288,2.736782
Greece,1993,1993-10-10,2.650604,2.25793
Greece,1996,1996-09-22,2.953977,2.484783
Greece,2000,2000-04-09,2.779656,2.364619
Greece,2004,2004-03-07,3.744469,3.175672
Greece,2007,2007-09-16,4.120913,3.997983
Greece,2009,2009-10-04,4.264343,3.98263
Greece,2012,2012-05-06,5.722757,5.707716
Greece,2012,2012-06-17,5.647524,5.418095
Greece,2015,2015-01-25,5.648438,5.697035
Greece,2015,2015-09-20,5.649346,5.623084
Greece,2019,2019-07-07,5.34588,5.087614
Iceland,1946,1946-06-30,3.644993,3.618836
Iceland,1949,1949-10-23,3.65106,3.530729
Iceland,1953,1953-06-28,3.510227,3.45535
Iceland,1956,1956-06-24,3.651504,3.459278
Iceland,1959,1959-06-28,3.551341,3.449189
Iceland,1959,1959-10-26,3.52017,3.571872
Iceland,1963,1963-06-09,3.572571,3.520191
Iceland,1967,1967-06-11,3.395518,3.472267
Iceland,1971,1971-06-13,3.475142,3.487481
Iceland,1974,1974-06-30,3.667114,3.666159
Iceland,1978,1978-06-25,3.565381,3.606726
Iceland,1979,1979-12-03,3.557658,3.510036
Iceland,1983,1983-04-23,3.729054,3.697387
Iceland,1987,1987-04-25,3.78224,3.74423
Iceland,1991,1991-04-20,3.783428,3.773983
Iceland,1995,1995-04-08,3.576788,3.637563
Iceland,1999,1999-05-08,3.680251,3.69432
Iceland,2003,2003-05-10,3.635231,3.619187
Iceland,2007,2007-05-12,4.63217,4.678076
Iceland,2009,2009-04-25,4.310303,4.362788
Iceland,2013,2013-04-27,3.793205,3.904402
Iceland,2016,2016-10-29,4.090434,4.25151
Iceland,2017,2017-10-28,4.180539,4.193783
Iceland,2021,2021-09-25,3.888476,3.920736
Ireland,1948,1948-02-04,1.805638,1.918071
Ireland,1951,1951-05-30,1.851781,1.825523
Ireland,1954,1954-04-18,1.948211,1.990504
Ireland,1957,1957-03-05,2.580713,2.159259
Ireland,1961,1961-10-04,1.967771,1.959859
Ireland,1965,1965-04-07,2.141032,2.12883
Ireland,1969,1969-06-18,2.225818,1.9707
Ireland,1973,1973-02-28,2.233677,2.026917
Ireland,1977,1977-06-16,2.196851,1.879563
Ireland,1981,1981-06-11,2.504003,2.099247
Ireland,1982,1982-02-18,2.349823,2.094949
Ireland,1982,1982-11-24,2.396547,2.037355
Ireland,1987,1987-02-17,2.941173,2.372141
Ireland,1989,1989-06-15,3.028153,2.642004
Ireland,1992,1992-11-25,2.9978,2.821976
Ireland,1997,1997-06-06,2.841901,2.425379
Ireland,2002,2002-05-17,2.623482,2.514718
Ireland,2007,2007-05-24,2.962357,2.322994
Ireland,2011,2011-02-25,3.882115,3.861516
Ireland,2016,2016-02-26,3.572132,3.539311
Ireland,2020,2020-02-08,2.891415,2.912593
Italy,1946,1946-06-02,3.431978,3.466493
Italy,1948,1948-04-18,3.42053,3.283736
Italy,1953,1953-06-07,4.614323,4.553163
Italy,1958,1958-05-25,4.323546,4.21138
Italy,1963,1963-04-28,4.172628,4.070199
Italy,1968,1968-05-19,4.096855,4.015154
Italy,1972,1972-05-07,4.404789,4.431525
Italy,1976,1976-06-20,4.367893,4.323573
Italy,1979,1979-06-03,4.316941,4.161787
Italy,1983,1983-06-26,4.352551,4.36104
Italy,1987,1987-06-14,4.285859,4.204859
Italy,1992,1992-04-05,4.637094,4.659604
Italy,1994,1994-03-27,5.229928,5.381863
Italy,1996,1996-04-21,4.57907,4.366725
Italy,2001,2001-05-13,3.818638,3.788989
Italy,2006,2006-04-09,4.576245,4.542871
Italy,2008,2008-04-13,4.647616,4.259224
Italy,2013,2013-02-25,3.523527,3.198797
Italy,2018,2018-03-04,4.505818,4.263192
Luxembourg,1945,1945-10-21,3.932595,3.643974
Luxembourg,1948,1948-06-06,4.064471,3.600241
Luxembourg,1951,1951-06-03,2.790562,3.359833
Luxembourg,1954,1954-05-30,3.517684,3.225062
Luxembourg,1959,1959-02-01,3.452349,3.104965
Luxembourg,1964,1964-06-07,3.722415,3.4796
Luxembourg,1968,1968-12-15,4.007091,3.618765
Luxembourg,1974,1974-05-26,3.431564,3.281278
Luxembourg,1979,1979-06-10,3.013811,2.729852
Luxembourg,1984,1984-06-17,3.058758,2.797321
Luxembourg,1989,1989-06-18,3.481819,3.018576
Luxembourg,1994,1994-06-12,3.248968,2.859229
Luxembourg,1999,1999-06-13,3.46263,3.178034
Luxembourg,2004,2004-06-13,3.419635,2.967879
Luxembourg,2009,2009-06-07,3.587878,3.163734
Luxembourg,2013,2013-10-20,3.692098,3.207316
Luxembourg,2018,2018-10-14,2.989877,2.47031
Malta,1947,1947-10-27,1.118476,1.104244
Malta,1950,1950-09-02,1.302026,1.321764
Malta,1951,1951-05-05,1.390953,1.403121
Malta,1953,1953-12-12,1.430052,1.492481
Malta,1955,1955-02-26,1.455003,1.483029
Malta,1962,1962-02-17,1.454621,1.459662
Malta,1966,1966-03-28,1.487195,1.489161
Malta,1971,1971-06-14,1.490374,1.499757
Malta,1976,1976-09-18,1.499325,1.498412
Malta,1981,1981-12-12,1.499757,1.498412
Malta,1987,1987-05-09,1.498198,1.499853
Malta,1992,1992-02-22,1.499028,1.498412
Malta,1996,1996-10-26,1.498547,1.499853
Malta,1998,1998-09-05,1.499028,1.495662
Malta,2003,2003-04-12,1.499028,1.495662
Malta,2008,2008-03-08,1.495445,1.499853
Malta,2013,2013-03-09,1.485904,1.487271
Malta,2017,2017-06-04,0.2031079,6.87e-07
Netherlands,1946,1946-05-17,4.11155,4.062123
Netherlands,1948,1948-07-07,3.957381,3.972491
Netherlands,1952,1952-06-25,3.996586,3.91239
Netherlands,1956,1956-06-13,3.954159,3.865097
Netherlands,1959,1959-03-12,3.971231,3.871932
Netherlands,1963,1963-05-15,3.997895,3.970956
Netherlands,1967,1967-02-15,3.932799,3.926386
Netherlands,1971,1971-03-28,4.107096,4.069146
Netherlands,1972,1972-11-29,4.429488,4.39513
Netherlands,1977,1977-05-25,4.231282,4.158429
Netherlands,1981,1981-05-26,4.279713,4.244919
Netherlands,1982,1982-09-08,4.561696,4.504564
Netherlands,1986,1986-05-21,4.216018,4.046539
Netherlands,1989,1989-09-06,3.493807,3.431614
Netherlands,1994,1994-05-03,3.746083,3.649072
Netherlands,1998,1998-05-06,3.2526,3.193364
Netherlands,2002,2002-05-15,3.996321,3.997446
Netherlands,2003,2003-01-22,3.690374,3.660108
Netherlands,2006,2006-11-22,4.403831,4.412441
Netherlands,2010,2010-06-09,4.674291,4.700171
Netherlands,2012,2012-09-12,5.040628,5.08048
Netherlands,2017,2017-03-15,4.898172,4.91771
Netherlands,2021,2021-03-15,4.714405,4.737044
Norway,1945,1945-10-08,4.117959,3.897284
Norway,1949,1949-10-10,3.904745,3.528714
Norway,1953,1953-10-12,3.982468,3.812576
Norway,1957,1957-10-07,3.891498,3.805703
Norway,1961,1961-09-11,4.030902,3.836417
Norway,1965,1965-09-12,4.158197,3.849844
Norway,1969,1969-09-07,4.015176,3.766026
Norway,1973,1973-09-09,4.693322,4.516143
Norway,1977,1977-09-11,4.468498,4.14814
Norway,1981,1981-09-14,4.782283,4.558889
Norway,1985,1985-09-08,4.781545,4.515339
Norway,1989,1989-09-11,4.871968,4.878531
Norway,1993,1993-09-13,4.280122,4.171186
Norway,1997,1997-09-16,4.730846,4.546012
Norway,2001,2001-09-10,4.999028,5.044052
Norway,2005,2005-09-12,4.512551,4.429926
Norway,2009,2009-09-14,4.495948,4.422653
Norway,2013,2013-09-09,4.237732,4.094928
Norway,2017,2017-09-11,4.190203,4.073406
Norway,2021,2021-09-13,4.289705,4.300828
Portugal,1975,1975-04-25,2.783212,2.62679
Portugal,1976,1976-04-25,3.392064,3.314844
Portugal,1979,1979-10-05,3.252516,3.239764
Portugal,1980,1980-10-05,3.238694,3.18046
Portugal,1983,1983-04-25,3.252364,3.140732
Portugal,1985,1985-10-06,2.988319,2.809664
Portugal,1987,1987-07-19,2.568195,2.310787
Portugal,1991,1991-10-06,2.453543,2.171247
Portugal,1995,1995-10-01,2.777433,2.474644
Portugal,1999,1999-10-10,3.038375,2.806764
Portugal,2002,2002-03-17,3.397011,3.163266
Portugal,2005,2005-02-20,3.396226,3.065783
Portugal,2009,2009-09-27,4.495101,4.16432
Portugal,2011,2011-06-05,4.35821,4.069682
Portugal,2015,2015-10-04,4.414095,4.257778
Portugal,2019,2019-10-06,4.034517,3.695648
Spain,1977,1977-06-15,3.841541,3.719115
Spain,1979,1979-03-01,4.106157,3.811842
Spain,1982,1982-10-28,4.433557,4.503811
Spain,1986,1986-06-22,4.415431,4.563581
Spain,1989,1989-10-29,3.856147,3.882843
Spain,1993,1993-06-06,4.164149,4.050311
Spain,1996,1996-03-03,3.136249,2.913139
Spain,2000,2000-03-12,2.913455,2.680955
Spain,2004,2004-03-14,4.491498,4.436232
Spain,2008,2008-03-09,3.736181,3.627793
Spain,2011,2011-11-20,3.997555,3.824384
Spain,2015,2015-12-20,4.324621,4.316251
Spain,2016,2016-06-26,4.303115,4.379359
Spain,2019,2019-04-28,5.23732,4.990988
Spain,2019,2019-11-10,5.514145,5.462759
Sweden,1948,1948-09-19,3.781507,3.54047
Sweden,1952,1952-09-21,3.78211,3.643689
Sweden,1956,1956-09-26,3.929342,3.856006
Sweden,1958,1958-06-01,3.981543,3.942239
Sweden,1960,1960-09-18,3.926755,3.833384
Sweden,1964,1964-09-20,3.868938,3.755871
Sweden,1968,1968-09-15,3.750766,3.631385
Sweden,1970,1970-09-20,3.761764,3.731872
Sweden,1973,1973-09-16,3.939417,3.911288
Sweden,1976,1976-09-19,3.933088,3.924963
Sweden,1979,1979-09-16,4.173146,4.1655
Sweden,1982,1982-09-19,4.30017,4.343811
Sweden,1985,1985-09-15,4.175953,4.17933
Sweden,1988,1988-09-18,3.832524,3.840786
Sweden,1991,1991-09-15,4.390745,4.432093
Sweden,1994,1994-09-18,4.213574,4.142608
Sweden,1998,1998-09-21,4.447578,4.468023
Sweden,2002,2002-09-15,3.985514,3.957424
Sweden,2006,2006-09-17,4.052852,3.987061
Sweden,2010,2010-09-19,4.321404,4.314571
Sweden,2014,2014-09-13,4.260961,4.144705
Sweden,2018,2018-09-09,4.514231,4.495639
Switzerland,1947,1947-10-26,3.237309,3.221121
Switzerland,1951,1951-10-28,3.17948,3.152663
Switzerland,1955,1955-10-30,3.17236,3.201546
Switzerland,1959,1959-10-25,3.156957,3.190341
Switzerland,1963,1963-10-27,3.158938,3.206176
Switzerland,1967,1967-10-29,3.041221,3.136264
Switzerland,1971,1971-10-31,3.014292,3.084007
Switzerland,1975,1975-10-26,3.141059,3.21828
Switzerland,1979,1979-10-21,3.245853,3.295762
Switzerland,1983,1983-10-23,3.270448,3.2933
Switzerland,1987,1987-10-18,3.52797,3.412577
Switzerland,1991,1991-10-20,3.781364,3.777978
Switzerland,1995,1995-10-22,3.780138,3.80282
Switzerland,1999,1999-10-24,3.611339,3.570535
Switzerland,2003,2003-10-19,3.658674,3.68346
Switzerland,2007,2007-10-21,4.958824,5.101269
Switzerland,2011,2011-10-23,4.777812,4.894249
Switzerland,2015,2015-10-18,4.789167,4.875355
Switzerland,2019,2019-10-20,5.867652,6.034158
United Kingdom,1945,1945-07-05,5.126552,5.09793
United Kingdom,1950,1950-02-23,5.201857,5.44544
United Kingdom,1951,1951-10-25,5.411107,5.456515
United Kingdom,1955,1955-05-26,5.415532,5.44843
United Kingdom,1959,1959-10-08,5.31366,5.390215
United Kingdom,1964,1964-10-15,5.149593,5.46024
United Kingdom,1966,1966-03-31,5.206834,5.3594
United Kingdom,1970,1970-06-18,5.213907,5.443957
United Kingdom,1974,1974-02-28,4.84748,5.414243
United Kingdom,1974,1974-10-10,4.845209,5.389464
United Kingdom,1979,1979-05-03,4.98656,5.40073
United Kingdom,1983,1983-06-09,4.636864,5.140657
United Kingdom,1987,1987-06-11,4.765298,5.228278
United Kingdom,1992,1992-04-09,3.398459,3.59387
United Kingdom,1997,1997-05-01,2.458525,2.198329
United Kingdom,2001,2001-06-07,3.19091,2.638935
United Kingdom,2005,2005-05-05,2.416677,1.927506
United Kingdom,2010,2010-05-06,3.293148,3.1263
United Kingdom,2015,2015-05-07,4.306535,3.608797
United Kingdom,2017,2017-06-08,4.959833,4.994934
United Kingdom,2019,2019-12-12,4.773562,4.822404
