Source,Target,post_id,Type,Weight,sentiment_score,score,created_utc
Historical-Mix4837,Cinnamon-Dream,1kj2ak3,reply,1,0.8779,1,2025-05-10T06:36:49+00:00
Historical-Mix4837,Seasick_YetDocked,1kj2ak3,reply,1,0.8214,0,2025-05-10T06:38:42+00:00
Historical-Mix4837,CuteProfessor3457,1kj2ak3,reply,1,0.6114,1,2025-05-10T06:40:25+00:00
OptionalQuality789,Historical-Mix4837,1kj2ak3,reply,1,0.1332,15,2025-05-10T06:55:14+00:00
FuzzBuket,Historical-Mix4837,1kj2ak3,reply,1,0.1779,3,2025-05-10T08:02:32+00:00
JMWTurnerOverdrive,Historical-Mix4837,1kj2ak3,reply,1,-0.3412,1,2025-05-10T08:42:30+00:00
l_sch,Historical-Mix4837,1kj2ak3,reply,1,0.9192,1,2025-05-10T07:34:20+00:00
CuteProfessor3457,Historical-Mix4837,1kj2ak3,reply,1,0.7964,1,2025-05-10T08:47:13+00:00
cloud__19,l_sch,1kj2ak3,reply,1,-0.3612,2,2025-05-10T08:03:32+00:00
Neat_Tip_7943,plights4aisomer,1kh0q5k,reply,1,0.3612,1,2025-05-09T22:48:14+00:00
Neat_Tip_7943,missfoxsticks,1kh0q5k,reply,1,0.3071,-1,2025-05-07T17:20:20+00:00
Neat_Tip_7943,missfoxsticks,1kh0q5k,reply,1,0.0,-1,2025-05-07T17:21:17+00:00
Neat_Tip_7943,Kingofmostthings,1kh0q5k,reply,1,0.5809,1,2025-05-07T17:20:44+00:00
Neat_Tip_7943,lawlg,1kh0q5k,reply,1,0.0,1,2025-05-07T17:21:19+00:00
missfoxsticks,Neat_Tip_7943,1kh0q5k,reply,1,-0.5574,3,2025-05-07T17:23:12+00:00
Unlikely_Project7443,Neat_Tip_7943,1kh0q5k,reply,1,0.0,2,2025-05-08T08:17:33+00:00
missfoxsticks,Neat_Tip_7943,1kh0q5k,reply,1,-0.2944,2,2025-05-07T17:22:35+00:00
lawlg,Neat_Tip_7943,1kh0q5k,reply,1,0.0516,1,2025-05-14T12:43:21+00:00
Unidain,missfoxsticks,1kh0q5k,reply,1,0.296,1,2025-05-08T07:35:08+00:00
Neat_Tip_7943,Unlikely_Project7443,1kh0q5k,reply,1,0.3612,1,2025-05-09T22:48:00+00:00
Neat_Tip_7943,missfoxsticks,1kh0q5k,reply,1,-0.3595,4,2025-05-07T17:28:41+00:00
missfoxsticks,Unidain,1kh0q5k,reply,1,0.6936,3,2025-05-08T08:12:41+00:00
missfoxsticks,Neat_Tip_7943,1kh0q5k,reply,1,0.8126,2,2025-05-07T17:45:01+00:00
Neat_Tip_7943,missfoxsticks,1kh0q5k,reply,1,0.7455,3,2025-05-07T17:54:21+00:00
missfoxsticks,Neat_Tip_7943,1kh0q5k,reply,1,0.5255,1,2025-05-07T17:55:34+00:00
Neat_Tip_7943,missfoxsticks,1kh0q5k,reply,1,0.4753,2,2025-05-07T18:17:30+00:00
spookygayalexx,Osprenti,1kbtaj5,reply,1,0.4199,1,2025-05-01T08:30:23+00:00
TruthfulCartographer,Pleasant-Following79,1k97ylu,reply,1,0.796,1,2025-04-28T11:23:13+00:00
TruthfulCartographer,AggressiveGoGetter,1k97ylu,reply,1,0.5844,1,2025-04-27T17:04:53+00:00
AggressiveGoGetter,TruthfulCartographer,1k97ylu,reply,1,0.969,0,2025-04-27T17:44:41+00:00
Psychological-Arm844,tubbytucker,1k167t3,reply,1,-0.5719,7,2025-04-17T07:07:27+00:00
IdkWTFshOuLdIcAlL,JMWTurnerOverdrive,1jzs1sy,reply,1,-0.4416,37,2025-04-15T13:51:40+00:00
BoxAlternative9024,JMWTurnerOverdrive,1jzs1sy,reply,1,-0.4767,3,2025-04-15T17:15:38+00:00
IdkWTFshOuLdIcAlL,WiSH-Dumain,1jzs1sy,reply,1,-0.3612,8,2025-04-15T13:57:40+00:00
AnAlbannaichRigh,bearlybearbear,1jzs1sy,reply,1,0.8761,2,2025-04-17T10:01:05+00:00
ferdia6,IdkWTFshOuLdIcAlL,1jzs1sy,reply,1,-0.2148,34,2025-04-15T16:47:32+00:00
thebounce42,IdkWTFshOuLdIcAlL,1jzs1sy,reply,1,0.7443,12,2025-04-15T14:37:00+00:00
WarpedWilly,IdkWTFshOuLdIcAlL,1jzs1sy,reply,1,0.0,4,2025-04-15T14:30:09+00:00
pretty_gauche6,IdkWTFshOuLdIcAlL,1jzs1sy,reply,1,0.0,6,2025-04-15T17:55:38+00:00
AlexPenname,IdkWTFshOuLdIcAlL,1jzs1sy,reply,1,-0.6652,1,2025-04-16T15:55:58+00:00
IdkWTFshOuLdIcAlL,United-Syllabub-9914,1jzs1sy,reply,1,0.3612,1,2025-04-15T14:25:17+00:00
IdkWTFshOuLdIcAlL,GuanacoLunch,1jzs1sy,reply,1,0.6652,2,2025-04-16T10:59:06+00:00
IdkWTFshOuLdIcAlL,Locksmithbloke,1jzs1sy,reply,1,0.3382,2,2025-04-19T17:42:25+00:00
hawk_wood16,IdkWTFshOuLdIcAlL,1jzs1sy,reply,1,-0.3089,13,2025-04-15T13:56:58+00:00
kombuchalover420,IdkWTFshOuLdIcAlL,1jzs1sy,reply,1,0.0,-2,2025-04-16T08:54:58+00:00
JMWTurnerOverdrive,IdkWTFshOuLdIcAlL,1jzs1sy,reply,1,-0.5661,22,2025-04-15T14:21:19+00:00
IdkWTFshOuLdIcAlL,thebounce42,1jzs1sy,reply,1,0.8207,8,2025-04-15T14:46:31+00:00
IdkWTFshOuLdIcAlL,WarpedWilly,1jzs1sy,reply,1,0.0,7,2025-04-15T14:31:45+00:00
IdkWTFshOuLdIcAlL,pretty_gauche6,1jzs1sy,reply,1,-0.2975,4,2025-04-16T10:56:03+00:00
AlexPenname,IdkWTFshOuLdIcAlL,1jzs1sy,reply,1,0.1646,2,2025-04-16T15:58:04+00:00
IdkWTFshOuLdIcAlL,hawk_wood16,1jzs1sy,reply,1,-0.1531,3,2025-04-15T13:59:41+00:00
IdkWTFshOuLdIcAlL,kombuchalover420,1jzs1sy,reply,1,-0.4404,1,2025-04-16T10:53:17+00:00
IdkWTFshOuLdIcAlL,JMWTurnerOverdrive,1jzs1sy,reply,1,-0.296,-9,2025-04-15T14:28:33+00:00
BoxAlternative9024,JMWTurnerOverdrive,1jzs1sy,reply,1,0.0,-1,2025-04-15T17:16:25+00:00
IdkWTFshOuLdIcAlL,AlexPenname,1jzs1sy,reply,1,0.4173,0,2025-04-16T16:02:40+00:00
Locksmithbloke,IdkWTFshOuLdIcAlL,1jzs1sy,reply,1,0.0,1,2025-04-19T17:32:53+00:00
Locksmithbloke,IdkWTFshOuLdIcAlL,1jzs1sy,reply,1,0.2023,1,2025-04-19T17:17:22+00:00
JMWTurnerOverdrive,IdkWTFshOuLdIcAlL,1jzs1sy,reply,1,0.6908,11,2025-04-15T14:32:13+00:00
BoxAlternative9024,IdkWTFshOuLdIcAlL,1jzs1sy,reply,1,0.0,0,2025-04-15T17:16:49+00:00
bearlybearbear,IdkWTFshOuLdIcAlL,1jzs1sy,reply,1,0.0516,3,2025-04-15T15:45:18+00:00
Common_Physics_1568,IdkWTFshOuLdIcAlL,1jzs1sy,reply,1,0.2937,3,2025-04-15T14:51:43+00:00
bearlybearbear,IdkWTFshOuLdIcAlL,1jzs1sy,reply,1,0.0,1,2025-04-15T15:41:28+00:00
AlexPenname,IdkWTFshOuLdIcAlL,1jzs1sy,reply,1,0.8402,1,2025-04-16T16:05:43+00:00
IdkWTFshOuLdIcAlL,Locksmithbloke,1jzs1sy,reply,1,0.6486,1,2025-04-19T17:39:59+00:00
IdkWTFshOuLdIcAlL,Common_Physics_1568,1jzs1sy,reply,1,0.6696,5,2025-04-15T14:59:19+00:00
IdkWTFshOuLdIcAlL,AlexPenname,1jzs1sy,reply,1,0.5983,1,2025-04-16T16:11:18+00:00
pretty_gauche6,Ok-Kaleidoscope-2785,1jwn5d0,reply,1,0.7003,27,2025-04-11T11:43:40+00:00
cockapoo-zoomies0219,Ok_Brick_5806,1jwn5d0,reply,1,0.2003,1,2025-04-12T12:53:36+00:00
Sin_nombre__,jjw1998,1jwn5d0,reply,1,0.128,14,2025-04-11T11:23:47+00:00
pretty_gauche6,blundermole,1jwn5d0,reply,1,0.1779,5,2025-04-11T11:44:30+00:00
whiskylover86,farcetasticunclepig,1jwn5d0,reply,1,0.3182,4,2025-04-11T13:51:45+00:00
thehealingprocess,Touch_My_Goat,1jwn5d0,reply,1,-0.5848,64,2025-04-11T11:33:59+00:00
aloe1420,Touch_My_Goat,1jwn5d0,reply,1,0.8494,5,2025-04-11T13:31:27+00:00
Ok_Brick_5806,cockapoo-zoomies0219,1jwn5d0,reply,1,0.8292,3,2025-04-12T13:00:51+00:00
yakuzakid3k,cockapoo-zoomies0219,1jwn5d0,reply,1,-0.5696,1,2025-04-14T12:51:28+00:00
blundermole,pretty_gauche6,1jwn5d0,reply,1,0.8172,13,2025-04-11T11:51:10+00:00
jamj-,danatron1,1jwkh8a,reply,1,0.0,2,2025-04-12T20:22:52+00:00
Beautiful_Donkey_468,danatron1,1jwkh8a,reply,1,0.3612,-1,2025-04-11T08:09:14+00:00
Beautiful_Donkey_468,TheIrishElbow,1jwkh8a,reply,1,0.54,-5,2025-04-11T08:24:14+00:00
Beautiful_Donkey_468,CaptainCymru,1jwkh8a,reply,1,0.4926,1,2025-04-11T08:09:53+00:00
R2-Scotia,CaptainCymru,1jwkh8a,reply,1,0.2023,1,2025-04-11T08:13:50+00:00
danatron1,Beautiful_Donkey_468,1jwkh8a,reply,1,0.0,7,2025-04-11T08:10:51+00:00
CaptainCymru,Beautiful_Donkey_468,1jwkh8a,reply,1,0.8747,7,2025-04-11T08:48:27+00:00
soup-monger,Beautiful_Donkey_468,1jwkh8a,reply,1,0.6542,-4,2025-04-11T11:48:02+00:00
PlentyOfMoxie,Esensepsy,1jvvcrq,reply,1,0.0,64,2025-04-10T11:47:54+00:00
ElectronicBruce,Esensepsy,1jvvcrq,reply,1,0.3182,8,2025-04-10T14:22:41+00:00
CitizenoftheWorld-95,Esensepsy,1jvvcrq,reply,1,0.0,5,2025-04-10T16:13:38+00:00
TranslatesToScottish,Automatic-Apricot795,1jvvcrq,reply,1,0.8356,47,2025-04-10T13:05:21+00:00
WanderinGit,Shogun88,1jvvcrq,reply,1,0.0,22,2025-04-10T12:43:28+00:00
GeekyGamer2022,Shogun88,1jvvcrq,reply,1,0.0,13,2025-04-10T15:43:04+00:00
ga_syndrome,Shogun88,1jvvcrq,reply,1,0.0,2,2025-04-10T13:10:10+00:00
AnAlbannaichRigh,Shogun88,1jvvcrq,reply,1,0.0,1,2025-04-15T08:37:10+00:00
FireFingers1992,knoxvi11ian,1jvvcrq,reply,1,0.1774,25,2025-04-10T12:29:52+00:00
thrungoli,DNSFRD69,1jvvcrq,reply,1,-0.0572,9,2025-04-10T13:53:21+00:00
waywardwixy,DNSFRD69,1jvvcrq,reply,1,-0.8271,3,2025-04-10T18:24:32+00:00
_schindlerscyst,DNSFRD69,1jvvcrq,reply,1,0.5859,2,2025-04-10T21:31:55+00:00
MonkeyPuzzles,ccx123,1jvvcrq,reply,1,0.0,6,2025-04-10T17:56:12+00:00
scottofscotia,ccx123,1jvvcrq,reply,1,0.0,6,2025-04-10T12:28:55+00:00
u_WorkPhotosTeam,ccx123,1jvvcrq,reply,1,0.743,3,2025-04-10T17:41:30+00:00
k3nn3h,MassiveClusterFuck,1jvvcrq,reply,1,-0.7263,-1,2025-04-10T16:03:38+00:00
GeekyGamer2022,Gingerbeercatz,1jvvcrq,reply,1,0.5106,2,2025-04-10T15:44:58+00:00
calathearose,YeetingUpHills,1jvvcrq,reply,1,0.0772,0,2025-04-10T22:59:45+00:00
john_454,crystalGwolf,1jvvcrq,reply,1,0.9307,24,2025-04-10T12:10:37+00:00
Keios80,dwg-87,1jvvcrq,reply,1,0.0516,20,2025-04-10T12:25:51+00:00
mightyslacker,dwg-87,1jvvcrq,reply,1,0.397,7,2025-04-10T12:14:59+00:00
FootCheeseParmesan,dwg-87,1jvvcrq,reply,1,-0.2411,3,2025-04-10T13:40:25+00:00
TranslatesToScottish,dwg-87,1jvvcrq,reply,1,0.4404,2,2025-04-10T15:45:41+00:00
GingerSnapBiscuit,-Xserco-,1jvvcrq,reply,1,0.0,3,2025-04-11T08:52:27+00:00
Esensepsy,ElectronicBruce,1jvvcrq,reply,1,-0.7615,20,2025-04-10T14:42:24+00:00
DINNERTIME_CUNT,CitizenoftheWorld-95,1jvvcrq,reply,1,0.0,2,2025-04-11T01:46:17+00:00
NotOnYerNelly,TranslatesToScottish,1jvvcrq,reply,1,-0.0516,3,2025-04-11T12:05:54+00:00
Shogun88,WanderinGit,1jvvcrq,reply,1,0.0,3,2025-04-10T12:57:35+00:00
Fiona65682,FireFingers1992,1jvvcrq,reply,1,0.3818,1,2025-04-10T18:01:44+00:00
Normal_Human_4567,waywardwixy,1jvvcrq,reply,1,-0.3813,3,2025-04-10T20:12:14+00:00
GingerSnapBiscuit,MonkeyPuzzles,1jvvcrq,reply,1,0.296,2,2025-04-11T08:49:52+00:00
ElectronicBruce,scottofscotia,1jvvcrq,reply,1,0.0,4,2025-04-10T14:43:49+00:00
MassiveClusterFuck,k3nn3h,1jvvcrq,reply,1,-0.4019,1,2025-04-10T17:44:23+00:00
crystalGwolf,john_454,1jvvcrq,reply,1,-0.3062,-3,2025-04-10T12:53:42+00:00
Dolly57,mightyslacker,1jvvcrq,reply,1,0.9811,5,2025-04-10T13:08:58+00:00
dwg-87,mightyslacker,1jvvcrq,reply,1,-0.6808,2,2025-04-10T15:23:49+00:00
dwg-87,TranslatesToScottish,1jvvcrq,reply,1,-0.5514,1,2025-04-10T15:49:45+00:00
-Xserco-,GingerSnapBiscuit,1jvvcrq,reply,1,0.0,1,2025-04-11T22:37:12+00:00
TranslatesToScottish,NotOnYerNelly,1jvvcrq,reply,1,0.6486,6,2025-04-11T14:11:29+00:00
--cheese--,ElectronicBruce,1jvvcrq,reply,1,0.4939,16,2025-04-10T16:55:36+00:00
scottofscotia,ElectronicBruce,1jvvcrq,reply,1,-0.4588,3,2025-04-10T17:35:00+00:00
k3nn3h,MassiveClusterFuck,1jvvcrq,reply,1,0.8229,0,2025-04-10T18:28:13+00:00
john_454,crystalGwolf,1jvvcrq,reply,1,0.296,6,2025-04-10T12:58:40+00:00
DisplacedTeuchter,crystalGwolf,1jvvcrq,reply,1,0.0,2,2025-04-11T07:34:13+00:00
GingerSnapBiscuit,crystalGwolf,1jvvcrq,reply,1,-0.2144,2,2025-04-11T08:51:14+00:00
dwg-87,Dolly57,1jvvcrq,reply,1,-0.1174,3,2025-04-10T15:57:03+00:00
mightyslacker,dwg-87,1jvvcrq,reply,1,0.3481,3,2025-04-10T17:55:53+00:00
GingerSnapBiscuit,dwg-87,1jvvcrq,reply,1,-0.8904,2,2025-04-11T08:54:27+00:00
TranslatesToScottish,dwg-87,1jvvcrq,reply,1,0.7311,2,2025-04-10T17:11:22+00:00
CollReg,--cheese--,1jvvcrq,reply,1,0.128,2,2025-04-11T22:26:33+00:00
MassiveClusterFuck,k3nn3h,1jvvcrq,reply,1,0.0,4,2025-04-10T18:34:14+00:00
crystalGwolf,john_454,1jvvcrq,reply,1,0.25,1,2025-04-10T13:02:16+00:00
crystalGwolf,DisplacedTeuchter,1jvvcrq,reply,1,0.0772,1,2025-04-11T08:07:25+00:00
crystalGwolf,GingerSnapBiscuit,1jvvcrq,reply,1,-0.6199,1,2025-04-11T12:05:14+00:00
dwg-87,mightyslacker,1jvvcrq,reply,1,0.6369,1,2025-04-10T18:25:29+00:00
dwg-87,GingerSnapBiscuit,1jvvcrq,reply,1,0.128,1,2025-04-11T09:19:49+00:00
john_454,crystalGwolf,1jvvcrq,reply,1,-0.296,3,2025-04-10T13:04:55+00:00
DisplacedTeuchter,crystalGwolf,1jvvcrq,reply,1,0.4939,2,2025-04-11T08:25:32+00:00
GingerSnapBiscuit,crystalGwolf,1jvvcrq,reply,1,0.9064,1,2025-04-11T12:10:43+00:00
mightyslacker,dwg-87,1jvvcrq,reply,1,0.5267,2,2025-04-10T18:34:38+00:00
GingerSnapBiscuit,dwg-87,1jvvcrq,reply,1,-0.9136,1,2025-04-11T10:11:05+00:00
crystalGwolf,john_454,1jvvcrq,reply,1,-0.2263,1,2025-04-11T00:07:49+00:00
crystalGwolf,DisplacedTeuchter,1jvvcrq,reply,1,-0.1779,0,2025-04-11T08:28:16+00:00
crystalGwolf,GingerSnapBiscuit,1jvvcrq,reply,1,0.9712,1,2025-04-11T12:39:23+00:00
dwg-87,mightyslacker,1jvvcrq,reply,1,-0.5574,1,2025-04-10T19:11:09+00:00
dwg-87,GingerSnapBiscuit,1jvvcrq,reply,1,0.4215,1,2025-04-11T11:28:08+00:00
DisplacedTeuchter,crystalGwolf,1jvvcrq,reply,1,0.9494,1,2025-04-11T08:39:58+00:00
mightyslacker,dwg-87,1jvvcrq,reply,1,0.4199,1,2025-04-10T19:22:46+00:00
GingerSnapBiscuit,dwg-87,1jvvcrq,reply,1,-0.504,1,2025-04-11T12:12:52+00:00
crystalGwolf,DisplacedTeuchter,1jvvcrq,reply,1,0.5994,1,2025-04-11T11:52:24+00:00
dwg-87,GingerSnapBiscuit,1jvvcrq,reply,1,0.6624,1,2025-04-11T12:54:03+00:00
GingerSnapBiscuit,dwg-87,1jvvcrq,reply,1,0.1779,1,2025-04-11T13:04:58+00:00
ShinAusra,43103,1juob8w,reply,1,-0.5152,69,2025-04-09T08:50:59+00:00
Additional_Tone_2004,43103,1juob8w,reply,1,0.0,13,2025-04-09T07:11:22+00:00
RebellioniteV2,43103,1juob8w,reply,1,0.0,1,2025-04-09T15:22:49+00:00
SlippersParty2024,devandroid99,1juob8w,reply,1,0.0,42,2025-04-09T07:30:06+00:00
Solsbeary,devandroid99,1juob8w,reply,1,0.0,3,2025-04-09T14:16:04+00:00
Another_Valkyrie,SuperbPhase6944,1juob8w,reply,1,0.1531,11,2025-04-09T10:58:50+00:00
BasilBernstein,SuperbPhase6944,1juob8w,reply,1,0.0,3,2025-04-09T09:11:15+00:00
OreoSpamBurger,SlippersParty2024,1juob8w,reply,1,0.7269,4,2025-04-09T15:48:48+00:00
Longtimelurker38,luckykat97,1juob8w,reply,1,0.4453,3,2025-04-10T21:19:45+00:00
ZombieFrankSinatra,Solsbeary,1juob8w,reply,1,0.0,1,2025-04-09T18:36:35+00:00
OreoSpamBurger,Another_Valkyrie,1juob8w,reply,1,0.0,7,2025-04-09T15:41:16+00:00
OreoSpamBurger,BasilBernstein,1juob8w,reply,1,0.743,12,2025-04-09T15:45:30+00:00
timangus,BasilBernstein,1juob8w,reply,1,0.4019,3,2025-04-09T09:37:32+00:00
cloud__19,luckykat97,1juob8w,reply,1,0.4417,10,2025-04-09T08:05:18+00:00
SimpelLanguages,ZombieFrankSinatra,1juob8w,reply,1,0.3612,3,2025-04-09T20:50:27+00:00
SimpelLanguages,OreoSpamBurger,1juob8w,reply,1,0.6778,2,2025-04-09T20:52:23+00:00
luckykat97,cloud__19,1juob8w,reply,1,-0.3612,3,2025-04-09T08:30:39+00:00
Raventomb,SimpelLanguages,1juob8w,reply,1,-0.5719,2,2025-04-09T22:42:37+00:00
ZombieFrankSinatra,SimpelLanguages,1juob8w,reply,1,0.4118,0,2025-04-10T05:49:34+00:00
aberquine,cloud__19,1jqpc7e,reply,1,0.6476,1,2025-04-03T19:42:07+00:00
Amphitrite227204,tubbytucker,1jqpc7e,reply,1,0.0,7,2025-04-03T18:31:27+00:00
obake_ga_ippai,tubbytucker,1jqpc7e,reply,1,0.0,5,2025-04-03T18:26:46+00:00
cloud__19,aberquine,1jqpc7e,reply,1,0.5719,1,2025-04-03T20:15:10+00:00
tubbytucker,obake_ga_ippai,1jqpc7e,reply,1,0.0,-6,2025-04-03T19:34:34+00:00
estibunbun,cloud__19,1jqpc7e,reply,1,0.0,3,2025-04-03T21:58:21+00:00
obake_ga_ippai,tubbytucker,1jqpc7e,reply,1,-0.0516,5,2025-04-03T20:32:38+00:00
Careful_Leading5410,EngineeringOk5986,1jpidnz,reply,1,0.6369,1,2025-04-02T17:17:53+00:00
Careful_Leading5410,Jaraxo,1jpidnz,reply,1,0.6597,1,2025-04-02T10:24:15+00:00
Careful_Leading5410,blundermole,1jpidnz,reply,1,0.8805,1,2025-04-02T17:18:17+00:00
Careful_Leading5410,boiled_leeks,1jpidnz,reply,1,0.743,1,2025-04-02T17:17:30+00:00
FlightHistorical2345,ClockworkPorpoise,1jm82rq,reply,1,0.4199,1,2025-03-29T12:29:17+00:00
FlightHistorical2345,Normal_Human_4567,1jm82rq,reply,1,0.0,-6,2025-03-28T23:34:20+00:00
ClockworkPorpoise,FlightHistorical2345,1jm82rq,reply,1,0.98,1,2025-03-29T14:37:23+00:00
Normal_Human_4567,FlightHistorical2345,1jm82rq,reply,1,-0.7327,1,2025-03-29T09:34:33+00:00
RoundaboutRanger,sweatybullfrognuts,1jj0j2u,reply,1,-0.1531,-1,2025-03-24T22:12:32+00:00
Dr_Madthrust,InterestingBass6931,1jfoant,reply,1,-0.7783,-46,2025-03-20T17:12:42+00:00
TranslatesToScottish,PurchaseDry9350,1jfoant,reply,1,0.7227,5,2025-03-20T22:12:20+00:00
gottenluck,PurchaseDry9350,1jfoant,reply,1,0.4588,8,2025-03-20T15:09:29+00:00
imaginecoolunsername,PurchaseDry9350,1jfoant,reply,1,0.8197,2,2025-03-20T15:37:45+00:00
Sechzehn6861,Apprehensive_Swim366,1jfoant,reply,1,0.0,8,2025-03-20T17:05:57+00:00
kingboz,NotOnYerNelly,1jfoant,reply,1,-0.2263,6,2025-03-20T22:55:19+00:00
adventures_in_dysl,NotOnYerNelly,1jfoant,reply,1,-0.2144,18,2025-03-20T16:33:53+00:00
zubeye,NotOnYerNelly,1jfoant,reply,1,0.0,9,2025-03-20T20:00:54+00:00
GingerSnapBiscuit,NotOnYerNelly,1jfoant,reply,1,0.4588,1,2025-03-21T08:35:21+00:00
t90fan,Soulfulmean,1jfoant,reply,1,0.4877,17,2025-03-20T15:19:09+00:00
Andidalo,GingerSnapBiscuit,1jfoant,reply,1,-0.5499,1,2025-03-23T08:46:53+00:00
imaginecoolunsername,blundermole,1jfoant,reply,1,-0.8907,10,2025-03-20T19:45:02+00:00
CraigJDuffy,Dr_Madthrust,1jfoant,reply,1,-0.3125,53,2025-03-20T17:26:58+00:00
Osprenti,Dr_Madthrust,1jfoant,reply,1,0.0,18,2025-03-20T18:13:21+00:00
Ok-Shelter5820,PurchaseDry9350,1jfoant,reply,1,0.7506,13,2025-03-20T15:17:23+00:00
adventures_in_dysl,PurchaseDry9350,1jfoant,reply,1,0.7684,2,2025-03-20T16:45:10+00:00
Apprehensive_Swim366,Sechzehn6861,1jfoant,reply,1,-0.7096,28,2025-03-20T17:15:33+00:00
GingerSnapBiscuit,adventures_in_dysl,1jfoant,reply,1,0.1901,5,2025-03-21T08:36:03+00:00
Maleficent_Wash7203,adventures_in_dysl,1jfoant,reply,1,0.2263,1,2025-03-22T08:28:50+00:00
NotOnYerNelly,GingerSnapBiscuit,1jfoant,reply,1,0.1779,2,2025-03-21T08:49:26+00:00
GingerSnapBiscuit,Andidalo,1jfoant,reply,1,-0.6369,1,2025-03-23T14:39:49+00:00
blundermole,imaginecoolunsername,1jfoant,reply,1,-0.7386,1,2025-03-21T10:39:14+00:00
PurchaseDry9350,Ok-Shelter5820,1jfoant,reply,1,-0.2177,22,2025-03-20T15:29:58+00:00
Betty_Swollockz_,GingerSnapBiscuit,1jfoant,reply,1,0.3612,2,2025-03-21T10:52:33+00:00
Garrus7,GingerSnapBiscuit,1jfoant,reply,1,0.0,1,2025-03-22T07:41:36+00:00
GingerSnapBiscuit,NotOnYerNelly,1jfoant,reply,1,-0.7906,3,2025-03-21T09:04:05+00:00
Andidalo,GingerSnapBiscuit,1jfoant,reply,1,-0.6041,2,2025-03-24T07:03:49+00:00
adventures_in_dysl,PurchaseDry9350,1jfoant,reply,1,-0.0258,6,2025-03-20T16:45:52+00:00
GingerSnapBiscuit,Betty_Swollockz_,1jfoant,reply,1,0.2406,1,2025-03-21T11:45:07+00:00
Betty_Swollockz_,GingerSnapBiscuit,1jfoant,reply,1,0.891,1,2025-03-21T11:48:33+00:00
GingerSnapBiscuit,Betty_Swollockz_,1jfoant,reply,1,0.7992,1,2025-03-21T13:49:04+00:00
Betty_Swollockz_,GingerSnapBiscuit,1jfoant,reply,1,0.4767,2,2025-03-21T13:53:38+00:00
Minimum-Persimmon-64,HeriotAbernethy,1j4cmij,reply,1,0.9503,1,2025-03-06T18:32:26+00:00
Minimum-Persimmon-64,Freckledlips19,1j4cmij,reply,1,0.4404,-3,2025-03-05T20:32:37+00:00
Informal-Guidance-59,Minimum-Persimmon-64,1j4cmij,reply,1,0.6499,2,2025-03-05T21:07:13+00:00
Tropical-Druid,Minimum-Persimmon-64,1j4cmij,reply,1,0.5186,1,2025-03-05T21:16:34+00:00
37025InvernessTMD,Minimum-Persimmon-64,1j4cmij,reply,1,0.0,0,2025-03-05T20:51:28+00:00
Minimum-Persimmon-64,Tropical-Druid,1j4cmij,reply,1,0.9125,1,2025-03-05T21:23:30+00:00
Minimum-Persimmon-64,37025InvernessTMD,1j4cmij,reply,1,0.2846,0,2025-03-05T20:54:01+00:00
Tropical-Druid,Minimum-Persimmon-64,1j4cmij,reply,1,0.6361,1,2025-03-05T21:28:31+00:00
Valuable-Wallaby-167,Minimum-Persimmon-64,1j4cmij,reply,1,0.8151,1,2025-03-05T21:06:55+00:00
Minimum-Persimmon-64,Tropical-Druid,1j4cmij,reply,1,0.1901,0,2025-03-05T21:30:25+00:00
Minimum-Persimmon-64,Valuable-Wallaby-167,1j4cmij,reply,1,0.3612,1,2025-03-05T21:25:33+00:00
Jaraxo,jjw1998,1ixv2e6,reply,1,0.6623,13,2025-02-25T14:07:43+00:00
ilikeknowingthings-,jjw1998,1ixv2e6,reply,1,0.4754,1,2025-02-25T17:20:39+00:00
ilikeknowingthings-,Token_Singh,1ixv2e6,reply,1,0.0,1,2025-02-25T17:21:11+00:00
ilikeknowingthings-,strawberryfairygal,1ixv2e6,reply,1,0.1018,1,2025-02-25T17:22:12+00:00
ilikeknowingthings-,joyeuxtahi,1ixv2e6,reply,1,0.7082,1,2025-02-25T17:22:40+00:00
ilikeknowingthings-,smac2811,1ixv2e6,reply,1,0.7082,1,2025-02-25T17:23:24+00:00
ilikeknowingthings-,DJCHOKEWANK,1ixv2e6,reply,1,0.6005,1,2025-02-26T00:05:06+00:00
ilikeknowingthings-,Xenna11,1ixv2e6,reply,1,-0.1909,1,2025-02-25T17:24:10+00:00
Xenna11,ilikeknowingthings-,1ixv2e6,reply,1,0.2382,0,2025-02-25T19:10:24+00:00
aea99,-TwiiX-,1ivhqns,reply,1,0.6714,2,2025-02-24T12:35:32+00:00
aea99,SciencePlayful1128,1ivhqns,reply,1,-0.2732,2,2025-03-01T16:50:04+00:00
aea99,Longtimelurker38,1ivhqns,reply,1,0.0,1,2025-02-22T13:32:17+00:00
Longtimelurker38,aea99,1ivhqns,reply,1,0.0,3,2025-02-22T17:18:36+00:00
plights4aisomer,netzure,1itxopu,reply,1,-0.09,18,2025-02-20T12:56:59+00:00
TheMechanic101,Valuable_K,1itxopu,reply,1,0.8016,20,2025-02-20T15:36:25+00:00
Sad-Olive-158,Valuable_K,1itxopu,reply,1,-0.9548,11,2025-02-20T17:25:17+00:00
plights4aisomer,Meow-Pew-Pew,1itxopu,reply,1,0.6486,1,2025-02-20T13:29:54+00:00
netzure,Vegetable-Waltz1458,1itxopu,reply,1,-0.296,9,2025-02-20T14:11:42+00:00
Famous_Champion_492,plights4aisomer,1itxopu,reply,1,0.2732,54,2025-02-20T13:06:56+00:00
pjc50,plights4aisomer,1itxopu,reply,1,0.2013,8,2025-02-20T13:09:00+00:00
admiralross2400,plights4aisomer,1itxopu,reply,1,0.5719,3,2025-02-20T13:10:57+00:00
New-Pin-3952,plights4aisomer,1itxopu,reply,1,-0.4019,1,2025-02-20T14:40:24+00:00
Valuable_K,Sad-Olive-158,1itxopu,reply,1,0.743,1,2025-02-20T18:13:11+00:00
netzure,plights4aisomer,1itxopu,reply,1,0.2023,3,2025-02-20T14:10:45+00:00
Sad-Olive-158,Valuable_K,1itxopu,reply,1,0.4606,-2,2025-02-20T18:15:09+00:00
Consistent-Tiger-775,deju_,1itxopu,reply,1,0.4939,1,2025-02-20T18:46:45+00:00
Valuable_K,Sad-Olive-158,1itxopu,reply,1,0.4404,-2,2025-02-20T18:18:45+00:00
Sad-Olive-158,Valuable_K,1itxopu,reply,1,0.0772,5,2025-02-20T18:20:22+00:00
Valuable_K,Sad-Olive-158,1itxopu,reply,1,-0.2732,-3,2025-02-20T18:23:02+00:00
Sad-Olive-158,Valuable_K,1itxopu,reply,1,0.4659,7,2025-02-20T18:26:08+00:00
Valuable_K,Sad-Olive-158,1itxopu,reply,1,0.5541,5,2025-02-20T18:30:01+00:00
Sad-Olive-158,Valuable_K,1itxopu,reply,1,0.7867,6,2025-02-20T18:35:16+00:00
Sad-Olive-158,Valuable_K,1itxopu,reply,1,0.9104,4,2025-02-20T18:46:48+00:00
Elcustardo,porcupineporridge,1ire892,reply,1,0.7845,4,2025-02-17T11:15:54+00:00
AntiqueProfession522,JMWTurnerOverdrive,1iiba7s,reply,1,-0.8357,17,2025-02-06T16:29:47+00:00
Pompadipompa,JMWTurnerOverdrive,1iiba7s,reply,1,0.3595,12,2025-02-06T18:43:52+00:00
JMWTurnerOverdrive,Wombles,1iiba7s,reply,1,0.9716,10,2025-02-06T12:18:10+00:00
quartersessions,AdviceHefty4561,1iiba7s,reply,1,-0.4019,5,2025-02-06T12:07:31+00:00
mpayne1987,harpistic,1iiba7s,reply,1,0.0,1,2025-02-05T18:15:15+00:00
CraigJDuffy,harpistic,1iiba7s,reply,1,0.0,1,2025-02-05T22:55:13+00:00
TranslatesToScottish,Substantial_Dot7311,1iiba7s,reply,1,-0.3818,18,2025-02-05T17:55:30+00:00
Dirty-Hyena,Illustrious-Froyo982,1iiba7s,reply,1,-0.079,-3,2025-02-06T05:31:38+00:00
CitizenoftheWorld-95,Illustrious-Froyo982,1iiba7s,reply,1,0.0,-6,2025-02-06T02:59:16+00:00
CraigJDuffy,Illustrious-Froyo982,1iiba7s,reply,1,-0.6249,-3,2025-02-05T22:56:08+00:00
Faddy91,Nanami-Nyan,1iiba7s,reply,1,0.0,1,2025-02-06T23:45:00+00:00
VisibleTart6849,Nanami-Nyan,1iiba7s,reply,1,0.5574,1,2025-02-09T16:17:41+00:00
harpistic,mpayne1987,1iiba7s,reply,1,0.4199,1,2025-02-05T23:48:41+00:00
harpistic,CraigJDuffy,1iiba7s,reply,1,-0.7684,2,2025-02-05T23:00:26+00:00
Substantial_Dot7311,TranslatesToScottish,1iiba7s,reply,1,0.6177,3,2025-02-05T18:04:32+00:00
Nanami-Nyan,Faddy91,1iiba7s,reply,1,0.0,3,2025-02-07T00:51:31+00:00
Nanami-Nyan,VisibleTart6849,1iiba7s,reply,1,0.3262,1,2025-03-13T14:14:42+00:00
CraigJDuffy,harpistic,1iiba7s,reply,1,0.0,2,2025-02-05T23:05:43+00:00
Duck_with_a_monocle,harpistic,1iiba7s,reply,1,0.0,2,2025-02-06T08:22:56+00:00
VisibleTart6849,Nanami-Nyan,1iiba7s,reply,1,0.6124,1,2025-03-15T18:29:23+00:00
harpistic,CraigJDuffy,1iiba7s,reply,1,-0.1244,3,2025-02-05T23:11:19+00:00
harpistic,Duck_with_a_monocle,1iiba7s,reply,1,0.0,2,2025-02-06T14:33:31+00:00
Nanami-Nyan,VisibleTart6849,1iiba7s,reply,1,-0.4767,1,2025-03-15T23:49:21+00:00
CraigJDuffy,harpistic,1iiba7s,reply,1,0.0,2,2025-02-05T23:16:14+00:00
harpistic,CraigJDuffy,1iiba7s,reply,1,0.3182,3,2025-02-05T23:18:57+00:00
TranslatesToScottish,CraigJDuffy,1iiba7s,reply,1,0.2263,1,2025-02-06T07:56:44+00:00
CraigJDuffy,TranslatesToScottish,1iiba7s,reply,1,0.0,1,2025-02-06T13:40:18+00:00
VisibleTart6849,TranslatesToScottish,1iiba7s,reply,1,0.0772,1,2025-02-09T16:06:30+00:00
TranslatesToScottish,CraigJDuffy,1iiba7s,reply,1,0.0,1,2025-02-06T13:58:39+00:00
TranslatesToScottish,VisibleTart6849,1iiba7s,reply,1,-0.648,1,2025-02-09T16:56:57+00:00
CraigJDuffy,TranslatesToScottish,1iiba7s,reply,1,0.0,1,2025-02-06T15:27:55+00:00
boiled_leeks,spr148,1igvuke,reply,1,-0.0387,18,2025-02-03T18:47:33+00:00
boiled_leeks,BabaMcBaba,1igvuke,reply,1,-0.2732,23,2025-02-03T18:39:13+00:00
peepthewizard,CrispoClumbo,1igvuke,reply,1,0.2732,8,2025-02-03T20:04:23+00:00
boiled_leeks,Internal-Ad-6810,1igvuke,reply,1,0.0,1,2025-02-03T23:04:07+00:00
Normal_Human_4567,boiled_leeks,1igvuke,reply,1,0.5588,-1,2025-02-03T19:00:47+00:00
CrispoClumbo,Normal_Human_4567,1igvuke,reply,1,-0.1926,14,2025-02-03T19:13:12+00:00
Ok_Parsley_4961,Normal_Human_4567,1igvuke,reply,1,0.5256,2,2025-02-04T09:17:59+00:00
Normal_Human_4567,CrispoClumbo,1igvuke,reply,1,0.9657,0,2025-02-03T19:22:12+00:00
CrispoClumbo,Normal_Human_4567,1igvuke,reply,1,0.0129,17,2025-02-03T19:36:32+00:00
Normal_Human_4567,CrispoClumbo,1igvuke,reply,1,-0.34,0,2025-02-03T20:18:08+00:00
CrispoClumbo,Normal_Human_4567,1igvuke,reply,1,-0.4098,9,2025-02-03T20:25:43+00:00
Normal_Human_4567,CrispoClumbo,1igvuke,reply,1,0.1406,2,2025-02-03T21:50:10+00:00
Vitcee1,Traditional_Youth_21,1ieo49s,reply,1,0.0,-1,2025-02-01T12:05:46+00:00
Vitcee1,pureteckle,1ieo49s,reply,1,0.8844,-1,2025-02-01T12:07:15+00:00
SoftFirmHardware,Vitcee1,1ieo49s,reply,1,0.1779,7,2025-02-01T13:04:24+00:00
pureteckle,Vitcee1,1ieo49s,reply,1,0.0,2,2025-02-01T14:19:27+00:00
Melodic_Case_753,Vitcee1,1ieo49s,reply,1,-0.4717,0,2025-02-01T14:40:57+00:00
StrawberryFront8128,SoftFirmHardware,1ieo49s,reply,1,0.4215,6,2025-02-01T21:13:44+00:00
Vitcee1,SoftFirmHardware,1ieo49s,reply,1,0.7996,-6,2025-02-01T15:04:22+00:00
Vitcee1,pureteckle,1ieo49s,reply,1,0.0,-1,2025-02-01T14:54:36+00:00
Vitcee1,Melodic_Case_753,1ieo49s,reply,1,0.3485,1,2025-02-01T14:55:36+00:00
SoftFirmHardware,Vitcee1,1ieo49s,reply,1,0.9637,17,2025-02-01T15:16:31+00:00
Melodic_Case_753,Vitcee1,1ieo49s,reply,1,-0.1154,0,2025-02-01T15:00:00+00:00
Either_Classic9159,SoftFirmHardware,1ieo49s,reply,1,-0.7579,1,2025-02-03T16:26:02+00:00
Vitcee1,SoftFirmHardware,1ieo49s,reply,1,0.8316,0,2025-02-01T17:14:46+00:00
Vitcee1,Melodic_Case_753,1ieo49s,reply,1,0.5388,0,2025-02-01T17:27:29+00:00
Apart_Agency_5219,FullNefariousness303,1i6lnkp,reply,1,0.6705,5,2025-01-21T23:08:55+00:00
FliXerock107,l_sch,1i6lnkp,reply,1,0.3595,6,2025-01-22T08:27:02+00:00
arethainparis,l_sch,1i6lnkp,reply,1,0.4939,4,2025-01-22T07:18:21+00:00
FakeAfterEight,-TwiiX-,1i6lnkp,reply,1,0.6966,1,2025-01-22T23:22:18+00:00
-TwiiX-,FakeAfterEight,1i6lnkp,reply,1,-0.7249,1,2025-01-22T23:31:59+00:00
FladScot,westcoastfishingscot,1i2ld8r,reply,1,0.5095,8,2025-01-16T09:58:23+00:00
MrNippyNippy,westcoastfishingscot,1i2ld8r,reply,1,0.6808,3,2025-01-16T09:54:52+00:00
TheAmazingPikachu,purplepumkin99,1i2ld8r,reply,1,0.0,6,2025-01-16T09:47:43+00:00
FladScot,purplepumkin99,1i2ld8r,reply,1,0.7184,6,2025-01-16T09:52:59+00:00
dwg-87,Zealousideal_Ring452,1i1cejs,reply,1,0.2732,2,2025-01-15T18:47:04+00:00
Dolly57,DisplacedTeuchter,1i1cejs,reply,1,0.128,2,2025-01-14T22:56:49+00:00
kookamooka,Dismal-Reward-5177,1i1cejs,reply,1,-0.1779,2,2025-01-15T09:18:12+00:00
kookamooka,Salvonamusic,1i1cejs,reply,1,0.4939,1,2025-01-15T13:48:31+00:00
BurningVeal,kookamooka,1i1cejs,reply,1,0.0,23,2025-01-14T19:38:24+00:00
jopheza,kookamooka,1i1cejs,reply,1,0.4939,2,2025-01-15T08:55:26+00:00
blundermole,kookamooka,1i1cejs,reply,1,0.34,2,2025-01-15T13:19:24+00:00
JMWTurnerOverdrive,dwg-87,1i1cejs,reply,1,0.9666,1,2025-01-16T09:50:21+00:00
Dismal-Reward-5177,kookamooka,1i1cejs,reply,1,0.5106,1,2025-01-15T14:19:46+00:00
Salvonamusic,kookamooka,1i1cejs,reply,1,0.6486,2,2025-01-15T14:33:03+00:00
dwg-87,JMWTurnerOverdrive,1i1cejs,reply,1,-0.0387,1,2025-01-16T11:32:30+00:00
kookamooka,Salvonamusic,1i1cejs,reply,1,0.0,2,2025-01-15T14:34:39+00:00
kookamooka,weedrinkawater,1i1cejs,reply,1,0.4939,3,2025-01-14T23:00:22+00:00
JMWTurnerOverdrive,dwg-87,1i1cejs,reply,1,0.9771,1,2025-01-16T11:46:10+00:00
Salvonamusic,kookamooka,1i1cejs,reply,1,0.0,1,2025-01-15T14:36:53+00:00
dwg-87,JMWTurnerOverdrive,1i1cejs,reply,1,0.9662,1,2025-01-16T14:52:34+00:00
JMWTurnerOverdrive,dwg-87,1i1cejs,reply,1,0.8705,1,2025-01-20T11:35:39+00:00
dwg-87,JMWTurnerOverdrive,1i1cejs,reply,1,0.4939,1,2025-01-20T14:24:40+00:00
JMWTurnerOverdrive,dwg-87,1i1cejs,reply,1,0.6124,1,2025-01-20T15:35:27+00:00
NoPersonality8673,Jaraxo,1hn2jpn,reply,1,0.765,2,2024-12-27T17:52:49+00:00
cloud__19,Adventurous-Rub7636,1has83d,reply,1,0.0,8,2024-12-10T08:03:28+00:00
ross1771,Adventurous-Rub7636,1has83d,reply,1,0.0,2,2024-12-10T09:45:34+00:00
uppennyhill,Adventurous-Rub7636,1has83d,reply,1,0.3046,2,2024-12-10T16:26:11+00:00
Top_Action_9765,TwinkleToes333,1has83d,reply,1,0.0,2,2024-12-12T18:20:38+00:00
Usual_Newt8791,Eabhal347,1has83d,reply,1,-0.128,-3,2024-12-10T09:23:14+00:00
spr148,sprazcrumbler,1has83d,reply,1,0.2023,6,2024-12-10T16:06:59+00:00
Boomdification,sprazcrumbler,1has83d,reply,1,0.2263,2,2024-12-10T10:01:45+00:00
chuckleh0und,yakuzakid3k,1has83d,reply,1,-0.897,1,2024-12-10T12:26:28+00:00
Eabhal347,Bam-Skater,1has83d,reply,1,0.7003,9,2024-12-10T08:36:27+00:00
Sburns85,cloud__19,1has83d,reply,1,0.0,7,2024-12-10T08:46:53+00:00
Adventurous-Rub7636,uppennyhill,1has83d,reply,1,0.979,6,2024-12-10T16:47:31+00:00
Eabhal347,Usual_Newt8791,1has83d,reply,1,0.7187,16,2024-12-10T10:07:44+00:00
Donaldbeag,Usual_Newt8791,1has83d,reply,1,0.7783,19,2024-12-10T09:50:23+00:00
Unidain,Usual_Newt8791,1has83d,reply,1,0.0,6,2024-12-10T12:54:52+00:00
GingerSnapBiscuit,Usual_Newt8791,1has83d,reply,1,-0.6966,11,2024-12-10T11:57:38+00:00
touristtam,Usual_Newt8791,1has83d,reply,1,-0.6908,9,2024-12-10T10:15:26+00:00
sprazcrumbler,Boomdification,1has83d,reply,1,0.7003,2,2024-12-10T10:08:29+00:00
GingerSnapBiscuit,Eabhal347,1has83d,reply,1,0.3612,1,2024-12-10T12:03:47+00:00
Usual_Newt8791,Donaldbeag,1has83d,reply,1,0.7564,1,2024-12-10T10:31:41+00:00
Usual_Newt8791,Unidain,1has83d,reply,1,0.0258,-6,2024-12-10T13:42:44+00:00
Connell95,touristtam,1has83d,reply,1,-0.2263,3,2024-12-11T12:18:14+00:00
GingerSnapBiscuit,sprazcrumbler,1has83d,reply,1,-0.3818,0,2024-12-10T12:02:24+00:00
GingerSnapBiscuit,Usual_Newt8791,1has83d,reply,1,0.451,10,2024-12-10T11:59:43+00:00
Unidain,Usual_Newt8791,1has83d,reply,1,0.3612,8,2024-12-10T12:56:26+00:00
Connell95,Usual_Newt8791,1has83d,reply,1,0.0258,3,2024-12-11T12:16:49+00:00
Top_Action_9765,Usual_Newt8791,1has83d,reply,1,-0.2617,1,2024-12-12T18:26:14+00:00
Connell95,Usual_Newt8791,1has83d,reply,1,0.7184,4,2024-12-11T12:19:37+00:00
touristtam,Connell95,1has83d,reply,1,-0.8338,3,2024-12-11T13:30:11+00:00
sprazcrumbler,GingerSnapBiscuit,1has83d,reply,1,0.144,1,2024-12-10T12:03:57+00:00
Usual_Newt8791,Connell95,1has83d,reply,1,0.7964,-1,2024-12-11T13:13:00+00:00
Usual_Newt8791,Connell95,1has83d,reply,1,-0.3612,-1,2024-12-11T13:15:47+00:00
Connell95,touristtam,1has83d,reply,1,0.8885,3,2024-12-11T15:46:38+00:00
GingerSnapBiscuit,sprazcrumbler,1has83d,reply,1,-0.7255,3,2024-12-10T12:48:53+00:00
sprazcrumbler,GingerSnapBiscuit,1has83d,reply,1,0.6643,4,2024-12-10T13:23:59+00:00
GingerSnapBiscuit,sprazcrumbler,1has83d,reply,1,-0.1923,1,2024-12-10T18:39:28+00:00
sprazcrumbler,GingerSnapBiscuit,1has83d,reply,1,0.8271,5,2024-12-10T20:30:11+00:00
Illustrious-Froyo982,Osprenti,1haelq0,reply,1,0.6696,3,2024-12-09T17:13:52+00:00
Illustrious-Froyo982,blundermole,1haelq0,reply,1,0.636,1,2024-12-09T17:43:08+00:00
VisibleTart6849,Osprenti,1ha8uvi,reply,1,0.3612,3,2024-12-09T12:58:10+00:00
DanielReddit26,SpeakerFine6058,1ha8uvi,reply,1,0.5859,3,2024-12-10T06:45:00+00:00
SpeakerFine6058,DanielReddit26,1ha8uvi,reply,1,0.9169,1,2024-12-10T07:34:12+00:00
crimson_basser,atascon,1h617ua,reply,1,0.8126,0,2024-12-04T02:08:54+00:00
crimson_basser,chamomile_cockatoo,1h617ua,reply,1,0.8988,1,2024-12-04T02:02:54+00:00
Common_Physics_1568,sjblack20,1h617ua,reply,1,-0.1459,1,2024-12-04T08:38:23+00:00
crimson_basser,sjblack20,1h617ua,reply,1,0.69,1,2024-12-04T12:24:29+00:00
crimson_basser,InterestingBass6931,1h617ua,reply,1,0.6435,1,2024-12-04T02:20:23+00:00
crimson_basser,superhoops,1h617ua,reply,1,0.0,1,2024-12-05T02:05:39+00:00
crimson_basser,HeriotAbernethy,1h617ua,reply,1,0.9273,2,2024-12-04T02:19:26+00:00
atascon,crimson_basser,1h617ua,reply,1,0.2732,3,2024-12-04T09:33:00+00:00
palinodial,crimson_basser,1h617ua,reply,1,0.1779,1,2024-12-04T19:39:20+00:00
crimson_basser,Common_Physics_1568,1h617ua,reply,1,0.6249,1,2024-12-04T12:24:54+00:00
crimson_basser,atascon,1h617ua,reply,1,0.6696,1,2024-12-04T16:21:48+00:00
crimson_basser,palinodial,1h617ua,reply,1,0.923,1,2024-12-04T20:51:53+00:00
Common_Physics_1568,crimson_basser,1h617ua,reply,1,0.6908,3,2024-12-04T13:25:55+00:00
crimson_basser,Common_Physics_1568,1h617ua,reply,1,0.4199,1,2024-12-04T16:20:45+00:00
Constant-Ask370,harpistic,1g50lgs,reply,1,0.0,-4,2024-10-16T14:44:11+00:00
jjw1998,Constant-Ask370,1g50lgs,reply,1,0.4404,7,2024-10-16T14:48:58+00:00
harpistic,Constant-Ask370,1g50lgs,reply,1,0.0,-7,2024-10-16T14:45:06+00:00
Ch3w84cc4,blundermole,1fock5n,reply,1,0.7574,1,2024-09-24T13:36:51+00:00
Varya55,tubbytucker,1ff6gyu,reply,1,0.6486,0,2024-09-12T18:22:43+00:00
Varya55,Osprenti,1ff6gyu,reply,1,0.872,1,2024-09-13T11:00:51+00:00
StormArlo,ferdia6,1ff4hgn,reply,1,0.9028,2,2024-09-13T19:44:48+00:00
ferdia6,StormArlo,1ff4hgn,reply,1,0.7263,1,2024-09-13T19:45:49+00:00
Savage_Tech,StormArlo,1ff4hgn,reply,1,0.4019,2,2024-09-13T20:59:47+00:00
StormArlo,ferdia6,1ff4hgn,reply,1,0.6369,1,2024-09-13T19:46:20+00:00
mr-rabbit-13,Mammoth_Parfait7744,1f4ptbk,reply,1,0.3818,18,2024-08-30T08:19:55+00:00
mr-rabbit-13,QuicketyQuack,1f4ptbk,reply,1,0.0,2,2024-08-30T08:39:15+00:00
mr-rabbit-13,FuzzBuket,1f4ptbk,reply,1,0.5411,2,2024-08-30T11:51:24+00:00
mr-rabbit-13,Necessary-Run6518,1f4ptbk,reply,1,0.0,2,2024-08-30T08:23:54+00:00
mr-rabbit-13,Substantial_Dot7311,1f4ptbk,reply,1,0.4574,2,2024-08-30T09:56:37+00:00
Mammoth_Parfait7744,mr-rabbit-13,1f4ptbk,reply,1,-0.4497,25,2024-08-30T08:22:54+00:00
Slay_Zee,mr-rabbit-13,1f4ptbk,reply,1,0.1551,7,2024-08-30T10:37:47+00:00
Necessary-Run6518,mr-rabbit-13,1f4ptbk,reply,1,0.0,2,2024-08-30T08:30:27+00:00
mr-rabbit-13,Mammoth_Parfait7744,1f4ptbk,reply,1,0.1603,2,2024-08-30T08:28:19+00:00
mr-rabbit-13,Slay_Zee,1f4ptbk,reply,1,-0.5106,3,2024-08-30T11:24:26+00:00
mr-rabbit-13,Mammoth_Parfait7744,1f4ptbk,reply,1,0.0,1,2024-08-30T08:22:26+00:00
mr-rabbit-13,Necessary-Run6518,1f4ptbk,reply,1,0.6696,3,2024-08-30T08:31:26+00:00
Mammoth_Parfait7744,mr-rabbit-13,1f4ptbk,reply,1,-0.5719,10,2024-08-30T08:29:59+00:00
Necessary-Run6518,mr-rabbit-13,1f4ptbk,reply,1,0.6899,2,2024-08-30T08:32:53+00:00
mr-rabbit-13,Mammoth_Parfait7744,1f4ptbk,reply,1,0.5079,1,2024-08-30T08:32:51+00:00
mr-rabbit-13,Necessary-Run6518,1f4ptbk,reply,1,-0.0754,3,2024-08-30T08:35:39+00:00
PossibleFun7711,zubeye,1ett8a9,reply,1,0.6249,0,2024-08-16T17:00:06+00:00
SBfilmmaker,Substantial_Dot7311,1ett8a9,reply,1,0.6808,3,2024-08-16T17:03:18+00:00
BeardBoy10,PossibleFun7711,1ett8a9,reply,1,0.4389,3,2024-08-16T16:38:15+00:00
PossibleFun7711,BeardBoy10,1ett8a9,reply,1,0.0,4,2024-08-16T16:55:12+00:00
rexopolis-,ferdia6,1ethe4i,reply,1,0.8126,1,2024-08-16T07:44:34+00:00
rexopolis-,Valuable-Wallaby-167,1ethe4i,reply,1,0.5106,1,2024-08-16T07:42:52+00:00
rexopolis-,Rather_Dashing,1ethe4i,reply,1,0.6486,2,2024-08-16T08:53:17+00:00
atascon,deju_,1ehcc2a,reply,1,0.6486,0,2024-08-01T11:38:39+00:00
deju_,atascon,1ehcc2a,reply,1,0.4215,6,2024-08-01T11:41:37+00:00
AmphibianOk106,Kingofmostthings,1ehcc2a,reply,1,0.5267,-19,2024-08-01T11:15:06+00:00
atascon,deju_,1ehcc2a,reply,1,0.8611,2,2024-08-01T11:45:13+00:00
Kingofmostthings,AmphibianOk106,1ehcc2a,reply,1,0.2732,8,2024-08-01T11:16:17+00:00
AmphibianOk106,Kingofmostthings,1ehcc2a,reply,1,-0.3818,-19,2024-08-01T11:27:32+00:00
atascon,AmphibianOk106,1ehcc2a,reply,1,0.0772,14,2024-08-01T11:37:31+00:00
canistillbegarth95,cynicalveggie,1ec5cw9,reply,1,0.0,-5,2024-07-26T08:18:12+00:00
canistillbegarth95,OkGuess8425,1ec5cw9,reply,1,0.6486,-11,2024-07-26T05:30:13+00:00
canistillbegarth95,harpistic,1ec5cw9,reply,1,0.0,1,2024-07-27T22:34:29+00:00
porcupineporridge,canistillbegarth95,1ec5cw9,reply,1,0.6597,9,2024-07-26T06:42:32+00:00
OkGuess8425,canistillbegarth95,1ec5cw9,reply,1,0.9288,1,2024-07-26T14:03:07+00:00
harpistic,canistillbegarth95,1ec5cw9,reply,1,0.3716,2,2024-07-27T22:41:48+00:00
canistillbegarth95,porcupineporridge,1ec5cw9,reply,1,0.1655,-6,2024-07-26T07:22:08+00:00
canistillbegarth95,OkGuess8425,1ec5cw9,reply,1,0.743,1,2024-07-26T15:02:14+00:00
porcupineporridge,canistillbegarth95,1ec5cw9,reply,1,0.8827,11,2024-07-26T08:47:38+00:00
SpacecraftX,TheFugitiveSock,1e1t4lk,reply,1,-0.1027,1,2024-07-13T07:54:38+00:00
Rajasj25,Gc1981,1e1t4lk,reply,1,0.4215,0,2024-07-12T23:06:30+00:00
randomlyalex,cloud__19,1e1t4lk,reply,1,0.0772,3,2024-07-13T02:44:47+00:00
spookyleither,Rajasj25,1e1t4lk,reply,1,0.5859,1,2024-07-14T08:58:10+00:00
Ok-Noise1837,Neith-emwia,1dztfc5,reply,1,0.9807,6,2024-07-10T12:00:46+00:00
Ok-Noise1837,caesarportugal,1dztfc5,reply,1,0.9412,5,2024-07-10T11:57:46+00:00
thesmu,caesarportugal,1dztfc5,reply,1,0.8316,4,2024-07-10T13:25:39+00:00
Ok-Noise1837,madhatter989,1dztfc5,reply,1,0.9252,1,2024-07-10T12:25:53+00:00
Ok-Noise1837,susanboylesvajazzle,1dztfc5,reply,1,0.6697,2,2024-07-10T15:31:25+00:00
Ok-Noise1837,blindinglights29,1dztfc5,reply,1,0.743,3,2024-07-10T15:58:31+00:00
Ok-Noise1837,Pristine_Ad7297,1dztfc5,reply,1,0.9356,1,2024-07-10T12:02:58+00:00
Ok-Noise1837,pink_galaxy_,1dztfc5,reply,1,0.4199,1,2024-07-10T13:04:42+00:00
Ok-Noise1837,yakuzakid3k,1dztfc5,reply,1,0.0,1,2024-07-10T15:33:20+00:00
Ok-Noise1837,Chance-Purpose-9652,1dztfc5,reply,1,0.8272,1,2024-07-10T15:33:09+00:00
Ok-Noise1837,Mammoth_Parfait7744,1dztfc5,reply,1,0.5411,1,2024-07-10T13:28:03+00:00
Ok-Noise1837,sqnch,1dztfc5,reply,1,0.4199,1,2024-07-10T13:28:18+00:00
Ok-Noise1837,Common-Metal1746,1dztfc5,reply,1,0.9477,2,2024-07-10T11:39:08+00:00
Ok-Noise1837,Independent_Tap_9130,1dztfc5,reply,1,-0.8658,1,2024-07-11T17:37:49+00:00
Due-Entertainer-2812,LeopardSignificant17,1dztfc5,reply,1,0.4019,1,2024-07-12T21:32:19+00:00
Ok-Noise1837,Electronic_Cookie779,1dztfc5,reply,1,0.0,2,2024-10-08T16:13:36+00:00
caesarportugal,Ok-Noise1837,1dztfc5,reply,1,0.4588,1,2024-07-10T11:58:47+00:00
madhatter989,Ok-Noise1837,1dztfc5,reply,1,0.8585,2,2024-07-10T12:26:55+00:00
Ok-Noise1837,blindinglights29,1dztfc5,reply,1,0.4753,3,2024-07-10T15:57:33+00:00
Pristine_Ad7297,Ok-Noise1837,1dztfc5,reply,1,0.9813,3,2024-07-10T12:10:31+00:00
Common-Metal1746,Ok-Noise1837,1dztfc5,reply,1,-0.7351,1,2024-07-10T11:40:09+00:00
cloud__19,Ok-Noise1837,1dztfc5,reply,1,0.4497,1,2024-07-10T12:39:29+00:00
Independent_Tap_9130,Ok-Noise1837,1dztfc5,reply,1,0.0258,1,2024-07-11T18:44:19+00:00
eyelash16,Ok-Noise1837,1dztfc5,reply,1,-0.7639,1,2024-10-30T07:53:49+00:00
Lewis_ABD,butwhatsmyname,1dztfc5,reply,1,0.6249,1,2024-07-11T10:15:02+00:00
wild_penumbra,Easy_Significance_83,1dztfc5,reply,1,-0.8103,3,2024-07-10T13:12:20+00:00
Ok-Noise1837,madhatter989,1dztfc5,reply,1,0.3816,1,2024-07-10T12:33:43+00:00
Ok-Noise1837,Pristine_Ad7297,1dztfc5,reply,1,0.4199,2,2024-07-10T12:21:41+00:00
Ok-Noise1837,Common-Metal1746,1dztfc5,reply,1,0.3182,2,2024-07-10T11:42:32+00:00
Ok-Noise1837,eyelash16,1dztfc5,reply,1,0.54,1,2024-10-31T00:07:13+00:00
Common-Metal1746,Ok-Noise1837,1dztfc5,reply,1,0.8686,2,2024-07-10T11:43:27+00:00
nbanbury,ieya404,1dybd3u,reply,1,-0.2263,-40,2024-07-08T18:01:07+00:00
Locksmithbloke,FureiousPhalanges,1dybd3u,reply,1,0.6966,1,2024-07-09T13:05:26+00:00
cashmakessmiles,nbanbury,1dybd3u,reply,1,0.2263,12,2024-07-08T19:42:52+00:00
HibeesBounce,ske66,1dybd3u,reply,1,0.0,1,2024-07-08T16:55:42+00:00
nbanbury,cashmakessmiles,1dybd3u,reply,1,0.6073,-2,2024-07-09T04:44:35+00:00
lochcreran,nbanbury,1dybd3u,reply,1,0.0,0,2024-07-10T21:21:33+00:00
Dolly57,codenamecueball,1doxas4,reply,1,0.8422,21,2024-06-26T13:15:12+00:00
capt_avocado,codenamecueball,1doxas4,reply,1,0.5994,6,2024-06-26T13:28:04+00:00
trufflesniffinpig,codenamecueball,1doxas4,reply,1,0.3016,3,2024-06-26T13:24:43+00:00
CraigJDuffy,codenamecueball,1doxas4,reply,1,0.4215,2,2024-06-26T22:01:09+00:00
kookamooka,KitchenFree7651,1doxas4,reply,1,0.0,9,2024-06-26T14:35:53+00:00
Bramsstrahlung,KitchenFree7651,1doxas4,reply,1,-0.2263,14,2024-06-26T16:27:49+00:00
cloud__19,DougalR,1doxas4,reply,1,0.0,9,2024-06-26T13:44:15+00:00
codenamecueball,Dolly57,1doxas4,reply,1,-0.095,1,2024-06-26T13:19:13+00:00
codenamecueball,capt_avocado,1doxas4,reply,1,0.7351,2,2024-06-26T13:36:21+00:00
Substantial_Dot7311,capt_avocado,1doxas4,reply,1,-0.296,1,2024-06-27T17:18:28+00:00
codenamecueball,trufflesniffinpig,1doxas4,reply,1,0.0,2,2024-06-26T13:32:27+00:00
KitchenFree7651,kookamooka,1doxas4,reply,1,0.4417,7,2024-06-26T15:06:40+00:00
One_Understanding603,kookamooka,1doxas4,reply,1,0.5719,1,2024-06-26T15:23:30+00:00
KitchenFree7651,Bramsstrahlung,1doxas4,reply,1,-0.2846,6,2024-06-26T17:32:34+00:00
dario_sanchez,Bramsstrahlung,1doxas4,reply,1,0.7506,3,2024-06-26T17:58:10+00:00
Silent-Ad-756,Bramsstrahlung,1doxas4,reply,1,0.4939,1,2024-06-27T08:40:21+00:00
HandyRoyd,Soulfulmean,1doxas4,reply,1,0.6705,1,2024-06-26T15:19:17+00:00
chamchofy,Soulfulmean,1doxas4,reply,1,0.0516,-8,2024-06-26T14:43:20+00:00
DougalR,cloud__19,1doxas4,reply,1,0.6124,-7,2024-06-26T14:06:48+00:00
CraigJDuffy,codenamecueball,1doxas4,reply,1,0.5574,3,2024-06-26T21:50:35+00:00
cloud__19,codenamecueball,1doxas4,reply,1,0.5267,2,2024-06-26T13:43:42+00:00
CraigJDuffy,codenamecueball,1doxas4,reply,1,0.296,1,2024-06-26T21:51:57+00:00
TheFugitiveSock,chamchofy,1doxas4,reply,1,0.0772,7,2024-06-26T14:46:08+00:00
deju_,DougalR,1doxas4,reply,1,0.4588,9,2024-06-26T14:19:36+00:00
cloud__19,DougalR,1doxas4,reply,1,-0.5574,5,2024-06-26T14:23:12+00:00
Sensitive_Box55,Mammoth_Parfait7744,1df2fdz,reply,1,0.8271,0,2024-06-13T16:59:00+00:00
Sensitive_Box55,ferdia6,1df2fdz,reply,1,0.8555,1,2024-06-13T19:07:55+00:00
Sensitive_Box55,Substantial_Dot7311,1df2fdz,reply,1,0.91,1,2024-06-13T19:11:10+00:00
Sensitive_Box55,lary-sa,1df2fdz,reply,1,0.3612,1,2024-06-13T19:08:35+00:00
Mammoth_Parfait7744,Sensitive_Box55,1df2fdz,reply,1,0.6858,-1,2024-06-13T17:01:51+00:00
Sensitive_Box55,Mammoth_Parfait7744,1df2fdz,reply,1,0.5106,1,2024-06-13T17:07:07+00:00
Jumph96,termonszymra,1dckmym,reply,1,0.0629,11,2024-06-10T13:34:21+00:00
Jumph96,fredflatulent,1dckmym,reply,1,0.6369,-5,2024-06-10T13:00:30+00:00
Jumph96,dleoghan,1dckmym,reply,1,-0.9568,3,2024-06-10T18:10:41+00:00
Jumph96,Gecko5991,1dckmym,reply,1,-0.765,4,2024-06-10T12:54:16+00:00
Jumph96,Valuable-Wallaby-167,1dckmym,reply,1,0.0,2,2024-06-10T13:19:39+00:00
Jumph96,TwigletTree,1dckmym,reply,1,0.0,1,2024-06-10T18:06:22+00:00
Jumph96,kitknit81,1dckmym,reply,1,0.5719,1,2024-06-10T18:31:43+00:00
Jumph96,omggcantfindusername,1dckmym,reply,1,-0.6249,-1,2024-06-10T15:57:22+00:00
Jumph96,Busy-Dress9463,1dckmym,reply,1,0.0,1,2024-06-11T11:19:02+00:00
Jumph96,jobbyspanker,1dckmym,reply,1,0.0286,1,2024-06-11T17:54:40+00:00
Jumph96,knockonce4fun,1dckmym,reply,1,0.4404,0,2024-06-10T14:35:21+00:00
Valuable-Wallaby-167,Jumph96,1dckmym,reply,1,0.8225,23,2024-06-10T13:50:25+00:00
yakuzakid3k,Jumph96,1dckmym,reply,1,0.0,22,2024-06-10T14:13:37+00:00
termonszymra,Jumph96,1dckmym,reply,1,0.9881,6,2024-06-10T13:54:18+00:00
160295,Jumph96,1dckmym,reply,1,0.125,2,2024-06-10T13:48:09+00:00
daleash84,Jumph96,1dckmym,reply,1,-0.6697,1,2024-06-10T21:05:42+00:00
Gecko5991,Jumph96,1dckmym,reply,1,0.0156,2,2024-06-10T14:08:40+00:00
touristtam,Jumph96,1dckmym,reply,1,0.5067,2,2024-06-11T14:38:11+00:00
IRegretCommenting,Jumph96,1dckmym,reply,1,-0.6868,2,2024-06-11T10:36:55+00:00
FumbleMyEndzone,Jumph96,1dckmym,reply,1,0.0,7,2024-06-10T13:18:38+00:00
Jumph96,Valuable-Wallaby-167,1dckmym,reply,1,-0.1531,13,2024-06-10T13:51:09+00:00
Jumph96,yakuzakid3k,1dckmym,reply,1,0.0,5,2024-06-10T14:17:59+00:00
VardaElentari86,yakuzakid3k,1dckmym,reply,1,-0.3784,1,2024-06-10T14:34:42+00:00
DJ_Firth,yakuzakid3k,1dckmym,reply,1,0.0,1,2024-06-11T16:27:26+00:00
Jumph96,termonszymra,1dckmym,reply,1,0.9941,3,2024-06-10T14:29:42+00:00
Jumph96,160295,1dckmym,reply,1,0.1779,2,2024-06-10T13:50:36+00:00
Jumph96,Gecko5991,1dckmym,reply,1,0.5267,2,2024-06-10T14:12:13+00:00
Jumph96,touristtam,1dckmym,reply,1,0.7351,1,2024-06-11T17:41:40+00:00
Jumph96,IRegretCommenting,1dckmym,reply,1,0.5499,3,2024-06-11T10:40:18+00:00
Dry-Pie2395,Jumph96,1dckmym,reply,1,0.8979,8,2024-06-10T16:21:28+00:00
yakuzakid3k,DJ_Firth,1dckmym,reply,1,0.624,2,2024-06-11T16:41:11+00:00
MediumPeteWrigley,Jumph96,1dckmym,reply,1,0.8689,3,2024-06-10T22:04:01+00:00
expert_internetter,Jumph96,1dckmym,reply,1,0.3612,-2,2024-06-10T17:24:29+00:00
Gecko5991,Jumph96,1dckmym,reply,1,0.9578,2,2024-06-10T14:37:47+00:00
touristtam,Jumph96,1dckmym,reply,1,0.7351,1,2024-06-12T07:44:28+00:00
DJ_Firth,yakuzakid3k,1dckmym,reply,1,0.6369,1,2024-06-11T16:53:01+00:00
Strong_Star_71,TheMrCeeJ,1d5iqyq,reply,1,0.3612,23,2024-06-01T12:42:11+00:00
XxHostagexX,TheMrCeeJ,1d5iqyq,reply,1,0.7088,13,2024-06-01T14:12:38+00:00
rob_matic,TheMrCeeJ,1d5iqyq,reply,1,0.4767,6,2024-06-01T20:59:31+00:00
Mammoth_Parfait7744,TheMrCeeJ,1d5iqyq,reply,1,0.7227,10,2024-06-01T18:31:35+00:00
Alarmed-Attention-77,TheMrCeeJ,1d5iqyq,reply,1,0.7089,3,2024-06-02T15:29:58+00:00
Salt_Inspector_641,TheMrCeeJ,1d5iqyq,reply,1,0.0772,-25,2024-06-01T16:34:39+00:00
ross999123,nnc-evil-the-cat,1d5iqyq,reply,1,-0.5707,5,2024-06-01T11:34:19+00:00
Cultural_Ad9757,nnc-evil-the-cat,1d5iqyq,reply,1,0.0,-2,2024-06-01T11:18:08+00:00
Spiritual-Luck9032,Jubaa_99,1d5iqyq,reply,1,0.0,7,2024-06-01T09:31:35+00:00
Fine-Assist6368,Immediate_Ad8636,1d5iqyq,reply,1,0.4404,15,2024-06-01T13:11:59+00:00
snahtanoj,Best_Preference7373,1d5iqyq,reply,1,-0.5574,18,2024-06-01T13:19:50+00:00
Interesting_Rain9533,Best_Preference7373,1d5iqyq,reply,1,0.4588,3,2024-06-01T12:32:20+00:00
OkChocolate4829,ScottTsukuru,1d5iqyq,reply,1,0.4019,1,2024-06-02T16:11:17+00:00
rob_matic,Informal-Lock-7184,1d5iqyq,reply,1,0.3182,0,2024-06-01T20:48:24+00:00
WeirdestWolf,nibbynib,1d5iqyq,reply,1,0.6124,2,2024-06-02T00:12:03+00:00
Spiritual-Luck9032,Chance-Purpose-9652,1d5iqyq,reply,1,0.0,4,2024-06-01T09:53:56+00:00
Informal-Lock-7184,Chance-Purpose-9652,1d5iqyq,reply,1,0.9146,3,2024-06-01T19:27:31+00:00
Aurorasd,Ok_Heart_7193,1d5iqyq,reply,1,0.0772,20,2024-06-01T13:56:54+00:00
alloisdavethere,Ok_Heart_7193,1d5iqyq,reply,1,-0.6249,4,2024-06-01T20:32:42+00:00
Donaldbeag,Ok_Heart_7193,1d5iqyq,reply,1,0.0107,4,2024-06-01T12:54:33+00:00
Open_Cloud2484,XxHostagexX,1d5iqyq,reply,1,0.8176,-20,2024-06-01T14:21:12+00:00
TheMrCeeJ,Mammoth_Parfait7744,1d5iqyq,reply,1,0.7814,8,2024-06-01T22:30:50+00:00
Dactrius179,Salt_Inspector_641,1d5iqyq,reply,1,0.0,11,2024-06-01T18:30:59+00:00
AccomplishedFactor70,Salt_Inspector_641,1d5iqyq,reply,1,-0.1027,1,2024-06-05T21:15:45+00:00
Jubaa_99,Spiritual-Luck9032,1d5iqyq,reply,1,0.4767,10,2024-06-01T09:45:42+00:00
Best_Preference7373,snahtanoj,1d5iqyq,reply,1,0.659,4,2024-06-01T13:57:17+00:00
Best_Preference7373,Interesting_Rain9533,1d5iqyq,reply,1,-0.34,2,2024-06-01T13:52:04+00:00
Informal-Lock-7184,rob_matic,1d5iqyq,reply,1,-0.1007,0,2024-06-01T23:20:08+00:00
nibbynib,WeirdestWolf,1d5iqyq,reply,1,0.0,1,2024-06-02T21:08:55+00:00
jusooz,Spiritual-Luck9032,1d5iqyq,reply,1,-0.7269,1,2024-06-01T15:28:49+00:00
Open_Cloud2484,Aurorasd,1d5iqyq,reply,1,0.0,-8,2024-06-01T14:30:43+00:00
XxHostagexX,Open_Cloud2484,1d5iqyq,reply,1,0.9215,11,2024-06-01T14:28:53+00:00
GingerSnapBiscuit,Open_Cloud2484,1d5iqyq,reply,1,-0.8074,3,2024-06-02T12:29:23+00:00
Issui,Dactrius179,1d5iqyq,reply,1,0.504,-15,2024-06-01T20:58:45+00:00
160295,Jubaa_99,1d5iqyq,reply,1,0.0,5,2024-06-01T09:49:52+00:00
Extension-Dirt9139,Jubaa_99,1d5iqyq,reply,1,-0.5267,3,2024-06-01T13:53:26+00:00
OkChocolate4829,Best_Preference7373,1d5iqyq,reply,1,0.8975,1,2024-06-02T16:09:57+00:00
Mammoth_Parfait7744,jusooz,1d5iqyq,reply,1,0.3818,4,2024-06-01T18:38:57+00:00
unitled,Open_Cloud2484,1d5iqyq,reply,1,0.0,5,2024-06-02T09:36:05+00:00
TheMrCeeJ,XxHostagexX,1d5iqyq,reply,1,0.9663,2,2024-06-01T15:42:25+00:00
Dactrius179,Issui,1d5iqyq,reply,1,0.1531,8,2024-06-01T22:21:08+00:00
Salt_Inspector_641,Dactrius179,1d5iqyq,reply,1,0.0,-3,2024-06-02T01:57:21+00:00
OkChocolate4829,Salt_Inspector_641,1d5iqyq,reply,1,0.3612,3,2024-06-02T15:55:01+00:00
Dactrius179,Salt_Inspector_641,1d5iqyq,reply,1,-0.2263,1,2024-06-03T06:51:30+00:00
Salt_Inspector_641,Dactrius179,1d5iqyq,reply,1,0.0,1,2024-06-03T07:05:03+00:00
Dactrius179,Salt_Inspector_641,1d5iqyq,reply,1,0.8658,1,2024-06-03T11:20:00+00:00
ornulu422,89ElRay,1crybje,reply,1,0.0,20,2024-05-14T19:53:30+00:00
ornulu422,mantolwen,1crybje,reply,1,0.0516,34,2024-05-15T02:30:04+00:00
GingerSnapBiscuit,mantolwen,1crybje,reply,1,-0.6531,1,2024-05-15T08:05:16+00:00
aitorbk,mantolwen,1crybje,reply,1,0.0258,-4,2024-05-15T07:28:17+00:00
ornulu422,PossibilityNo7912,1crybje,reply,1,0.0,40,2024-05-14T20:22:25+00:00
GingerSnapBiscuit,PossibilityNo7912,1crybje,reply,1,0.0,1,2024-05-15T08:03:45+00:00
ornulu422,cami-kazee89,1crybje,reply,1,0.0,5,2024-05-15T02:37:25+00:00
ornulu422,No-Secret-1355,1crybje,reply,1,0.765,31,2024-05-14T21:27:38+00:00
k3nn3h,No-Secret-1355,1crybje,reply,1,0.296,0,2024-05-15T19:18:11+00:00
ornulu422,R2-Scotia,1crybje,reply,1,0.0,24,2024-05-14T22:24:58+00:00
ornulu422,Thats-right999,1crybje,reply,1,0.0,10,2024-05-15T06:41:24+00:00
ornulu422,PropertyConfident19,1crybje,reply,1,-0.8934,1,2024-05-15T19:40:30+00:00
ornulu422,PropertyConfident19,1crybje,reply,1,0.1531,0,2024-05-19T13:51:27+00:00
89ElRay,ornulu422,1crybje,reply,1,0.4588,20,2024-05-14T19:53:57+00:00
GingerSnapBiscuit,ornulu422,1crybje,reply,1,-0.3818,2,2024-05-15T08:02:39+00:00
FanWrite,ornulu422,1crybje,reply,1,-0.2023,19,2024-05-15T05:11:24+00:00
CitizenoftheWorld-95,ornulu422,1crybje,reply,1,-0.4672,1,2024-05-15T18:58:41+00:00
mantolwen,GingerSnapBiscuit,1crybje,reply,1,0.9161,0,2024-05-15T08:16:06+00:00
aitorbk,GingerSnapBiscuit,1crybje,reply,1,-0.5713,0,2024-05-15T08:36:05+00:00
brexit_britain,ornulu422,1crybje,reply,1,0.5106,1,2024-05-15T05:39:03+00:00
EntertainmentBasic42,ornulu422,1crybje,reply,1,0.0,14,2024-05-15T06:41:24+00:00
deju_,ornulu422,1crybje,reply,1,-0.0865,9,2024-05-14T22:56:41+00:00
No-Secret-1355,ornulu422,1crybje,reply,1,-0.0572,-6,2024-05-14T21:35:06+00:00
k3nn3h,ornulu422,1crybje,reply,1,0.3939,1,2024-05-15T19:19:20+00:00
PropertyConfident19,ornulu422,1crybje,reply,1,-0.4215,1,2024-05-15T19:20:26+00:00
PropertyConfident19,ornulu422,1crybje,reply,1,0.743,0,2024-05-15T19:23:00+00:00
Substantial_Dot7311,ornulu422,1crybje,reply,1,0.2723,1,2024-06-16T22:18:30+00:00
PropertyConfident19,ornulu422,1crybje,reply,1,0.8777,1,2024-05-19T13:47:51+00:00
PropertyConfident19,ornulu422,1crybje,reply,1,-0.2023,1,2024-05-19T13:56:26+00:00
Donaldo1977,89ElRay,1crybje,reply,1,0.0,8,2024-05-14T20:01:26+00:00
ornulu422,GingerSnapBiscuit,1crybje,reply,1,0.3181,4,2024-05-15T08:03:30+00:00
ornulu422,FanWrite,1crybje,reply,1,-0.6563,16,2024-05-15T05:25:23+00:00
ornulu422,CitizenoftheWorld-95,1crybje,reply,1,0.1901,1,2024-05-15T19:24:05+00:00
GingerSnapBiscuit,mantolwen,1crybje,reply,1,-0.1779,3,2024-05-15T08:41:37+00:00
aitorbk,mantolwen,1crybje,reply,1,-0.7752,3,2024-05-15T08:33:12+00:00
GingerSnapBiscuit,aitorbk,1crybje,reply,1,0.687,1,2024-05-15T08:39:26+00:00
ornulu422,brexit_britain,1crybje,reply,1,0.0,1,2024-05-15T05:40:17+00:00
ornulu422,EntertainmentBasic42,1crybje,reply,1,0.0516,5,2024-05-15T06:47:58+00:00
ornulu422,deju_,1crybje,reply,1,0.7585,4,2024-05-15T02:33:37+00:00
ornulu422,No-Secret-1355,1crybje,reply,1,0.5859,18,2024-05-14T22:26:11+00:00
GingerSnapBiscuit,No-Secret-1355,1crybje,reply,1,-0.0772,2,2024-05-15T08:36:53+00:00
Thats-right999,No-Secret-1355,1crybje,reply,1,0.2732,0,2024-05-15T06:47:12+00:00
ornulu422,k3nn3h,1crybje,reply,1,0.0,2,2024-05-15T19:39:59+00:00
ornulu422,PropertyConfident19,1crybje,reply,1,-0.8934,1,2024-05-15T19:35:56+00:00
ornulu422,giganticbuzz,1crybje,reply,1,0.4404,12,2024-05-14T22:24:22+00:00
ornulu422,PropertyConfident19,1crybje,reply,1,-0.8934,2,2024-05-15T19:40:18+00:00
ornulu422,PropertyConfident19,1crybje,reply,1,0.9429,1,2024-05-19T14:02:38+00:00
PropertyConfident19,Donaldo1977,1crybje,reply,1,0.8313,2,2024-05-19T13:50:07+00:00
GingerSnapBiscuit,ornulu422,1crybje,reply,1,-0.4871,6,2024-05-15T08:06:53+00:00
FanWrite,ornulu422,1crybje,reply,1,-0.1695,3,2024-05-15T06:41:51+00:00
PropertyConfident19,aitorbk,1crybje,reply,1,0.4404,2,2024-05-19T13:55:47+00:00
aitorbk,GingerSnapBiscuit,1crybje,reply,1,0.7184,1,2024-05-15T08:42:25+00:00
PropertyConfident19,ornulu422,1crybje,reply,1,0.0,0,2024-05-15T20:55:41+00:00
PropertyConfident19,ornulu422,1crybje,reply,1,-0.4215,0,2024-05-15T20:56:39+00:00
thelazyfool,ornulu422,1crybje,reply,1,0.7869,2,2024-05-15T08:46:52+00:00
PropertyConfident19,ornulu422,1crybje,reply,1,-0.5574,-1,2024-05-15T20:57:52+00:00
giganticbuzz,ornulu422,1crybje,reply,1,-0.8069,-1,2024-05-15T11:46:51+00:00
PropertyConfident19,ornulu422,1crybje,reply,1,0.8605,1,2024-05-19T14:22:39+00:00
A_Mac1998,FanWrite,1crybje,reply,1,-0.6956,19,2024-05-15T06:59:54+00:00
ornulu422,FanWrite,1crybje,reply,1,0.5233,9,2024-05-15T06:44:48+00:00
GingerSnapBiscuit,FanWrite,1crybje,reply,1,-0.2023,2,2024-05-15T08:34:08+00:00
Teh_Bosch,FanWrite,1crybje,reply,1,0.0,1,2024-05-15T14:53:34+00:00
CameronWS,PossibilityNo7912,1crybje,reply,1,0.5258,1,2024-05-16T06:24:59+00:00
GingerSnapBiscuit,aitorbk,1crybje,reply,1,0.7783,0,2024-05-15T08:50:15+00:00
ornulu422,thelazyfool,1crybje,reply,1,0.128,0,2024-05-15T09:04:44+00:00
CameronWS,PropertyConfident19,1crybje,reply,1,0.2023,1,2024-05-16T06:28:16+00:00
ornulu422,giganticbuzz,1crybje,reply,1,0.8016,3,2024-05-15T11:55:53+00:00
ornulu422,A_Mac1998,1crybje,reply,1,0.0,5,2024-05-15T07:04:14+00:00
FanWrite,A_Mac1998,1crybje,reply,1,0.7184,1,2024-05-15T08:05:10+00:00
FanWrite,ornulu422,1crybje,reply,1,0.0,5,2024-05-15T06:55:10+00:00
k3nn3h,ornulu422,1crybje,reply,1,0.504,0,2024-05-15T19:14:02+00:00
FanWrite,Teh_Bosch,1crybje,reply,1,0.0,-1,2024-05-15T17:27:50+00:00
thelazyfool,ornulu422,1crybje,reply,1,0.7622,0,2024-05-15T09:36:50+00:00
PropertyConfident19,CameronWS,1crybje,reply,1,0.296,0,2024-05-19T13:42:56+00:00
giganticbuzz,ornulu422,1crybje,reply,1,-0.3612,0,2024-05-15T12:01:08+00:00
ornulu422,FanWrite,1crybje,reply,1,0.0772,1,2024-05-15T07:01:08+00:00
ornulu422,k3nn3h,1crybje,reply,1,0.2484,1,2024-05-15T19:32:01+00:00
Teh_Bosch,FanWrite,1crybje,reply,1,0.0,2,2024-05-15T18:02:05+00:00
ornulu422,thelazyfool,1crybje,reply,1,-0.0516,0,2024-05-15T09:47:00+00:00
CameronWS,PropertyConfident19,1crybje,reply,1,0.34,1,2024-05-20T09:38:00+00:00
ornulu422,giganticbuzz,1crybje,reply,1,-0.6084,1,2024-05-15T12:04:31+00:00
FanWrite,ornulu422,1crybje,reply,1,0.6808,4,2024-05-15T08:08:16+00:00
PropertyConfident19,ornulu422,1crybje,reply,1,0.3313,0,2024-05-19T13:52:18+00:00
Substantial_Dot7311,ornulu422,1crybje,reply,1,0.0,1,2024-06-16T22:14:08+00:00
FanWrite,Teh_Bosch,1crybje,reply,1,0.6486,1,2024-05-15T19:13:17+00:00
thelazyfool,ornulu422,1crybje,reply,1,0.4454,1,2024-05-15T10:14:47+00:00
giganticbuzz,ornulu422,1crybje,reply,1,0.0,1,2024-05-15T12:16:25+00:00
Teh_Bosch,FanWrite,1crybje,reply,1,-0.1027,1,2024-05-15T21:57:42+00:00
ornulu422,thelazyfool,1crybje,reply,1,0.8402,1,2024-05-15T10:29:58+00:00
ornulu422,giganticbuzz,1crybje,reply,1,0.5584,2,2024-05-15T12:21:44+00:00
Appelci,Bilboo_Baggins,1cj825k,reply,1,0.547,2,2024-05-03T17:30:12+00:00
Big_Red12,pretty_gauche6,1cb9kya,reply,1,0.4215,11,2024-04-24T01:20:08+00:00
coalchester,pretty_gauche6,1cb9kya,reply,1,0.797,1,2024-04-24T08:24:59+00:00
Stubbs94,aitorbk,1cb9kya,reply,1,0.3182,13,2024-04-23T18:57:54+00:00
coalchester,aitorbk,1cb9kya,reply,1,0.8869,2,2024-04-23T19:22:55+00:00
pretty_gauche6,Big_Red12,1cb9kya,reply,1,0.0772,1,2024-04-24T14:32:37+00:00
pretty_gauche6,coalchester,1cb9kya,reply,1,0.0,1,2024-04-24T14:16:11+00:00
SerozshaB,coalchester,1cb9kya,reply,1,0.5994,16,2024-04-23T17:53:14+00:00
Big_Red12,coalchester,1cb9kya,reply,1,0.0,5,2024-04-24T01:15:30+00:00
codenamecueball,coalchester,1cb9kya,reply,1,-0.4215,4,2024-04-23T21:49:01+00:00
zappityzapzap,coalchester,1cb9kya,reply,1,0.73,1,2024-04-30T23:36:35+00:00
typhoneus,Stubbs94,1cb9kya,reply,1,-0.1027,11,2024-04-23T22:32:15+00:00
InsideBoris,coalchester,1cb9kya,reply,1,0.765,6,2024-04-23T19:35:35+00:00
aitorbk,coalchester,1cb9kya,reply,1,-0.0516,1,2024-04-23T19:53:05+00:00
typhoneus,pretty_gauche6,1cb9kya,reply,1,0.6124,1,2024-04-24T16:33:13+00:00
coalchester,SerozshaB,1cb9kya,reply,1,0.25,3,2024-04-23T18:00:15+00:00
Stubbs94,coalchester,1cb9kya,reply,1,0.0,9,2024-04-23T18:57:14+00:00
CraigJDuffy,coalchester,1cb9kya,reply,1,0.3892,2,2024-04-24T07:46:42+00:00
tamboz3,sentilenti,1c86ybd,reply,1,0.0,1,2024-08-06T09:35:58+00:00
sentilenti,tamboz3,1c86ybd,reply,1,0.5707,1,2024-08-06T11:15:50+00:00
tamboz3,sentilenti,1c86ybd,reply,1,0.4199,1,2024-08-07T10:00:42+00:00
polly_polly,Mammoth_Parfait7744,1c7k90a,reply,1,-0.2003,1,2024-04-19T20:29:50+00:00
philomathie,harpistic,1c7k90a,reply,1,-0.3612,0,2024-04-19T15:19:28+00:00
polly_polly,anthelmintic145,1c7k90a,reply,1,-0.8788,-1,2024-04-19T20:24:06+00:00
polly_polly,Connell95,1c7k90a,reply,1,0.3182,0,2024-04-19T20:26:55+00:00
Big_Red12,Rerererereading,1c65942,reply,1,0.0,40,2024-04-17T10:19:21+00:00
ieya404,Rerererereading,1c65942,reply,1,0.6115,14,2024-04-17T10:05:08+00:00
Rerererereading,Big_Red12,1c65942,reply,1,0.2732,11,2024-04-17T10:32:47+00:00
SnooKiwis3208,ieya404,1c65942,reply,1,-0.25,4,2024-04-17T10:13:15+00:00
CrystalOcean39,ieya404,1c65942,reply,1,-0.4137,1,2024-04-17T13:39:27+00:00
dustyfaxman,codenamecueball,1c65942,reply,1,-0.2924,15,2024-04-17T10:36:22+00:00
TheFirstMinister,CrystalOcean39,1c65942,reply,1,-0.5563,2,2024-04-18T05:07:31+00:00
CrystalOcean39,TheFirstMinister,1c65942,reply,1,0.0,1,2024-04-18T19:25:07+00:00
s4nctu4ry,wild_penumbra,1c5b5sd,reply,1,0.296,1,2024-04-16T09:42:34+00:00
s4nctu4ry,ixicrom,1c5b5sd,reply,1,0.765,1,2024-04-16T14:23:22+00:00
s4nctu4ry,aplraven,1c5b5sd,reply,1,0.7003,1,2024-04-16T15:58:27+00:00
s4nctu4ry,justmebeingmehere,1c5b5sd,reply,1,0.2868,2,2024-04-17T09:01:56+00:00
