post_id,title,cleaned_title,post_body,cleaned_post_body,author,score,num_comments,created_utc
1klpctv,Would I be in within my rights to request a rent reduction while this is up?,would I be in within my right to request a rent reduction while this be up ?,"My partner and I are lucky enough to have this bit of private patio outside our basement flat. And over the last week this scaffolding has gone up taking up that entire space, and it will appearently be up for the next 12 weeks

Now, I've only lived in Edinburgh for a short time now and this is the first basement flat I've had, so this might just be the unfortunate reality of the situation, but we feel we pay to have access to this private patio via our rent and that access is completly gone now. Would we be wrong for asking for a rent reduction while this is in place taking up our patio space?","my partner and I be lucky enough to have this bit of private patio outside our basement flat . and over the last week this scaffolding have go up take up that entire space , and it will appearently be up for the next week now , I ve only live in edinburgh for a short time now and this be the first basement flat I ve have , so this might just be the unfortunate reality of the situation , but we feel we pay to have access to this private patio via our rent and that access be completly go now . would we be wrong for ask for a rent reduction while this be in place take up our patio space ?",Thirstyirishmen,0,7,2025-05-13T15:48:26+00:00
1kj6pij,Renting,rent,"When is the best time to start looking for a flat to rent in Edinburgh? I am looking to move in late August/early September. Most of the properties online now say available in June. 

Also, what letting agents would you recommend to go with?
 
Thank you!","when be the good time to start look for a flat to rent in edinburgh ? I be look to move in late august early september . most of the property online now say available in june . also , what let agent would you recommend to go with ? thank you !",Even-Neighborhood688,0,3,2025-05-10T09:57:47+00:00
1kj2ak3,"Rent or Buy? 1 year in Edin for work, uncertain about future career path","rent or buy ? year in edin for work , uncertain about future career path","Hello everything, thanks in advance for giving  me some tips! 

I will be working in Edinburgh for a year from this August (2025), and unsure if I would be staying in Edin after that. It really depends on whether I get selected to stay in my future career (training progression etc) and there is a high chance to be going anywhere in the UK or potentially abroad. (Ps I am non a uk citizen, on a skilled worker visa)

I am in a position to pay for both deposit and mortgage. I have been a student rented in both Edinburgh and Dundee before, but now I have abit more savings and able to afford the above without help of family.

I am wondering with current’s market, and my uncertainty of staying in Edin after a year - is it better to rent or buy? 

And how easy is it to sell a property in a year? and if I would lose a lot of money? Seems to be more of a hassle and more expensive in term of legal fees, mortgage fees compared to renting? But also, I am hoping to feel abit more stability by buying a flat. 

I am a total noob in terms of buying a property too!","hello everything , thank in advance for give I some tip ! I will be work in edinburgh for a year from this august , and unsure if I would be stay in edin after that . it really depend on whether I get select to stay in my future career training progression etc and there be a high chance to be go anywhere in the uk or potentially abroad . ps I be non a uk citizen , on a skilled worker visa I be in a position to pay for both deposit and mortgage . I have be a student rent in both edinburgh and dundee before , but now I have abit more saving and able to afford the above of family . I be wonder with current market , and my uncertainty of stay in edin after a year be it well to rent or buy ? and how easy be it to sell a property in a year ? and if I would lose a lot of money ? seem to be more of a hassle and more expensive in term of legal fee , mortgage fee compare to renting ? but also , I be hope to feel abit more stability by buy a flat . I be a total noob in term of buy a property too !",Historical-Mix4837,0,16,2025-05-10T04:52:07+00:00
1kh0q5k,Places to rent advice,place to rent advice,"I am moving to Edinburgh for my PhD. I will be on approximately £2100 a month, what is the maximum amount I should be looking at rent excluding bills? 

I am happy to live outside of Edinburgh as I have a car.

I have a dog coming with me and she needs a garden so it is already difficult…","I be move to edinburgh for my phd . I will be on approximately a month , what be the maximum amount I should be look at rent exclude bill ? I be happy to live outside of edinburgh as I have a car . I have a dog come with I and she need a garden so it be already difficult",Neat_Tip_7943,0,21,2025-05-07T15:49:50+00:00
1kbtaj5,Rent recommendations,rent recommendation,"Trying to help my friend with moving, which is proving to be very difficult. Avoiding all dj alexander places as much as possible as we've read all the horror stories, now we're looking for private landlords which is also quite difficult. If anyone knows of anybody then please lmk. Nothing in shared accommodation and it needs to be pet friendly.
Edit: budget 900pcm, area not fussy, 1 bed. ","try to help my friend with moving , which be prove to be very difficult . avoid all dj alexander place as much as possible as we ve read all the horror story , now be look for private landlord which be also quite difficult . if anyone know of anybody then please lmk . nothing in shared accommodation and it need to be pet friendly . edit budget , area , bed .",spookygayalexx,0,5,2025-04-30T22:27:36+00:00
1k97ylu,Rental/living areas for young family relocating near Ed,rental living area for young family relocate near ed,"Hi folks, thinking of moving over to greater Edinburgh area (say 25-30 mins train or bus or driving max from central Ed) from Belfast and trying to scope it out. 

In our 30s, Have a dog and a primary-aged kid. Likely gonna be renting somewhere whilst renting our NI house out back home, at least for the first year, to sound it out.

Not high earners, looking at £3k income p/m between us at least for the first while.

Any areas worth considering, maybe thinking Mid or East Lothian? Obviously have schools to consider too. Will be working remotely but prob need to be in the university/centre on a weekly basis.

Any hidden costs we aren’t used to? Of course water charges and council tax…there’s so much negativity online about everywhere getting worse constantly (same back home same in Uk generally) but we are feeling culturally and career wise a bit stunted in NI and think Edinburgh would be a good shout. We work in research and the arts.

Any advice much appreciated, please try not to slate me too much  😂","hi folk , think of move over to great edinburgh area say min train or bus or driving max from central ed from belfast and try to scope it out . in our , have a dog and a primaryage kid . likely go to be rent somewhere whilst rent our ni house out back home , at least for the first year , to sound it out . earner , look at income p m between we at least for the first while . any area worth consider , maybe think mid or east lothian ? obviously have school to consider too . will be work remotely but prob need to be in the university centre on a weekly basis . any hidden cost we be not use to ? of course water charge and council taxthere so much negativity online about everywhere get bad constantly same back home same in uk generally but we be feel culturally and career wise a bit stunt in ni and think edinburgh would be a good shout . we work in research and the art . any advice much appreciate , please try slate I too much",TruthfulCartographer,0,5,2025-04-27T16:26:53+00:00
1k19fhe,Renting from The Property Letting Centre,rent from the property letting centre,Has anyone rented through The Property Letting Centre in Newington? I'm trying to gauge what they're like as letting agents.,have anyone rent through the property letting centre in newington ? I m try to gauge what they re like as let agent .,theirleftshoe,0,1,2025-04-17T10:25:52+00:00
1k167t3,How difficult is renting currently?,how difficult be rent currently ?,"I’ve been offered a job in Edinburgh; I can probably afford up to 2k-2.5k a month in rent. But ideally wouldn’t want to go above 2k; would it be possible to rent a 3 bed place for this amount? Or is the shortage that dire? 

We’re a family of 4 so I just want to make sure it’s even possible before accepting. 

Also; which areas are good for families and have alot going on (i.e walking distance from
Shops etc).

",I ve be offer a job in edinburgh I can probably afford up to a month in rent . but ideally would not want to go above would it be possible to rent a bed place for this amount ? or be the shortage that dire ? be a family of so I just want to make sure its even possible before accept . also which area be good for family and have alot go on walking distance from shop etc .,Univeralise,0,5,2025-04-17T06:31:09+00:00
1jzs1sy,I might rented a former cathouse what should i do,I might rent a former cathouse what should I do,"I’m an international student studying in Edinburgh, it was really hard to find a flat to rent around here since I don’t have a uk based guarantor. Last year i finally found a landlord who willing to rent the flat to me and with pet permission! It’s a nice little flat and very convenient for me to commute. But after i moved in there were strange men knocking on my door and trynna get in without my permission 3-4 times on weekly basis. My neighbor told me they suspect the former tenant ran a brothel in this flat. 

I’m really scared, I’ve told the landlord and they also can’t do much about this. I became really paranoid about knocking and doorbells and i used to afraid to go out for a while. But moving out and flat haunting is real pain in the ass and i couldn’t find anywhere else currently. 

Is there any thing i could do to stop them annoying me? Should i contact police (tho dont think police can do anything either)?

And also the rent is high af i’m considering arguing with my landlord to get a fairer price.","I m an international student study in edinburgh , it be really hard to find a flat to rent around here since I do not have a uk base guarantor . last year I finally find a landlord who willing to rent the flat to I and with pet permission ! its a nice little flat and very convenient for I to commute . but after I move in there be strange man knock on my door and trynna get in permission time on weekly basis . my neighbor tell I they suspect the former tenant run a brothel in this flat . I m really scared , I ve tell the landlord and they also can not do much about this . I become really paranoid about knock and doorbell and I use to afraid to go out for a while . but move out and flat haunting be real pain in the ass and I could not find anywhere else currently . be there any thing I could do to stop they annoy I ? should I contact police tho do not think police can do anything either ? and also the rent be high af I m consider argue with my landlord to get a fairer price .",IdkWTFshOuLdIcAlL,40,54,2025-04-15T13:35:40+00:00
1jwn5d0,Landlord trying to increase rent by 30%,landlord try to increase rent by,They already tried to get 37% last year and we negotiated it down to 10% but hasn’t something happened with the rent caps??? What do we do? Help I’m an idiot I don’t know my rights. Sorry if this is an annoying post just thought someone here might be knowledgeable about disputing rent increases in Edinburgh.,they already try to get last year and we negotiate it down to but have not something happen with the rent cap ? ? ? what do we do ? help I m an idiot I do not know my right . sorry if this be an annoying post just think someone here might be knowledgeable about dispute rent increase in edinburgh .,pretty_gauche6,46,22,2025-04-11T11:04:02+00:00
1jwkh8a,What is a reasonable rent for a 2 bedroom place in Edinburgh,what be a reasonable rent for a bedroom place in edinburgh,"Just in line with the post on rent caps and rent increases, I was wondering hiw much should we expect to pay for a 2 bedroom place.

I think we have to pay what the landlords demand, but realistically, what would be a fair price. 
","just in line with the post on rent cap and rent increase , I be wonder hiw much should we expect to pay for a bedroom place . I think we have to pay what the landlord demand , but realistically , what would be a fair price .",Beautiful_Donkey_468,0,19,2025-04-11T07:52:26+00:00
1jvvcrq,"D J Alexander: ""SNP is out of touch with reality on new rent caps""",d j alexander snp be out of touch with reality on new rent cap,"I don't know about you guys but, when I'm looking for reliable information on housing policy, I ask Edinburgh's Slumlord-in-Chief, David Alexander.","I do not know about you guy but , when I m look for reliable information on housing policy , I ask edinburgh slumlordinchief , david alexander .",UncannyDav,237,108,2025-04-10T11:14:38+00:00
1juob8w,Renting a room in Edinburgh in my late 20s — feeling embarrassed about my job situation :(,rent a room in edinburgh in my late feel embarrassed about my job situation,"Hey everyone,  
Just wanted to share something that's been weighing on me lately.

I'm in my late 20s and currently looking to rent a room in Edinburgh. I’ve recently started working a minimum wage job—it's honest work and I’m doing my best—but I can’t help feeling really embarrassed about it.

Most of the rooms I’ve come across on SpareRoom are in flats with PhD students or professionals with high-paying jobs, and I feel like I just don’t fit in. It’s like I’ve missed some invisible milestone everyone else reached years ago. I’ve had a bumpy path and I’m only just starting to get on my feet, but when I see these ads talking about “young professionals” or ""quiet postgrad households,"" I feel completely out of place—like I wouldn’t be accepted or that I’d be judged for not having a fancy job or degree.

It’s hard not to compare myself, especially when it feels like everyone around me is ticking all the boxes of “adult success” while I’m just trying to make rent and build some kind of stability.

I guess I’m just wondering if anyone else has felt this way, or is in a similar boat? Or even if anyone has advice on how to navigate this weird, uncomfortable feeling of not quite belonging.

Thanks for reading 💙","hey everyone , just want to share something that s be weigh on I lately . I m in my late and currently look to rent a room in edinburgh . I ve recently start work a minimum wage jobit honest work and I m do my bestbut I can not help feel really embarrassed about it . most of the room I ve come across on spareroom be in flat with phd student or professional with highpaying job , and I feel like I just do not fit in . its like I ve miss some invisible milestone everyone else reach year ago . I ve have a bumpy path and I m only just start to get on my foot , but when I see these ad talk about young professional or quiet postgrad household , I feel completely out of placelike I would not be accept or that I d be judge for a fancy job or degree . its hard compare myself , especially when it feel like everyone around I be tick all the box of adult success while I m just try to make rent and build some kind of stability . I guess I m just wonder if anyone else have feel this way , or be in a similar boat ? or even if anyone have advice on how to navigate this weird , uncomfortable feeling of belong . thank for read",Impossible_Bee_7942,219,89,2025-04-08T20:54:35+00:00
1jrdn26,Has anyone rented with touchstone recently?,have anyone rent with touchstone recently ?,"Just wondering what the process is to rent with Touchstone & if anyone can share experiences
Thank you",just wonder what the process be to rent with touchstone if anyone can share experience thank you,unic0rnamz,0,0,2025-04-04T14:45:41+00:00
1jqpc7e,American looking into renting an apartment,american look into rent an apartment,"Hey everyone! I'm currently an American undergraduate student hoping to study post-grad in Europe! As I start getting together information for applications I'm trying to look at living situations as well. I'm 21 years old and this would be my first time living abroad. I would be moving with my 24 y/o partner and our two cats and one dog. I know that finding a place as a foreigner is extremely difficult, let alone one with pets, but was wondering if anyone had any suggestions? (NOTE: all of this is very preliminary still, I have no idea if I'd for sure be going to school in Edinburgh)","hey everyone ! I m currently an american undergraduate student hope to study postgrad in europe ! as I start get together information for application I m try to look at living situation as well . I m year old and this would be my first time live abroad . I would be move with my y o partner and our two cat and one dog . I know that find a place as a foreigner be extremely difficult , let alone one with pet , but be wonder if anyone have any suggestion ? note all of this be very preliminary still , I have if i d for sure be go to school in edinburgh",SaigethePanther,0,17,2025-04-03T17:58:18+00:00
1jpidnz,Advance rent,advance rent,"Hi,

I will be inbetween jobs when I move to Edinburgh but i can pay 6 months advanced rent and provide a guarantor.

Do i have a chance of finding an apartment?

Thanks","hi , I will be inbetween job when I move to edinburgh but I can pay month advanced rent and provide a guarantor . do I have a chance of find an apartment ? thank",Careful_Leading5410,0,9,2025-04-02T06:48:45+00:00
1jm82rq,Where to find rents for four months?,where to find rent for four month ?,"Hi everyone,

  
I'm currently looking for rents in Edinburgh for about four months. It seems to me that this classifies as short-term renting but the lets on short-term renting websites seems ridiculously expensive to me (they charge by night!). I'm currently looking on DJ Alexander or other renting platforms, but I don't know whether owners will accept renting for four months or would they want at least six months or a year...?

  
Please feel free to share any information that you know!","hi everyone , I m currently look for rent in edinburgh for about four month . it seem to I that this classifie as shortterm renting but the let on shortterm renting website seem ridiculously expensive to I they charge by night ! . I m currently look on dj alexander or other renting platform , but I do not know whether owner will accept renting for four month or would they want at least six month or a year ? please feel free to share any information that you know !",FlightHistorical2345,0,12,2025-03-28T22:54:25+00:00
1jl2nhn,Is it possible to find rental apartments in July?,be it possible to find rental apartment in july ?,"I checked the search but couldn’t find anything current, so apologies if I missed a recent similar question. We are planning to move to Edinburgh from Berlin and are thinking of spending July looking for an apartment to rent. Is this too close to The Fringe, or is there a realistic chance to find something? What is the ‘optimum’ time to try find somewhere to rent in your opinion, if we had to try another time of year? We also are open to buying our first apartment, but not sure that is any easier in Edinburgh!","I check the search but could not find anything current , so apology if I miss a recent similar question . we be plan to move to edinburgh from berlin and be think of spend july look for an apartment to rent . be this too close to the fringe , or be there a realistic chance to find something ? what be the optimum time to try find somewhere to rent in your opinion , if we have to try another time of year ? we also be open to buy our first apartment , but that be any easy in edinburgh !",wellyeahwhateverman,0,3,2025-03-27T12:23:28+00:00
1jj0j2u,People who rent their property during the festival - where do you find suitable insurance?,people who rent their property during the festival where do you find suitable insurance ?,"I'm going to be away during August so I'm planning on renting my flat out for the Edinburgh festival. I'm doing it properly by obtaining a temporary exemption shortly term let license (home letting). 

My home insurance doesn't cover me for renting out my property. Where can I find suitable insurance for this scenario? Ideally public liability and buildings insurance. I've had a look around but can't find anything appropriate. 

I won't be using Air BnB (or similar) as I already know someone who is looking to rent the property. 

Thanks in advance ",I m go to be away during august so I m plan on rent my flat out for the edinburgh festival . I m do it properly by obtain a temporary exemption shortly term let license home letting . my home insurance do not cover I for rent out my property . where can I find suitable insurance for this scenario ? ideally public liability and building insurance . I ve have a look around but can not find anything appropriate . I will not be use air bnb or similar as I already know someone who be look to rent the property . thank in advance,RoundaboutRanger,0,5,2025-03-24T20:09:59+00:00
1jfoant,Terrified of rent increases,terrify of rent increase,"Am I the only one who's terrified of what will happen to current tenants on April 1st?

I am genuinely shitting bricks. I rented the place I love and live in in 2021, I had a rent increase every single year and now that the gov removed the rent cap they will surely raise it to high heavens. 

How do people live in Edinburgh nowadays? Is ""affordable"" rent only a forgotten dream? Even nearby satellite villages are stupidly expensive. What do people do to survive??","be I the only one who s terrified of what will happen to current tenant on april ? I be genuinely shit brick . I rent the place I love and live in in , I have a rent increase every single year and now that the gov remove the rent cap they will surely raise it to high heaven . how do people live in edinburgh nowadays ? be affordable rent only a forget dream ? even nearby satellite village be stupidly expensive . what do people do to survive ? ?",imaginecoolunsername,72,50,2025-03-20T12:57:40+00:00
1j79nlc,Renting an apartment while looking for a job,rent an apartment while look for a job,"Hello,

My cousin wants to come back to UK with her (Scottish) fiancé. He has already worked several years in London and is not worried about finding a job there, he's Italian with settled status.

They have a little dog.

We are aware that companies that offers this services, most of the times, would ask for an high price. We'd like to jump the middle man. Can you suggest a Facebook group or other platform to find rent, shared flat or some other accommodation?

","hello , my cousin want to come back to uk with her scottish fiancé . he have already work several year in london and be about find a job there , he s italian with settle status . they have a little dog . we be aware that company that offer this service , most of the time , would ask for an high price . we d like to jump the middle man . can you suggest a facebook group or other platform to find rent , share flat or some other accommodation ?",Sj_91teppoTappo,0,2,2025-03-09T15:12:33+00:00
1j4cmij,looking for rentals,look for rental,"Hi there. I've recently moved to Edinburgh and am living with family at the moment but looking to move out. i have a job in Fountainbridge so I am just wondering what areas i should look at renting and what my costs will be like or even if its possible, I make about 2,4k a month and have no expenses yet. i like to run and cycle so that would be my main way of transportation granted it isnt pouring down in rain so my transport would be low, it is also my first time renting and living alone so any help with cost breakdowns or tips or on things i wouldn't expect please let me know. any help is appreciated","hi there . I ve recently move to edinburgh and be live with family at the moment but look to move out . I have a job in fountainbridge so I be just wonder what area I should look at renting and what my cost will be like or even if its possible , I make about a month and have yet . I like to run and cycle so that would be my main way of transportation grant it be not pour down in rain so my transport would be low , it be also my first time rent and live alone so any help with cost breakdown or tip or on thing I would not expect please let I know . any help be appreciate",Minimum-Persimmon-64,0,14,2025-03-05T20:11:53+00:00
1j0lhch,Short term artist studios for rent in Edinburgh?,short term artist studio for rent in edinburgh ?,"Hi, does anyone know of any artist studios available to rent in Edinburgh on a short term basis? E.g daily, weekly or monthly? (Or even hourly?) Suitable for artists working with dry media (pencil, charcoal etc.) and wet media (paint).

Thanks!","hi , do anyone know of any artist studio available to rent in edinburgh on a short term basis ? daily , weekly or monthly ? or even hourly ? suitable for artist work with dry medium pencil , charcoal etc . and wet medium paint . thank !",Ok_Veterinarian_7952,5,3,2025-02-28T23:27:21+00:00
1iy0y8t,Skip Rental Prices,skip rental price,"I’m in Leith and I’m interested in rent a skip, all of the websites want a lot of personal information for a quote, and I honestly just want a ballpark. Has anyone rented recently? What did you pay and how was the process?","I m in leith and I m interested in rent a skip , all of the website want a lot of personal information for a quote , and I honestly just want a ballpark . have anyone rent recently ? what do you pay and how be the process ?",packodiablo,6,7,2025-02-25T17:45:59+00:00
1ixv2e6,Renting our flat,rent our flat,"I am moving abroad for a couple of years. 
This is the only property I own, can anyone who has done this or know give me some pointers, is it better to rent it out long term ?  Or give to one of those Airbnb agencies ? 
I have no idea as never been a landlord or have any landlord in my friends family.
Any tips /advice for what I can do with my flat while I’m away would be greatly appreciated.
","I be move abroad for a couple of year . this be the only property I own , can anyone who have do this or know give I some pointer , be it well to rent it out long term ? or give to one of those airbnb agency ? I have as a landlord or have any landlord in my friend family . any tip for what I can do with my flat while I m away would be greatly appreciate .",ilikeknowingthings-,0,20,2025-02-25T13:33:06+00:00
1ivhqns,Rent increase,rent increase,"Looking for advice. Our estate agent sent ys an email saying our three bed flat in town will be having a rent increase to £2250 from £2000. We sent them a letter to put to the landlord saying that this was above the 12% cap and that we were not happy with it as long term tenants as it was stretching affordability so could they reconsider. 

They came back to us after about 10 days with £2200 so a £50 reduction. They have not served us with an legal rent increase notice. 

Looking for advice as to what to do now, its still at 10% increase. ","look for advice . our estate agent send ys an email say our three bed flat in town will be have a rent increase to from . we send they a letter to put to the landlord say that this be above the cap and that we be with it as long term tenant as it be stretch affordability so could they reconsider . they come back to we after about day with so a reduction . they have we with an legal rent increase notice . look for advice as to what to do now , its still at increase .",aea99,23,15,2025-02-22T12:33:09+00:00
1itxopu,"Flood from rental flat above, DJ Alexander ignoring me","flood from rental flat above , dj alexander ignore I","Hi. I own my Colonies flat. Flat above is rented, through DJ Alexander. I was away on holiday and came home to some water damage from the flat above - basically there is now a crack in the plaster on my ceiling and some bubbling on wall plaster where the water ran down. 

The tenants upstairs have since moved out, I spoke with them beforehand and they said they had some water on their kitchen floor once but didn’t know where from. The timings align. 

I contacted DJ Alexander using the details those tenants gave me, and basically got ignored and then passed to their maintenance department. Neither the agent or that maintenance department are replying to me promptly or with any substance. 

My most recent email stated I want to know how they will proceed with repair to my property since the source of the leak/damage was their property, which I believe as per Scottish law is their responsibility in such a scenario. They already didn’t provide any confirmation that I requested about the source of the leak upstairs has been investigated/confirmed not to be ongoing, although it is now weeks after and I have had no more leaks my end. 

Interested in everyone’s opinion/ideas on the situation and best way to proceed?","hi . I own my colony flat . flat above be rent , through dj alexander . I be away on holiday and come home to some water damage from the flat above basically there be now a crack in the plaster on my ceiling and some bubble on wall plaster where the water run down . the tenant upstairs have since move out , I speak with they beforehand and they say they have some water on their kitchen floor once but do not know where from . the timing align . I contact dj alexander use the detail those tenant give I , and basically get ignore and then pass to their maintenance department . neither the agent or that maintenance department be reply to I promptly or with any substance . my most recent email state I want to know how they will proceed with repair to my property since the source of the leak damage be their property , which I believe as per scottish law be their responsibility in such a scenario . they already do not provide any confirmation that I request about the source of the leak upstairs have be investigate confirm be ongoing , although it be now week after and I have have leak my end . interested in everyone opinion idea on the situation and good way to proceed ?",plights4aisomer,59,45,2025-02-20T12:47:19+00:00
1ire892,Scots mum living in 'mice infested' flat fears being evicted over £14k rent bill - Daily Record,scot mum live in mouse infest flat fear be evict over rent bill daily record,No rent paid in two years but sees herself as the victim Crazy ,pay in two year but see herself as the victim crazy,Alive-Bath-7026,0,3,2025-02-17T07:14:29+00:00
1io2968,Council housing/housing association/mid market rent,council housing housing association mid market rent,"Hi folks, I'm planning an exit from an abusive marriage with kids. 

Long story short, I have not been able to work for years as part of the abuse. So have no personal income or savings to fall on.

These past years have taken a toll on my mental and physical health. One major concern was where to ho admist leaving...

I do know women aid can help with shelter then temporary accommodation. But where then? I know council homes in Edinburgh is pretty much zero chance to get one. 

I need stability for my kids and school. I will already be moving them from where they know best it is heartbreaking...


How about housing associations? Or mid market rent? Anywhere around Edinburgh/lothians? Are they too difficult too? 
Hoping this would be the plan as to when I get back to my career and find a job.

Any areas that you would recommend in terms of safe environment for young kids and mum? 

Ps we rent now.","hi folk , I m plan an exit from an abusive marriage with kid . long story short , I have able to work for year as part of the abuse . so have income or saving to fall on . these past year have take a toll on my mental and physical health . one major concern be where to ho admist leave I do know woman aid can help with shelter then temporary accommodation . but where then ? I know council home in edinburgh be pretty much zero chance to get one . I need stability for my kid and school . I will already be move they from where they know good it be heartbreaking how about housing association ? or mid market rent ? anywhere around edinburgh lothian ? be they too difficult too ? hope this would be the plan as to when I get back to my career and find a job . any area that you would recommend in term of safe environment for young kid and mum ? ps we rent now .",Shot-Beautiful9110,8,2,2025-02-12T21:26:57+00:00
1im9ixv,Need help understanding the Renting Scene!,need help understand the renting scene !,"I just moved to Edinburgh and I'm trying to find a 2-bed flat for this September.   
I'm aware of renting being hellish here and desperately need advice. 

1) Is it better to rent from agencies? (if so, are DJ Alexander / Southside actually that bad?)

2) if not agencies, how do you find flats up for rent? 

3) When would it be the right time to start looking? 

I appreciate the help !! ","I just move to edinburgh and I m try to find a flat for this september . I m aware of renting be hellish here and desperately need advice . be it well to rent from agency ? if so , be dj alexander southside actually that bad ? if , how do you find flat up for rent ? when would it be the right time to start look ? I appreciate the help ! !",theirleftshoe,0,6,2025-02-10T16:03:24+00:00
1iiba7s,Rent controls to end,rent control to end,"https://www.heraldscotland.com/news/24910411.anger-snp-government-end-rent-controls-scotland/

I really hope this is not true. Last year I got between a 35-40% rent increase notice (hidden incase landlord is on here). I applied to rent service Scotland and it was reduced to 12%. Now this? They are planning on doing longer term ones but might not be till 2027, which will be too late for a lot of people","I really hope this be . last year I get between a rent increase notice hidden incase landlord be on here . I apply to rent service scotland and it be reduce to . now this ? they be plan on do long term one but might till , which will be too late for a lot of people",PurchaseDry9350,44,40,2025-02-05T14:33:25+00:00
1igvuke,Really wish there was a place for tenants to list issues with flats they've rented as a warning to future tenants moving into those flats,really wish there be a place for tenant to list issue with flat they ve rent as a warning to future tenant move into those flat,"Writing this after spending all day waiting for a plumber to come fix the boiler in my flat. It hasn't been working for three days now, and although I've let the agency know, that's been three days of no hot water or heating. 

I've only lived here a week and the inventory report mentioned that the boiler was in good condition. But the fault history on the boiler shows that the issue has occurred 252 times. It's basically flame loss after stabilisation, which makes the boiler make this incredibly loud sound and vibration that feels like having a whacker plate in the flat. And it's not just me that's bothered by this. I've had neighbors knocking on my door in the middle of the night to complain about the noise, saying that it's been going on for months and that they literally can't live like this anymore.

Obviously due diligence is important but you can only discover certain issues once you actually move in.

Which makes me wonder: how could we create a list or a database of flats and their known issues? Maybe not mention the exact address but something like: ""*Flat on xxx street let by xxx agency. Broken boiler / antisocial neighbors / mold that keeps being painted over and not actually treated / landlord or agency who literally do not give a damn""*. Sure people might still move into those flats I suppose, but at least they'd know what they're getting into. Definitely would have saved me a lot of hassle. ","write this after spend all day wait for a plumber to come fix the boiler in my flat . it have not be work for three day now , and although I ve let the agency know , that s be three day of water or heating . I ve only live here a week and the inventory report mention that the boiler be in good condition . but the fault history on the boiler show that the issue have occur time . its basically flame loss after stabilisation , which make the boiler make this incredibly loud sound and vibration that feel like have a whacker plate in the flat . and its I that s bother by this . I ve have neighbor knock on my door in the middle of the night to complain about the noise , say that its be go on for month and that they literally can not live like this anymore . obviously due diligence be important but you can only discover certain issue once you actually move in . which make I wonder how could we create a list or a database of flat and their know issue ? maybe the exact address but something like flat on xxx street let by xxx agency . broken boiler antisocial neighbor mold that keep be paint over and treat landlord or agency who literally do a damn . sure people might still move into those flat I suppose , but at least they d know what they re get into . definitely would have save I a lot of hassle .",boiled_leeks,205,30,2025-02-03T18:19:58+00:00
1ieo49s,Rent reduced,rent reduce,"Looking at rental properties on Rightmove, 2-bed flats in Leith specifically. Quite a few are showing that the asking rent has been reduced, maybe as many as a quarter or third of all listings. What's going on?","look at rental property on rightmove , flat in leith specifically . quite a few be show that the ask rent have be reduce , maybe as many as a quarter or third of all listing . what s go on ?",Accurate-Herring-638,24,21,2025-01-31T20:14:25+00:00
1i6lnkp,Landlord wants to increase rent - help,landlord want to increase rent help,"Hey everyone, 

My landlord (of 18 months) wants to increase my rent ""due to rise of costs"", and the letting agent basically reached out to ask what I thought would be a fair increase - without specifying an amount.  I mean, my immediate answer would be £0. I can't afford to move right now and really need to stay where I am for a variety of reasons, but also don't want to get bullied into a significant rent increase. 

Citizen's advice website says to look at the ""open market rate"" and basically what are the same kind of properties in my area being rented out for - problem is that I can't find anything in my area being advertised for rent right now, not through any of the typical renting website or Zoopla/Rightmove etc. My neighbours all own, not rent so can't ask them. 

Is there any kind of database where I could plug in my post code and see rent rates for like the past 12 months? Does such a thing exist? Or any other places I should look or tips for how to push back on any increase (in a polite way)? Thank you!

PS. I just pay rent, no utilities or anything extra","hey everyone , my landlord of month want to increase my rent due to rise of cost , and the let agent basically reach out to ask what I think would be a fair increase an amount . I mean , my immediate answer would be . I can not afford to move right now and really need to stay where I be for a variety of reason , but also do not want to get bully into a significant rent increase . citizen advice website say to look at the open market rate and basically what be the same kind of property in my area be rent out for problem be that I can not find anything in my area be advertise for rent right now , any of the typical renting website or zoopla rightmove etc . my neighbour all own , so can not ask they . be there any kind of database where I could plug in my post code and see rent rate for like the past month ? do such a thing exist ? or any other place I should look or tip for how to push back on any increase in a polite way ? thank you ! ps . I just pay rent , or anything extra",apocalypsetuesday,26,30,2025-01-21T15:52:09+00:00
1i2ld8r,What should be an ideal budget to rent 2bhk in Edinburgh?,what should be an ideal budget to rent in edinburgh ?,,,purplepumkin99,0,7,2025-01-16T09:40:17+00:00
1i1cejs,"""Rent is temporarily reduced from £3,000 per calendar month till 31st July 2025""",rent be temporarily reduce from per calendar month till july,"Is this legal?

https://www.rightmove.co.uk/properties/156821849#/?channel=STU_LET

> Please note rent is temporarily reduced from £3,000 per calendar month till 31st July 2025 from the start date of the tenancy, after the introductory period the rent will return to £3,000 per calendar month.

I know measures were taken to stop the joke that is 11 month tenancies, but I guess landlords will always find a way to steal people's wages.","be this legal ? please note rent be temporarily reduce from per calendar month till july from the start date of the tenancy , after the introductory period the rent will return to per calendar month . I know measure be take to stop the joke that be month tenancy , but I guess landlord will always find a way to steal people wage .",kookamooka,82,42,2025-01-14T18:12:39+00:00
1hn2jpn,Moving to Edinburgh - best places for young professionals to rent,move to edinburgh good place for young professional to rent,"Hi everyone!

I’m planning a move to Edinburgh and would love some advice on the best areas for young professionals to live. I’ll be renting a minimum 2-bed flat with a budget of up to £2,000/month. I’m looking for areas that are safe, have a good vibe, and are well-connected to the city center. Ideally, I’d like to avoid any dodgy spots.

For a bit of context, I used to live in the East End of Glasgow before moving to London. 

Now that I’m thinking about going back to Scotland, I’m hoping to find somewhere in Edinburgh that has a similar feel to the West End of Glasgow - lively and with plenty of cafes, restaurants, and green spaces nearby.

Any recommendations on postcodes or neighborhoods that might fit the bill? Or areas I should avoid?","hi everyone ! I m plan a move to edinburgh and would love some advice on the good area for young professional to live . ill be rent a minimum flat with a budget of up to month . I m look for area that be safe , have a good vibe , and be wellconnecte to the city center . ideally , I d like to avoid any dodgy spot . for a bit of context , I use to live in the east end of glasgow before move to london . now that I m think about go back to scotland , I m hope to find somewhere in edinburgh that have a similar feel to the west end of glasgow lively and with plenty of cafe , restaurant , and green space nearby . any recommendation on postcode or neighborhood that might fit the bill ? or area I should avoid ?",Local_Skanderbeg,0,7,2024-12-27T00:37:51+00:00
1has83d,Why doesn’t the ECC (and Scottish government) encourage more higher density affordable housing development instead of more student housing? (More housing supply would put some downward pressure on rents),why do not the ecc and scottish government encourage more high density affordable housing development instead of more student housing ? more housing supply would put some downward pressure on rent,"Rent increases in Edinburgh are obviously out of control. I’m curious why the ECC (and the general Scottish gov) doesn’t encourage introducing more housing supply to the market (in more central areas) in order to put some downward pressure on rent prices. It seems to me the rent problem is generally a supply and demand issue. If the government discourages private landlords (via rent control and regulation- not saying it’s a good or bad thing, BUT it does discourage private landlords) and larger rental developments, wont that put upward pressure on rent? As renters will be forced to compete for the currently limited supply of rental housing? The math isn’t mathing for me- someone please explain. How will reducing supply (via private landlords selling rental flats to potential owner occupiers), or at best, keeping rental housing supply at the same level help renters? Meanwhile they seem to greenlight an endless amount of student housing projects- like what? Aren’t these politicians supposed to be helping the people who rent?","rent increase in edinburgh be obviously out of control . I m curious why the ecc and the general scottish gov do not encourage introduce more housing supply to the market in more central area in order to put some downward pressure on rent price . it seem to I the rent problem be generally a supply and demand issue . if the government discourage private landlord via rent control and regulation its a good or bad thing , but it do discourage private landlord and large rental development , will not that put upward pressure on rent ? as renter will be force to compete for the currently limited supply of rental housing ? the math be not mathe for I someone please explain . how will reduce supply via private landlord sell rental flat to potential owner occupier , or at well , keep rental housing supply at the same level help renter ? meanwhile they seem to greenlight an endless amount of student housing project like what ? be not these politician suppose to be help the people who rent ?",LeadingDifficult3028,23,62,2024-12-10T03:12:24+00:00
1haelq0,Too late to challenge rent increase?,too late to challenge rent increase ?,"Hi there,

My landlord recently sent us a rent increase letter (25th nov) for a rent increase from £1050 to £1209 per month - an almost 20% increase. We have a private landlord through a letting agency. 

I wasn’t aware of the 12% limit at the time (and stupidly didn’t research) and signed the form to accept the rent increase. 

Does anyone know if it is too late to challenge this?

Thanks !

UPDATE: thanks for all your help; we resent the form to our landlord informing them we’re taking this to an adjudicator. Rent officer coming around mid-January. Wish us luck!
Contacted LivingRent to get help on this one and got some great advice. ","hi there , my landlord recently send we a rent increase letter nov for a rent increase from to per month an almost increase . we have a private landlord through a let agency . I be not aware of the limit at the time and stupidly do not research and sign the form to accept the rent increase . do anyone know if it be too late to challenge this ? thank ! update thank for all your help we resent the form to our landlord inform they be take this to an adjudicator . rent officer come around midjanuary . wish we luck ! contact livingrent to get help on this one and get some great advice .",Illustrious-Froyo982,11,10,2024-12-09T17:08:35+00:00
1ha8uvi,Rent Increase 12% ?,rent increase ?,"Hi, my rent invoice has arrived today and has an increase of 12%. We have had no notice of this. Aware I can push back on the lack of notice but is there a limit to the % they can increase year on year?","hi , my rent invoice have arrive today and have an increase of . we have have of this . aware I can push back on the lack of notice but be there a limit to the they can increase year on year ?",VisibleTart6849,7,17,2024-12-09T12:42:36+00:00
1h617ua,Edinburgh renting advice and neighbourhood experiences,edinburgh renting advice and neighbourhood experience,"I've done a search and have found a few helpful posts, but I'm hoping to get some more recent experiences with renting and info about a few neighbourhoods. Apologies if there's already posts that cover this!  


TL;DR: Please tell me about renting in Edinburgh in 2024/2025 and tell me about your recent experiences living in the western neighbourhoods around Saughton, Balgreen, Murrayfield, and Haymarket tram stations.  


Long version:

My partner and I (30 something professionals) will be moving to Edinburgh from Montreal in July 2025. We've spent several weeks searching the letting websites and getting a feel for what's available. We're particularly eying up the neighbourhoods around Saughton, Balgreen, Murrayfield, and Haymarket tram stops, ideally trying to stay within \~1km-2km on foot of these stops. To paint a clearer picture, we're eyeing up the sort of triangle that formed between Saughton Road in the West and Haymarket in the East, Corstorphine Road in the North and the canal in the south.   
  
We know our likely budget options given work opportunities and what we're looking for in a rental. We'll also be getting a car, so being able to park it reliably would be nice. 

For context, we currently live in a diverse 'mixed income' sort of neighbourhood in one of the suburbs of Montreal with a variety of neighbours from professionals, young couples and families, and some less fortunate folks all trying to take advantage of decent rent, and a spattering of homeless types who are present but not really disruptive. It's in the early stages of a gentrification process. We can walk around at any time of the day and feel safe, even when passing by ""interesting"" characters. 

  
My question(s) for you guys is what should we expect from potentially living in this ""Western Triangle"" as I've starting calling it around the train tracks, particularly Carrick Knowe, Balgreen and Stenhouse but also surrounding neighbourhoods like Saughton, Slateford, Polwarth, Gorgie, Dalry. I'm aware many of these neighbourhoods probably vary greatly from one another!   
  
Particularly the potentially negative aspects like train frequency and noise, traffic/congestion and noise, potential disruptions and crowds during Hearts and rugby game days, parking a car etc. But also the general feel of these neighbourhoods and what the day to day is like. Anything in particular to be aware of?

And lastly, any recent experiences with rental market? I'm reading and hearing that it can be very competitive and difficult at times, but have also seen rentals listed for weeks and drop in price. I've read it can be more competitive closer to summer, but we hope to avoid that by locking in a rental in the spring before that rush. We're going to have to accept a rental without having visited in person beforehand, so we're trying to do our due diligence (and will still cross our fingers when we eventually pull the trigger.

Thanks in advance!

","I ve do a search and have find a few helpful post , but I m hope to get some more recent experience with renting and info about a few neighbourhood . apology if there s already post that cover this ! tldr please tell I about rent in edinburgh in and tell I about your recent experience live in the western neighbourhood around saughton , balgreen , murrayfield , and haymarket tram station . long version my partner and I something professional will be move to edinburgh from montreal in july . we ve spend several week search the let website and get a feel for what s available . be particularly eye up the neighbourhood around saughton , balgreen , murrayfield , and haymarket tram stop , ideally try to stay within km on foot of these stop . to paint a clear picture , be eye up the sort of triangle that form between saughton road in the west and haymarket in the east , corstorphine road in the north and the canal in the south . we know our likely budget option give work opportunity and what be look for in a rental . well also be get a car , so be able to park it reliably would be nice . for context , we currently live in a diverse mixed income sort of neighbourhood in one of the suburb of montreal with a variety of neighbour from professional , young couple and family , and some less fortunate folk all try to take advantage of decent rent , and a spattering of homeless type who be present but disruptive . its in the early stage of a gentrification process . we can walk around at any time of the day and feel safe , even when pass by interesting character . my question for you guy be what should we expect from potentially live in this western triangle as I ve starting call it around the train track , particularly carrick knowe , balgreen and stenhouse but also surround neighbourhood like saughton , slateford , polwarth , gorgie , dalry . I m aware many of these neighbourhood probably vary greatly from one another ! particularly the potentially negative aspect like train frequency and noise , traffic congestion and noise , potential disruption and crowd during heart and rugby game day , park a car etc . but also the general feel of these neighbourhood and what the day to day be like . anything in particular to be aware of ? and lastly , any recent experience with rental market ? I m read and hear that it can be very competitive and difficult at time , but have also see rental list for week and drop in price . I ve read it can be more competitive close to summer , but we hope to avoid that by lock in a rental in the spring before that rush . be go to have to accept a rental visit in person beforehand , so be try to do our due diligence and will still cross our finger when we eventually pull the trigger . thank in advance !",crimson_basser,0,24,2024-12-03T23:13:21+00:00
1g50lgs,Edinburgh rental increase ,edinburgh rental increase,"I’ve just had an email saying my rent is increasing by £78.15. Is this legal? They are saying the laws have changed? 

",I ve just have an email say my rent be increase by . be this legal ? they be say the law have change ?,Constant-Ask370,0,11,2024-10-16T14:23:25+00:00
1fwefet,How much rent do you pay in Edinburgh?,how much rent do you pay in edinburgh ?,"Just moved in to a new property. It’s an unfurnished flat I’m sharing my room with my partner. I pay £287.5 + bills. And my post code is EH3. 

Taking account of location I feel it’s worth the money but the kitchen is small and doesn’t have chimney the walls are old and the wooden doors are broken. Sometimes the house feels too much to maintain.",just move in to a new property . its an unfurnished flat I m share my room with my partner . I pay bill . and my post code be . take account of location I feel its worth the money but the kitchen be small and do not have chimney the wall be old and the wooden door be break . sometimes the house feel too much to maintain .,Mukunthe,0,6,2024-10-05T00:45:16+00:00
1fock5n,Advice for short term rent,advice for short term rent,"Hi everyone, I love Edinburgh and have worked in the city twice. The first time I had a flat in Stockbridge and the second time I lived in a hotel. Previously my clients were footing the bill, but this time I have to pay, so I am looking for something cost-effective. I am looking for a furnished flat/house share and was wondering what would be a realistic budget? I would be working in the city centre. What's the going rate for a house share at the minute? I live in the West Midlands and so I have to try manage this before I agree to take on the piece of work. Just looking for something functional.

Thanks in advance.","hi everyone , I love edinburgh and have work in the city twice . the first time I have a flat in stockbridge and the second time I live in a hotel . previously my client be foot the bill , but this time I have to pay , so I be look for something costeffective . I be look for a furnished flat house share and be wonder what would be a realistic budget ? I would be work in the city centre . what s the go rate for a house share at the minute ? I live in the west midland and so I have to try manage this before I agree to take on the piece of work . just look for something functional . thank in advance .",Ch3w84cc4,0,2,2024-09-24T13:31:25+00:00
1ff6gyu,Area advice for renting,area advice for renting,"Looking for a bit of local advice. I'm currently living in Edinburgh with family, and I'm looking to move to my own place, but being relatively new to the city I'm just wondering what areas to go for and maybe what to avoid? 
I'm basically looking for somewhere with a decent bus route, not too far out, and that has some sort of nearby shops, as I don't drive and have mobility issues.
So any advice to help focus my options would be great, thanks ","look for a bit of local advice . I m currently live in edinburgh with family , and I m look to move to my own place , but be relatively new to the city I m just wonder what area to go for and maybe what to avoid ? I m basically look for somewhere with a decent bus route , far out , and that have some sort of nearby shop , as I do not drive and have mobility issue . so any advice to help focus my option would be great , thank",Varya55,0,4,2024-09-12T16:15:47+00:00
1ff4hgn,Found a dream apartment to rent! Help with broadband recs pretty please! ,find a dream apartment to rent ! help with broadband rec pretty please !,"Hi guys,
Me and my fiancé finally found a beautiful apartment that absolutely matches all expectations, it’s bright and spacious and ticks all the boxes expect for the wifi! The owner is lovely and has an EE box but said it’s just dogshit! We work hybrid and need good internet for when we are working at home. Also, one of us is addicted to gaming :)
Can you recommend what is the best broadband? 
Location is Grassmarket ","hi guy , I and my fiancé finally find a beautiful apartment that absolutely match all expectation , its bright and spacious and tick all the box expect for the wifi ! the owner be lovely and have an ee box but say its just dogshit ! we work hybrid and need good internet for when we be work at home . also , one of we be addicted to gaming can you recommend what be the good broadband ? location be grassmarket",StormArlo,0,12,2024-09-12T14:52:23+00:00
1fbkfiy,Renting in Edinburgh for the first time - need advice. ,rent in edinburgh for the first time need advice .,"Hi, I'm starting as an international postgraduate student at the University of Edinburgh, and my husband will be working full-time here. I've found a place I like and will be paying three months' rent upfront. I'm renting directly from a landlord instead of an agency and would appreciate any advice on how to proceed. 
Are there any precautionary measures or specific documentation I should ask the landlord for? Any general advice would be greatly appreciated. Thanks in advance! 


Edit: thank you so much everyone for your advice and tips. I’ll definitely keep all of this in mind when finalizing the contract. This is all very helpful! ","hi , I m start as an international postgraduate student at the university of edinburgh , and my husband will be work fulltime here . I ve find a place I like and will be pay three month rent upfront . I m rent directly from a landlord instead of an agency and would appreciate any advice on how to proceed . be there any precautionary measure or specific documentation I should ask the landlord for ? any general advice would be greatly appreciate . thank in advance ! edit thank you so much everyone for your advice and tip . ill definitely keep all of this in mind when finalize the contract . this be all very helpful !",sincerelytabby,0,7,2024-09-07T23:39:20+00:00
1f4ptbk,Renting - Is it frowned upon to move after a few months,renting be it frown upon to move after a few month,"Hi all,

Being aware of how difficult it is to rent a place in Edinburgh, I went full throttle last week with a number of viewings and against all odd managed to secure a place in a day! Had me a little shocked to say the least!

However, it is a little more expensive than I would have ideally liked, and slightly out of town (Inch), which isn't too much of a bother as it is close to King Buildings.

Starting to think I might have pulled the trigger too fast, but I'm aware of Scotlands rental laws, in that I can move anytime. 

However, if I were to move after a few months, I'm guessing it would be something that wouldn't look great when trying to find a new place? Although at least having a place already I wouldn't be desperate in that sense.

Has anyone got experience doing the same thing?","hi all , be aware of how difficult it be to rent a place in edinburgh , I go full throttle last week with a number of viewing and against all odd manage to secure a place in a day ! have I a little shocked to say the least ! however , it be a little more expensive than I would have ideally like , and slightly out of town inch , which be not too much of a bother as it be close to king building . start to think I might have pull the trigger too fast , but I m aware of scotland rental law , in that I can move anytime . however , if I be to move after a few month , I m guess it would be something that would not look great when try to find a new place ? although at least have a place already I would not be desperate in that sense . have anyone get experience do the same thing ?",mr-rabbit-13,4,31,2024-08-30T08:03:38+00:00
1ett8a9,Renting in Edinburgh ,rent in edinburgh,"Anyone have any tips on finding a flat to rent? 

I've got notifications set up for all the popular websites letting me know when anything appears. I try apply for them within a couple of minutes but they always seem to have fully booked viewings or sometimes even already be under offer (how is that even possible).

If you have any helpful tips on how to even get a viewing somewhere please let me know! ",anyone have any tip on find a flat to rent ? I ve get notification set up for all the popular website let I know when anything appear . I try apply for they within a couple of minute but they always seem to have fully book viewing or sometimes even already be under offer how be that even possible . if you have any helpful tip on how to even get a view somewhere please let I know !,BeardBoy10,0,10,2024-08-16T16:26:56+00:00
1ethe4i,How difficult is to find a rental?,how difficult be to find a rental ?,"How difficult is it to find a place to rent, particularly remotely? I have a job offer there, I'm Canadian but live in Serbia ATM and plan to move to with my wife and our cat. I've read it's tough.. Any advice on how to approach it, agencies, etc?","how difficult be it to find a place to rent , particularly remotely ? I have a job offer there , I m canadian but live in serbia atm and plan to move to with my wife and our cat . I ve read its tough any advice on how to approach it , agency , etc ?",rexopolis-,0,13,2024-08-16T06:03:39+00:00
1erq2qq,rent a room in Edinburgh,rent a room in edinburgh,"I was wondering if anyone had any experience renting from Scott Duncan in Edinburgh. I've found a flat being offered that seems really nice, but it want to make sure that it’s not a scam ","I be wonder if anyone have any experience renting from scott duncan in edinburgh . I ve find a flat being offer that seem really nice , but it want to make sure that its scam",Significant_Walk8729,0,0,2024-08-14T02:20:32+00:00
1ehcc2a,Is rent in edinburgh debatable?,be rent in edinburgh debatable ?,"I am looking into renting a flat in edinburgh. I have enough saved up that I can pay up to 6 months in advance (as an incentive to the landlord) however I was wondering if that's enough of an incentive to contact a potential landlord about talking down the price of rent. 

Do you think that trying to debate the price of rent is going to ruin my chances of getting a flat? Or is it a common enough occurance to be able to do so. 
 
The amount for the rent I am looking to pay is still within the market value of the location as well as above the previous tenants amount.",I be look into rent a flat in edinburgh . I have enough save up that I can pay up to month in advance as an incentive to the landlord however I be wonder if that s enough of an incentive to contact a potential landlord about talk down the price of rent . do you think that try to debate the price of rent be go to ruin my chance of get a flat ? or be it a common enough occurance to be able to do so . the amount for the rent I be look to pay be still within the market value of the location as well as above the previous tenant amount .,regular-dude425,0,20,2024-08-01T09:25:57+00:00
1ec5cw9,Tips for finding flats to rent,tip for find flat to rent,We’re moving to Edinburgh from London in August for my wife’s new job and it seems like letting agents do things differently. I’ve had loads of enquiries ignored and discovered I have to wait for viewings to open up instead of being scheduled for when they work best for me and the agent. I have managed to get one day off from work soon to do viewings but none of the agents are biting. Are there any tips or tricks you can share on how to find flats to rent in Edinburgh?,be move to edinburgh from london in august for my wife new job and it seem like let agent do thing differently . I ve have load of enquiry ignore and discover I have to wait for viewing to open up instead of be schedule for when they work well for I and the agent . I have manage to get one day off from work soon to do viewing but none of the agent be bite . be there any tip or trick you can share on how to find flat to rent in edinburgh ?,canistillbegarth95,0,23,2024-07-25T20:38:47+00:00
1e1t4lk,First time renting in Edinburgh,first time rent in edinburgh,"Hello All,

I am an international student who recently got a job in Edinburgh so I am trying to find a place under 800GBP PCM. I have one month of time to find a place and no preferred location. Could you guys give any tips about the entire process?","hello all , I be an international student who recently get a job in edinburgh so I be try to find a place under pcm . I have one month of time to find a place and location . could you guy give any tip about the entire process ?",Rajasj25,0,11,2024-07-12T21:29:18+00:00
1dztfc5,Renting in Edinburgh Query,rent in edinburgh query,"My partner and I are moving to Edinburgh to begin work in February '25 from Dublin, so with that in mind, we totally understand the difficulty with renting in a city like these, but could anyone with recent experience fighting it out in the rental market advise as to;

>The best websites to use, both for letting agencies and private landlords  
Any letting agents to avoid  
Is there any merit in placing a 'tenant looking for a flat' ad on Gumtree or similar (edit: no)

Given our situation its quite unlikely that we could travel over for a viewing, but I have rented without a viewing in the past so have experience dealing with any issues. If anyone has any experience with this that would also be greatly appreciated. If needs be we can always take up a short term rental first

My partner and I are coming into the country with deposit and two months rent if necessary and jobs lined up, but if the market is at a point of saturation where its just luck of the draw, I'll start to worry!

Edit: Thanks to everyone for the amazing information, I can't put into words how much my partner and I appreciate your kindness.","my partner and I be move to edinburgh to begin work in february from dublin , so with that in mind , we totally understand the difficulty with renting in a city like these , but could anyone with recent experience fight it out in the rental market advise as to the good website to use , both for let agency and private landlord any let agent to avoid be there any merit in place a tenant look for a flat ad on gumtree or similar edit no give our situation its quite unlikely that we could travel over for a viewing , but I have rent view in the past so have experience deal with any issue . if anyone have any experience with this that would also be greatly appreciate . if need be we can always take up a short term rental first my partner and I be come into the country with deposit and two month rent if necessary and job line up , but if the market be at a point of saturation where its just luck of the draw , ill start to worry ! edit thank to everyone for the amazing information , I can not put into word how much my partner and I appreciate your kindness .",Ok-Noise1837,8,63,2024-07-10T11:29:18+00:00
1dybd3u,Scottish Lib Dem leader sparks fury after renting out Airbnb cabin for £216 a night during Edinburgh Fringe,scottish lib dem leader spark fury after rent out airbnb cabin for a night during edinburgh fringe,,,makebeerdrinkbeer,0,19,2024-07-08T15:12:49+00:00
1doxas4,Rent from 1150 from 1750 in 2 months. Is this legal? ,rent from from in month . be this legal ?,"Hello everyone. I moved to a 3 bedroom flat in Leith in April 2024 whose rent went up from 1150 to 1650, due to the previous tenant moving out/ the new contract. 

Now, our landlord is pushing for a second increase of 6% in rent in the next three months, taking it to 1750 in the same year.  Mind you there’s no mention of any upgrades to the flat, which has single glazed windows. 

Is there anything we can do ? ","hello everyone . I move to a bedroom flat in leith in april whose rent go up from to , due to the previous tenant move the new contract . now , our landlord be push for a second increase of in rent in the next three month , take it to in the same year . mind you there s of any upgrade to the flat , which have single glaze window . be there anything we can do ?",capt_avocado,52,70,2024-06-26T12:23:41+00:00
1df2fdz,Best method to find good rental properties these days?,good method to find good rental property these day ?,"I've read the FAQ's on this topic already but they seem very out of date. 

I have already been living in Edinburgh for over 20 years and I might be dipping my toe back into the renting game in the near future. I haven't had to rent for over 10 years now. Last time Gumtree was usually the best bet, but is that still the same now?

I'm not bothered about living in the city, I work from home most of the week and as long as I can get a bus to leith area easily in the mornings two days a week that's fine so happy to move to the greater Edinburgh area in general. No fife, no offence to any fifers it's just a bit too far for me and already did that in a previous life. 

I'd like to keep my combined rent/council tax as close to or under 1k per month. A 2 bedroom would be ideal and also would need pets to be acceptable, but I know that's a big ask. What would the best resources be to find somehting nowadays? Is there any hope???

Thanks in advance for any advice and sorry if this is a repetative topic. ","I ve read the faqs on this topic already but they seem very out of date . I have already be live in edinburgh for over year and I might be dip my toe back into the renting game in the near future . I have not have to rent for over year now . last time gumtree be usually the good bet , but be that still the same now ? I m about live in the city , I work from home most of the week and as long as I can get a bus to leith area easily in the morning two day a week that s fine so happy to move to the great edinburgh area in general . , to any fifer its just a bit too far for I and already do that in a previous life . I d like to keep my combined rent council tax as close to or under per month . a bedroom would be ideal and also would need pet to be acceptable , but I know that s a big ask . what would the good resource be to find somehting nowadays ? be there any hope ? ? ? thank in advance for any advice and sorry if this be a repetative topic .",Sensitive_Box55,0,12,2024-06-13T15:58:05+00:00
1debo26,Renting?  ,renting ?,"I work 30hrs a week (usually full-time) and im looking to use a letting agency as i usually get private lets which are more expensive.

Can i go through an agency with bad credit? any recommendations?",I work a week usually fulltime and I m look to use a let agency as I usually get private let which be more expensive . can I go through an agency with bad credit ? any recommendation ?,MeanKey5476,0,1,2024-06-12T17:01:43+00:00
1dckmym,"How screwed am I? Need to find a 2 bedroom flat for my mother and me before starting a Graduate job in 2 months, salary will be around a little more than £2000, don't even know how much I should dedicate to rent. ","how screw be I ? need to find a bedroom flat for my mother and I before start a graduate job in month , salary will be around a little more than , do not even know how much I should dedicate to rent .","Got an offer for a graduate role at an Edinburgh-based company. But I have to move from another Scottish city I've been living in for the past 8 years. I'm totally new to this and started looking into how much I should allocate to rent. I'd be getting a little more than £2000 a month but considering that a 1/3 of that would give me less than £800, I don't think there's anything I can find with that price range for a 2 bedroom flat.

I can either use a bigger chunk of my salary (realistically a little more than half of it) to find a place in the city (some landlords/agencies even refuse to accept you if it's not a certain % of your salary anyway) or commute from outside but then you have to factor in the money for transport, the time it takes and the stress in general cause by living far away, and even then I'd still have to pay more than the ideal price range of <£800 pcm.

Only other option, but it's very extreme, is to ask my mother to stay at my sister's for the foreseeable future back in our home country and I just go find a room to share (or if I can find one, a studio flat/1 bedroom flat).

Is there any hope in this? Thanks to anyone willing to land a hand 😅

","get an offer for a graduate role at an edinburghbased company . but I have to move from another scottish city I ve be live in for the past year . I m totally new to this and start look into how much I should allocate to rent . I d be get a little more than a month but consider that a of that would give I less than , I do not think there s anything I can find with that price range for a bedroom flat . I can either use a big chunk of my salary realistically a little more than half of it to find a place in the city some landlord agency even refuse to accept you if its certain of your salary anyway or commute from outside but then you have to factor in the money for transport , the time it take and the stress in general cause by live far away , and even then I d still have to pay more than the ideal price range of pcm . only other option , but its very extreme , be to ask my mother to stay at my sister for the foreseeable future back in our home country and I just go find a room to share or if I can find one , a studio bedroom flat . be there any hope in this ? thank to anyone willing to land a hand",Jumph96,16,66,2024-06-10T12:46:27+00:00
1d5iqyq,Rent increase from DJ Alexander,rent increase from dj alexander,I was just sent an email from DJ Alexander suggesting a 12% rent increase. This is the maximum rise under the law. I want to know if this is happening to more people; last year around these dates they sent a similar automatised email with the 3% increase. ,I be just send an email from dj alexander suggest a rent increase . this be the maximum rise under the law . I want to know if this be happen to more people last year around these date they send a similar automatised email with the increase .,Spiritual-Luck9032,66,89,2024-06-01T08:54:33+00:00
1crybje,Rent Controls,rent control,"Folks, the rental situation in Edinburgh (the whole of Scotland) is bananas. Parliament have a consultation open for the Housing Bill. If you want anything to get better now is the time to actually do something because they are literally asking your opinion. Living Rent have a stock response that you can endorse by following this link: [here](https://www.livingrent.org/back_our_demands)
We neeeeeed rent controls now!","folk , the rental situation in edinburgh the whole of scotland be banana . parliament have a consultation open for the housing bill . if you want anything to get well now be the time to actually do something because they be literally ask your opinion . live rent have a stock response that you can endorse by follow this link here we neeeeeed rent control now !",ornulu422,100,128,2024-05-14T17:47:27+00:00
1cj825k,"Locals, what's your rent-cost breakdown?","local , what s your rentcost breakdown ?","As someone who will move to Edinburgh from abroad, I am trying to get a hold of the rent costs, as it is very differently structured to where I am from. I checked for some prices at numbeo, but thought it's better to recheck with locals.

So, when I see an apartment that is offered for - let's say; £ 1250 - I'd so far calculate with it, in the end, costing ca. £ 1650, with all added flat-related expenses, like electricity, council tax, wifi etc.

Is that realistic? Or would you even notch it a bit higher?

Grateful for any references!","as someone who will move to edinburgh from abroad , I be try to get a hold of the rent cost , as it be very differently structure to where I be from . I check for some price at numbeo , but think its well to recheck with local . so , when I see an apartment that be offer for let say i d so far calculate with it , in the end , cost ca . , with all add flatrelate expense , like electricity , council tax , wifi etc . be that realistic ? or would you even notch it a bit high ? grateful for any reference !",Appelci,0,13,2024-05-03T12:58:58+00:00
1cb9kya,Challenging a 20% rent increase,challenge a rent increase,"Landlord wants to raise my rent 20% after a couple of years of 3%-capped increases.

The total is not completely unreasonable compared to market, but if I'm reading the following link correctly, the maximum allowable increase is 12%, so I'm considering appealing.

[https://scotland.shelter.org.uk/housing\_advice/money\_help/rent\_increases](https://scotland.shelter.org.uk/housing_advice/money_help/rent_increases)

However, I'd expect the letting agency and landlord to be aware of the regulations as well, so I'm wondering if I am reading it correctly or if there's something I'm missing.

I'd also rather pay the higher amount than be kicked out.

Anybody have any experience with challenging a rent increase like that? How did it work out?","landlord want to raise my rent after a couple of year of increase . the total be unreasonable compare to market , but if I m read the follow link correctly , the maximum allowable increase be , so I m consider appeal . however , i d expect the let agency and landlord to be aware of the regulation as well , so I m wonder if I be read it correctly or if there s something I m miss . I d also rather pay the high amount than be kick out . anybody have any experience with challenge a rent increase like that ? how do it work out ?",coalchester,30,42,2024-04-23T16:52:32+00:00
1c86ybd,Where can i look for sublets? How much has rent increased since 2021? ,where can I look for sublet ? how much have rent increase since ?,"Hey guys! I'm returning to Edinburgh for the summer  only (June / July) after some years of having moved out. I tried posting on the Meadows share, but it seems that mods aren't allowing these posts for the summer (understandably given fringe and a potential overflow...)

I'd want to room with people who i would get along with and a way i can look for that easily (a young, grad student, who is a leftist musician/writer...), so a more personal page or site would be preferred...any leads?

I expect it'll be difficult to find a sublet that's just for 1.5 months.

Also, how much has rent increased since 2021? I used to pay 500-650 pcm for different 2 bd apartments around newington/prestonfield/marchmont. How much would i be looking to pay now if i want to share with 1 or 2 people and not live in a shoebox room?

tysm so much for your advice in advance!","hey guy ! I m return to edinburgh for the summer only june july after some year of having move out . I try post on the meadow share , but it seem that mod be not allow these post for the summer understandably give fringe and a potential overflow I d want to room with people who I would get along with and a way I can look for that easily a young , grad student , who be a leftist musician writer , so a more personal page or site would be prefer any lead ? I expect it ll be difficult to find a sublet that s just for month . also , how much have rent increase since ? I use to pay pcm for different bd apartment around newington prestonfield marchmont . how much would I be look to pay now if I want to share with or people and in a shoebox room ? tysm so much for your advice in advance !",sentilenti,0,7,2024-04-19T20:25:36+00:00
1c7k90a,Does 6% private rent increase sound fair?,do private rent increase sound fair ?,"Hey folks,

It's been almost 18 since I started renting with my current letting agency, I'm based in the Pilton area and pay 730£ for newly refurbished double bedroom flat. Landlord wishes to increase that by 6%

Is that legal? Does it sound fair given the location, the inflation index, etc... (I'm not up-to-date with the status quo)

Do I relucantly accept the increase or should I dispute that to a rent officer (I'm told that their decision might increase/decrease the overall rent - won't be fun if increased even more xd)

Appreciate your support here, Thanks!","hey folk , its be almost since I start rent with my current let agency , I m base in the pilton area and pay for newly refurbish double bedroom flat . landlord wish to increase that by be that legal ? do it sound fair give the location , the inflation index , etc I m with the status quo do I relucantly accept the increase or should I dispute that to a rent officer I m tell that their decision might increase decrease the overall rent will not be fun if increase even more xd appreciate your support here , thank !",so7am,2,13,2024-04-19T01:12:36+00:00
1c65942,"There's a fake letter doing the rounds targeting Edinburgh tenants claiming to be from Shelter Scotland, Living Rent, MFI, and something called the Advisory Service that seems to be completely invented.","there s a fake letter do the round target edinburgh tenant claim to be from shelter scotland , live rent , mfi , and something call the advisory service that seem to be completely invent .",,,yoshimispinkrobot,41,20,2024-04-17T09:11:17+00:00
1c5b5sd,First time renter (sort of…) need advice about agency requirements. Also an immigrant with no UK-based guarantor.,first time renter sort of need advice about agency requirement . also an immigrant with guarantor .,"I’ve got a new job in Edinburgh and need to find accommodation. I’m sorted for the first couple of months through a friend but will need to find my own place soon. The job is good (UK Govt civil service) but I’ll be on probation for the first 6 months. Any chance an agency will let me rent without a UK-based guarantor? Reference from previous landlord is also an issue as I previously lived (10+ years) with my ex-partner in a property under their name. Do I stand a chance with an agency? I can get a non-UK guarantor and possibly pay 3-6 months rent in advance. I’ve been a UK resident since 2011 so not a newcomer. 
Also: I’ve noticed agencies often have the requirement that monthly rent should not exceed 40% of your household income. Does this mean net or gross income?",I ve get a new job in edinburgh and need to find accommodation . I m sort for the first couple of month through a friend but will need to find my own place soon . the job be good uk govt civil service but ill be on probation for the first month . any chance an agency will let I rent ukbased guarantor ? reference from previous landlord be also an issue as I previously live year with my expartner in a property under their name . do I stand a chance with an agency ? I can get a nonuk guarantor and possibly pay month rent in advance . I ve be a uk resident since so newcomer . also I ve notice agency often have the requirement that monthly rent should of your household income . do this mean net or gross income ?,s4nctu4ry,7,11,2024-04-16T08:40:38+00:00
