user,comment_count,avg_score,first_interaction,last_interaction
serpentandivy,1,51.0,2025-05-13T15:52:16+00:00,2025-05-13T15:52:16+00:00
JMWTurnerOverdrive,13,17.307692307692307,2025-05-13T15:53:55+00:00,2025-01-20T15:35:27+00:00
dleoghan,2,9.0,2025-05-13T16:26:07+00:00,2024-06-10T16:42:04+00:00
Valuable-Wallaby-167,5,7.6,2025-05-13T16:46:08+00:00,2024-06-10T13:50:25+00:00
iFallOverSometimes,1,4.0,2025-05-13T21:08:08+00:00,2025-05-13T21:08:08+00:00
alohabuilder,1,12.0,2025-05-13T16:23:40+00:00,2025-05-13T16:23:40+00:00
mellotronworker,1,15.0,2025-05-13T16:24:01+00:00,2025-05-13T16:24:01+00:00
cloud__19,15,5.533333333333333,2025-05-10T10:05:34+00:00,2024-06-26T14:23:12+00:00
Accomplished-Bed8906,1,3.0,2025-05-10T14:59:37+00:00,2025-05-10T14:59:37+00:00
Cinnamon-Dream,1,75.0,2025-05-10T05:05:52+00:00,2025-05-10T05:05:52+00:00
Seasick_YetDocked,1,5.0,2025-05-10T05:19:15+00:00,2025-05-10T05:19:15+00:00
deju_,8,6.0,2025-05-10T09:50:11+00:00,2024-05-14T22:56:41+00:00
fergal777,1,1.0,2025-05-10T12:50:53+00:00,2025-05-10T12:50:53+00:00
DAZBCN,1,1.0,2025-05-10T07:33:56+00:00,2025-05-10T07:33:56+00:00
CuteProfessor3457,2,-2.5,2025-05-10T05:06:25+00:00,2025-05-10T08:47:13+00:00
Historical-Mix4837,3,0.6666666666666666,2025-05-10T06:36:49+00:00,2025-05-10T06:40:25+00:00
OptionalQuality789,2,19.5,2025-05-10T06:55:14+00:00,2025-04-03T18:04:16+00:00
FuzzBuket,5,7.4,2025-05-10T08:02:32+00:00,2024-08-16T15:01:08+00:00
l_sch,3,9.666666666666666,2025-05-10T07:34:20+00:00,2025-01-21T15:57:29+00:00
plights4aisomer,3,7.333333333333333,2025-05-07T19:35:28+00:00,2025-02-20T13:29:54+00:00
missfoxsticks,7,7.571428571428571,2025-05-07T16:04:15+00:00,2025-02-22T12:42:51+00:00
Kingofmostthings,9,11.88888888888889,2025-05-07T17:02:40+00:00,2024-07-12T22:40:11+00:00
lawlg,2,1.5,2025-05-07T15:55:25+00:00,2025-05-14T12:43:21+00:00
Neat_Tip_7943,9,1.2222222222222223,2025-05-09T22:48:14+00:00,2025-05-07T18:17:30+00:00
Unlikely_Project7443,1,2.0,2025-05-08T08:17:33+00:00,2025-05-08T08:17:33+00:00
Unidain,3,5.0,2025-05-08T07:35:08+00:00,2024-12-10T12:56:26+00:00
WilcoClahas,2,3.0,2025-05-05T14:17:23+00:00,2025-05-05T14:24:02+00:00
jimblegrimble,1,1.0,2025-05-05T14:19:20+00:00,2025-05-05T14:19:20+00:00
Osprenti,7,11.142857142857142,2025-05-01T05:25:30+00:00,2024-07-10T12:59:10+00:00
theurbanjedi,1,1.0,2025-05-01T07:23:27+00:00,2025-05-01T07:23:27+00:00
spookygayalexx,1,1.0,2025-05-01T08:30:23+00:00,2025-05-01T08:30:23+00:00
Pleasant-Following79,2,2.0,2025-04-27T16:43:01+00:00,2025-04-09T11:33:18+00:00
AggressiveGoGetter,2,0.5,2025-04-27T16:54:46+00:00,2025-04-27T17:44:41+00:00
TruthfulCartographer,2,1.0,2025-04-28T11:23:13+00:00,2025-04-27T17:04:53+00:00
maza1980,1,4.0,2025-04-17T11:25:23+00:00,2025-04-17T11:25:23+00:00
tubbytucker,8,6.75,2025-04-17T06:41:57+00:00,2024-08-16T06:08:14+00:00
Viconahopa,1,2.0,2025-04-17T06:46:26+00:00,2025-04-17T06:46:26+00:00
Psychological-Arm844,1,7.0,2025-04-17T07:07:27+00:00,2025-04-17T07:07:27+00:00
WiSH-Dumain,1,31.0,2025-04-15T13:56:05+00:00,2025-04-15T13:56:05+00:00
bearlybearbear,3,7.666666666666667,2025-04-15T14:45:08+00:00,2025-04-15T15:41:28+00:00
IdkWTFshOuLdIcAlL,20,6.3,2025-04-15T13:42:10+00:00,2025-04-16T16:11:18+00:00
United-Syllabub-9914,1,10.0,2025-04-15T14:21:35+00:00,2025-04-15T14:21:35+00:00
Kirstemis,2,3.5,2025-04-15T20:34:00+00:00,2024-05-14T02:00:22+00:00
Nearby-Internal3650,1,2.0,2025-04-15T14:24:31+00:00,2025-04-15T14:24:31+00:00
CartoonistNo9,1,2.0,2025-04-15T19:10:35+00:00,2025-04-15T19:10:35+00:00
Practical_Outcome771,1,4.0,2025-04-15T14:50:01+00:00,2025-04-15T14:50:01+00:00
GuanacoLunch,1,3.0,2025-04-16T10:08:59+00:00,2025-04-16T10:08:59+00:00
Maximum-Mind,1,1.0,2025-04-17T17:26:24+00:00,2025-04-17T17:26:24+00:00
Locksmithbloke,4,1.0,2025-04-19T17:19:01+00:00,2024-07-09T13:05:26+00:00
BoxAlternative9024,3,0.6666666666666666,2025-04-15T17:15:38+00:00,2025-04-15T17:16:49+00:00
AnAlbannaichRigh,2,1.5,2025-04-17T10:01:05+00:00,2025-04-15T08:37:10+00:00
ferdia6,5,10.2,2025-04-15T16:47:32+00:00,2024-06-13T18:01:08+00:00
thebounce42,1,12.0,2025-04-15T14:37:00+00:00,2025-04-15T14:37:00+00:00
WarpedWilly,1,4.0,2025-04-15T14:30:09+00:00,2025-04-15T14:30:09+00:00
pretty_gauche6,6,9.0,2025-04-15T17:55:38+00:00,2024-04-24T14:16:11+00:00
AlexPenname,3,1.3333333333333333,2025-04-16T15:55:58+00:00,2025-04-16T16:05:43+00:00
hawk_wood16,1,13.0,2025-04-15T13:56:58+00:00,2025-04-15T13:56:58+00:00
kombuchalover420,1,-2.0,2025-04-16T08:54:58+00:00,2025-04-16T08:54:58+00:00
Common_Physics_1568,3,2.3333333333333335,2025-04-15T14:51:43+00:00,2024-12-04T13:25:55+00:00
Ok-Kaleidoscope-2785,1,103.0,2025-04-11T11:07:51+00:00,2025-04-11T11:07:51+00:00
somhairle1917,3,25.333333333333332,2025-04-11T11:16:59+00:00,2025-04-10T12:54:20+00:00
Ok_Brick_5806,2,13.5,2025-04-11T13:02:26+00:00,2025-04-12T13:00:51+00:00
jjw1998,5,13.0,2025-04-11T11:08:39+00:00,2024-10-16T14:48:58+00:00
AlectoGaia,2,6.0,2025-04-11T12:50:01+00:00,2025-02-22T13:11:57+00:00
PurchaseDry9350,4,24.0,2025-04-11T12:33:09+00:00,2025-03-20T15:29:58+00:00
rustygold82,2,1.5,2025-04-11T22:15:04+00:00,2025-03-20T22:29:46+00:00
blundermole,14,3.2142857142857144,2025-04-11T11:26:15+00:00,2024-08-01T10:22:31+00:00
farcetasticunclepig,1,-14.0,2025-04-11T12:44:27+00:00,2025-04-11T12:44:27+00:00
Touch_My_Goat,1,-98.0,2025-04-11T11:14:44+00:00,2025-04-11T11:14:44+00:00
cockapoo-zoomies0219,1,1.0,2025-04-12T12:53:36+00:00,2025-04-12T12:53:36+00:00
Sin_nombre__,3,9.0,2025-04-11T11:23:47+00:00,2025-03-20T22:30:12+00:00
whiskylover86,1,4.0,2025-04-11T13:51:45+00:00,2025-04-11T13:51:45+00:00
thehealingprocess,2,29.5,2025-04-11T11:33:59+00:00,2024-11-13T17:04:43+00:00
aloe1420,2,3.0,2025-04-11T13:31:27+00:00,2025-04-09T10:22:35+00:00
yakuzakid3k,12,1.5833333333333333,2025-04-14T12:51:28+00:00,2024-04-23T13:31:38+00:00
CFDsForFun,2,13.0,2025-04-11T08:24:54+00:00,2025-03-20T19:11:02+00:00
danatron1,2,6.0,2025-04-11T07:55:00+00:00,2025-04-11T08:10:51+00:00
Iron_Hermit,1,7.0,2025-04-11T08:15:12+00:00,2025-04-11T08:15:12+00:00
TheIrishElbow,1,4.0,2025-04-11T08:22:24+00:00,2025-04-11T08:22:24+00:00
R2-Scotia,3,2.3333333333333335,2025-04-11T08:15:05+00:00,2024-05-14T22:03:51+00:00
Tom_Alpha,1,6.0,2025-04-11T08:40:35+00:00,2025-04-11T08:40:35+00:00
HikerTom,1,3.0,2025-04-11T07:56:13+00:00,2025-04-11T07:56:13+00:00
CaptainCymru,2,5.0,2025-04-11T08:09:21+00:00,2025-04-11T08:48:27+00:00
jdog010,1,3.0,2025-04-11T08:31:03+00:00,2025-04-11T08:31:03+00:00
Silent-Dog708,1,0.0,2025-04-11T07:56:45+00:00,2025-04-11T07:56:45+00:00
jamj-,1,2.0,2025-04-12T20:22:52+00:00,2025-04-12T20:22:52+00:00
Beautiful_Donkey_468,4,-1.0,2025-04-11T08:09:14+00:00,2025-04-09T09:31:54+00:00
soup-monger,3,-0.3333333333333333,2025-04-11T11:48:02+00:00,2024-10-08T07:38:51+00:00
Esensepsy,2,99.5,2025-04-10T11:42:30+00:00,2025-04-10T14:42:24+00:00
Automatic-Apricot795,1,188.0,2025-04-10T11:41:08+00:00,2025-04-10T11:41:08+00:00
Shogun88,2,51.0,2025-04-10T12:03:55+00:00,2025-04-10T12:57:35+00:00
knoxvi11ian,1,147.0,2025-04-10T11:29:34+00:00,2025-04-10T11:29:34+00:00
DNSFRD69,1,116.0,2025-04-10T11:24:52+00:00,2025-04-10T11:24:52+00:00
ccx123,1,28.0,2025-04-10T11:56:04+00:00,2025-04-10T11:56:04+00:00
Marquis_de_Dustbin,1,22.0,2025-04-10T11:49:36+00:00,2025-04-10T11:49:36+00:00
Kenobiismycatsname,1,17.0,2025-04-10T12:25:55+00:00,2025-04-10T12:25:55+00:00
KabooshWasTaken,1,9.0,2025-04-10T13:06:00+00:00,2025-04-10T13:06:00+00:00
Snakatorium,2,8.5,2025-04-10T12:12:02+00:00,2025-02-20T15:18:54+00:00
BarnabyBundlesnatch,1,10.0,2025-04-10T13:21:52+00:00,2025-04-10T13:21:52+00:00
37025InvernessTMD,2,3.0,2025-04-10T12:07:34+00:00,2025-03-05T20:51:28+00:00
calathearose,4,2.25,2025-04-10T22:56:37+00:00,2024-12-11T11:29:50+00:00
Additional_Tone_2004,2,8.0,2025-04-11T02:56:45+00:00,2025-04-09T07:11:22+00:00
minceround4tea,1,6.0,2025-04-10T14:14:47+00:00,2025-04-10T14:14:47+00:00
Deviantmonster,1,3.0,2025-04-11T00:24:24+00:00,2025-04-11T00:24:24+00:00
BabaMcBaba,2,30.0,2025-04-10T14:58:28+00:00,2025-02-03T18:26:19+00:00
Low-Hyena-7775,1,5.0,2025-04-10T16:25:26+00:00,2025-04-10T16:25:26+00:00
MassiveClusterFuck,3,4.0,2025-04-10T12:29:10+00:00,2025-04-10T18:34:14+00:00
Gingerbeercatz,1,2.0,2025-04-10T14:42:57+00:00,2025-04-10T14:42:57+00:00
corporategiraffe,1,2.0,2025-04-10T16:55:49+00:00,2025-04-10T16:55:49+00:00
FootCheeseParmesan,2,4.0,2025-04-10T13:39:22+00:00,2025-04-10T13:40:25+00:00
YeetingUpHills,2,3.5,2025-04-10T21:46:07+00:00,2024-12-11T18:55:16+00:00
Obi-Scone,1,1.0,2025-04-11T08:51:59+00:00,2025-04-11T08:51:59+00:00
bartyb0i,1,1.0,2025-04-12T14:45:35+00:00,2025-04-12T14:45:35+00:00
UberDaftie,1,1.0,2025-04-13T05:58:26+00:00,2025-04-13T05:58:26+00:00
nihilistic-bug00,1,1.0,2025-04-14T13:00:17+00:00,2025-04-14T13:00:17+00:00
crystalGwolf,9,-0.2222222222222222,2025-04-10T11:41:54+00:00,2025-04-11T11:52:24+00:00
HelpfulDoctor2645,1,1.0,2025-04-10T21:08:28+00:00,2025-04-10T21:08:28+00:00
Adventurous-Rub7636,4,11.75,2025-04-10T11:47:28+00:00,2024-12-10T16:47:31+00:00
dwg-87,14,-0.14285714285714285,2025-04-10T12:09:07+00:00,2024-12-10T12:25:27+00:00
-Xserco-,2,-1.0,2025-04-10T19:55:21+00:00,2025-04-11T22:37:12+00:00
SuccessfulWeb737,1,-3.0,2025-04-10T15:53:37+00:00,2025-04-10T15:53:37+00:00
PlentyOfMoxie,1,64.0,2025-04-10T11:47:54+00:00,2025-04-10T11:47:54+00:00
ElectronicBruce,3,4.666666666666667,2025-04-10T14:22:41+00:00,2024-07-08T22:38:24+00:00
CitizenoftheWorld-95,3,0.0,2025-04-10T16:13:38+00:00,2024-05-15T18:58:41+00:00
TranslatesToScottish,10,8.6,2025-04-10T13:05:21+00:00,2024-12-09T16:48:35+00:00
WanderinGit,1,22.0,2025-04-10T12:43:28+00:00,2025-04-10T12:43:28+00:00
GeekyGamer2022,2,7.5,2025-04-10T15:43:04+00:00,2025-04-10T15:44:58+00:00
ga_syndrome,1,2.0,2025-04-10T13:10:10+00:00,2025-04-10T13:10:10+00:00
FireFingers1992,1,25.0,2025-04-10T12:29:52+00:00,2025-04-10T12:29:52+00:00
thrungoli,1,9.0,2025-04-10T13:53:21+00:00,2025-04-10T13:53:21+00:00
waywardwixy,2,2.0,2025-04-10T18:24:32+00:00,2024-06-04T11:53:21+00:00
_schindlerscyst,1,2.0,2025-04-10T21:31:55+00:00,2025-04-10T21:31:55+00:00
MonkeyPuzzles,2,6.5,2025-04-10T17:56:12+00:00,2025-02-20T15:32:54+00:00
scottofscotia,2,4.5,2025-04-10T12:28:55+00:00,2025-04-10T17:35:00+00:00
u_WorkPhotosTeam,1,3.0,2025-04-10T17:41:30+00:00,2025-04-10T17:41:30+00:00
k3nn3h,5,0.0,2025-04-10T16:03:38+00:00,2024-05-15T19:14:02+00:00
john_454,3,11.0,2025-04-10T12:10:37+00:00,2025-04-10T13:04:55+00:00
Keios80,1,20.0,2025-04-10T12:25:51+00:00,2025-04-10T12:25:51+00:00
mightyslacker,4,3.25,2025-04-10T12:14:59+00:00,2025-04-10T19:22:46+00:00
GingerSnapBiscuit,37,2.675675675675676,2025-04-11T08:52:27+00:00,2024-04-18T08:46:24+00:00
DINNERTIME_CUNT,1,2.0,2025-04-11T01:46:17+00:00,2025-04-11T01:46:17+00:00
NotOnYerNelly,5,14.6,2025-04-11T12:05:54+00:00,2024-12-09T17:36:10+00:00
Fiona65682,1,1.0,2025-04-10T18:01:44+00:00,2025-04-10T18:01:44+00:00
Normal_Human_4567,8,1.125,2025-04-10T20:12:14+00:00,2025-02-03T21:50:10+00:00
Dolly57,5,7.0,2025-04-10T13:08:58+00:00,2024-06-26T13:15:12+00:00
--cheese--,1,16.0,2025-04-10T16:55:36+00:00,2025-04-10T16:55:36+00:00
DisplacedTeuchter,4,1.5,2025-04-11T07:34:13+00:00,2025-01-14T18:37:25+00:00
CollReg,1,2.0,2025-04-11T22:26:33+00:00,2025-04-11T22:26:33+00:00
KodiakVladislav,2,3.0,2025-04-10T11:39:14+00:00,2024-09-13T14:44:10+00:00
frankgeddes,1,1.0,2025-04-10T12:24:31+00:00,2025-04-10T12:24:31+00:00
43103,1,473.0,2025-04-09T06:50:26+00:00,2025-04-09T06:50:26+00:00
PutTheDamnDogDown,2,65.5,2025-04-09T06:48:41+00:00,2024-05-13T18:59:48+00:00
devandroid99,1,241.0,2025-04-09T07:22:46+00:00,2025-04-09T07:22:46+00:00
SuperbPhase6944,1,87.0,2025-04-09T07:19:27+00:00,2025-04-09T07:19:27+00:00
itsmedee28,1,30.0,2025-04-09T07:20:32+00:00,2025-04-09T07:20:32+00:00
SlippersParty2024,2,29.0,2025-04-09T07:35:23+00:00,2025-04-09T07:30:06+00:00
luckykat97,6,15.833333333333334,2025-04-09T07:41:08+00:00,2024-07-25T21:03:20+00:00
Parmarti,1,14.0,2025-04-09T06:57:30+00:00,2025-04-09T06:57:30+00:00
PersonalityOld8755,2,14.5,2025-04-09T07:24:24+00:00,2025-01-14T19:11:59+00:00
ParanoidNarcissist2,1,6.0,2025-04-09T09:17:35+00:00,2025-04-09T09:17:35+00:00
R4vendarksky,1,5.0,2025-04-09T07:39:15+00:00,2025-04-09T07:39:15+00:00
randombean,1,3.0,2025-04-09T08:18:26+00:00,2025-04-09T08:18:26+00:00
PoopsMcGroots,1,3.0,2025-04-09T09:55:52+00:00,2025-04-09T09:55:52+00:00
FreddyDeus,1,3.0,2025-04-09T08:30:53+00:00,2025-04-09T08:30:53+00:00
sirsheego,1,4.0,2025-04-09T07:26:29+00:00,2025-04-09T07:26:29+00:00
Sonmii,1,2.0,2025-04-09T09:32:17+00:00,2025-04-09T09:32:17+00:00
bendan99,1,2.0,2025-04-09T09:34:52+00:00,2025-04-09T09:34:52+00:00
offitayenor,1,2.0,2025-04-09T09:39:59+00:00,2025-04-09T09:39:59+00:00
Relative-Radio-8629,1,2.0,2025-04-09T11:41:11+00:00,2025-04-09T11:41:11+00:00
FourEyedMatt,1,1.0,2025-04-09T08:44:02+00:00,2025-04-09T08:44:02+00:00
daveyh420,1,1.0,2025-04-09T08:48:50+00:00,2025-04-09T08:48:50+00:00
jenkinsmi,1,1.0,2025-04-09T08:53:29+00:00,2025-04-09T08:53:29+00:00
HeriotAbernethy,7,3.142857142857143,2025-04-09T09:02:48+00:00,2024-12-04T00:22:56+00:00
ultravires83,1,1.0,2025-04-09T09:04:29+00:00,2025-04-09T09:04:29+00:00
iamfunball,1,1.0,2025-04-09T10:09:37+00:00,2025-04-09T10:09:37+00:00
Speysidegold,1,1.0,2025-04-09T11:44:17+00:00,2025-04-09T11:44:17+00:00
zubeye,8,7.375,2025-04-09T11:53:07+00:00,2024-06-02T22:33:38+00:00
Metal_corrosion,1,1.0,2025-04-09T13:47:08+00:00,2025-04-09T13:47:08+00:00
CarrotTraditional739,1,1.0,2025-04-09T14:05:15+00:00,2025-04-09T14:05:15+00:00
gus-here,1,1.0,2025-04-09T15:12:50+00:00,2025-04-09T15:12:50+00:00
Individual_Chain4108,1,1.0,2025-04-09T16:54:08+00:00,2025-04-09T16:54:08+00:00
IllustratorHot4169,1,1.0,2025-04-09T18:00:33+00:00,2025-04-09T18:00:33+00:00
Federal-Ad574,1,1.0,2025-04-09T21:21:17+00:00,2025-04-09T21:21:17+00:00
PM_ME_UR_SMILE_PLIZ,1,1.0,2025-04-09T22:37:55+00:00,2025-04-09T22:37:55+00:00
nReasonable_,1,1.0,2025-04-10T05:25:49+00:00,2025-04-10T05:25:49+00:00
moonGazerr,1,1.0,2025-04-10T07:11:16+00:00,2025-04-10T07:11:16+00:00
LJ359,1,1.0,2025-04-10T07:40:41+00:00,2025-04-10T07:40:41+00:00
CardVarious4367,1,1.0,2025-04-10T08:52:20+00:00,2025-04-10T08:52:20+00:00
lee_h2000,1,1.0,2025-04-10T08:52:51+00:00,2025-04-10T08:52:51+00:00
mustybingohall,1,1.0,2025-04-10T11:40:17+00:00,2025-04-10T11:40:17+00:00
Few-Measurement3491,1,1.0,2025-04-10T11:48:44+00:00,2025-04-10T11:48:44+00:00
DrTorquemada,1,1.0,2025-04-10T14:40:17+00:00,2025-04-10T14:40:17+00:00
BigBaker420,1,1.0,2025-04-10T16:58:56+00:00,2025-04-10T16:58:56+00:00
MaeganLuv,1,1.0,2025-04-10T18:29:40+00:00,2025-04-10T18:29:40+00:00
InterestingAd315,1,1.0,2025-04-10T21:13:01+00:00,2025-04-10T21:13:01+00:00
Star-Anise0970,1,1.0,2025-04-11T10:54:20+00:00,2025-04-11T10:54:20+00:00
SpoonieAB3,1,1.0,2025-04-12T06:41:44+00:00,2025-04-12T06:41:44+00:00
Murky-Income-400,1,1.0,2025-04-14T19:14:44+00:00,2025-04-14T19:14:44+00:00
r0bot5,1,-3.0,2025-04-09T07:45:07+00:00,2025-04-09T07:45:07+00:00
ShinAusra,1,69.0,2025-04-09T08:50:59+00:00,2025-04-09T08:50:59+00:00
RebellioniteV2,1,1.0,2025-04-09T15:22:49+00:00,2025-04-09T15:22:49+00:00
Solsbeary,1,3.0,2025-04-09T14:16:04+00:00,2025-04-09T14:16:04+00:00
Another_Valkyrie,1,11.0,2025-04-09T10:58:50+00:00,2025-04-09T10:58:50+00:00
BasilBernstein,1,3.0,2025-04-09T09:11:15+00:00,2025-04-09T09:11:15+00:00
OreoSpamBurger,3,7.666666666666667,2025-04-09T15:48:48+00:00,2025-04-09T15:45:30+00:00
Longtimelurker38,4,7.75,2025-04-10T21:19:45+00:00,2025-02-22T17:18:36+00:00
ZombieFrankSinatra,2,0.5,2025-04-09T18:36:35+00:00,2025-04-10T05:49:34+00:00
timangus,1,3.0,2025-04-09T09:37:32+00:00,2025-04-09T09:37:32+00:00
SimpelLanguages,2,2.5,2025-04-09T20:50:27+00:00,2025-04-09T20:52:23+00:00
Comfortable-Act5473,2,3.5,2025-04-09T09:44:30+00:00,2025-04-09T09:47:08+00:00
Sisarqua,1,3.0,2025-04-09T10:17:08+00:00,2025-04-09T10:17:08+00:00
Raventomb,1,2.0,2025-04-09T22:42:37+00:00,2025-04-09T22:42:37+00:00
atascon,7,15.714285714285714,2025-04-03T18:04:31+00:00,2024-04-17T09:19:46+00:00
orangereddit,1,3.0,2025-04-03T18:27:58+00:00,2025-04-03T18:27:58+00:00
Wolfpack9374,1,3.0,2025-04-03T18:33:24+00:00,2025-04-03T18:33:24+00:00
MapleHaggisNChips,2,1.0,2025-04-05T00:18:16+00:00,2025-03-29T01:10:08+00:00
estibunbun,2,1.5,2025-04-03T21:57:06+00:00,2025-04-03T21:58:21+00:00
aberquine,3,5.0,2025-04-03T19:42:07+00:00,2025-02-03T19:01:16+00:00
Amphitrite227204,1,7.0,2025-04-03T18:31:27+00:00,2025-04-03T18:31:27+00:00
obake_ga_ippai,2,5.0,2025-04-03T18:26:46+00:00,2025-04-03T20:32:38+00:00
EngineeringOk5986,1,6.0,2025-04-02T12:23:55+00:00,2025-04-02T12:23:55+00:00
Jaraxo,4,4.0,2025-04-02T07:06:05+00:00,2024-10-08T13:02:59+00:00
tomatohooover,1,1.0,2025-04-03T08:45:51+00:00,2025-04-03T08:45:51+00:00
boiled_leeks,6,9.666666666666666,2025-04-02T13:26:26+00:00,2025-02-03T23:04:07+00:00
Careful_Leading5410,4,1.0,2025-04-02T17:17:53+00:00,2025-04-02T17:17:30+00:00
Effective-Plane-4146,1,21.0,2025-03-28T23:41:08+00:00,2025-03-28T23:41:08+00:00
ClockworkPorpoise,2,2.5,2025-03-29T03:39:45+00:00,2025-03-29T14:37:23+00:00
Retrosteve,3,2.0,2025-03-28T23:09:53+00:00,2025-01-22T22:34:02+00:00
glglglglgl,1,2.0,2025-03-29T10:36:17+00:00,2025-03-29T10:36:17+00:00
Sadiezak,1,0.0,2025-03-29T12:26:51+00:00,2025-03-29T12:26:51+00:00
FlightHistorical2345,2,-2.5,2025-03-29T12:29:17+00:00,2025-03-28T23:34:20+00:00
-s-o-c-k-,1,5.0,2025-03-27T12:53:24+00:00,2025-03-27T12:53:24+00:00
frogssmell,1,2.0,2025-03-27T12:30:26+00:00,2025-03-27T12:30:26+00:00
Maleficent-Buddy-124,1,1.0,2025-03-30T02:44:58+00:00,2025-03-30T02:44:58+00:00
sweatybullfrognuts,1,5.0,2025-03-24T21:48:19+00:00,2025-03-24T21:48:19+00:00
always-weary-III,1,1.0,2025-04-14T16:58:50+00:00,2025-04-14T16:58:50+00:00
RoundaboutRanger,2,0.0,2025-03-24T22:12:32+00:00,2025-03-24T22:11:02+00:00
InterestingBass6931,2,35.5,2025-03-20T14:08:42+00:00,2024-12-04T00:13:24+00:00
Apprehensive_Swim366,2,23.0,2025-03-20T16:42:46+00:00,2025-03-20T17:15:33+00:00
Soulfulmean,3,7.333333333333333,2025-03-20T14:37:12+00:00,2024-06-26T16:41:22+00:00
Pale-Management-7037,2,5.5,2025-03-20T18:21:21+00:00,2025-03-20T18:26:39+00:00
Budget-Werewolf3195,1,1.0,2025-05-18T01:02:32+00:00,2025-05-18T01:02:32+00:00
Dr_Madthrust,1,-46.0,2025-03-20T17:12:42+00:00,2025-03-20T17:12:42+00:00
gottenluck,1,8.0,2025-03-20T15:09:29+00:00,2025-03-20T15:09:29+00:00
imaginecoolunsername,2,6.0,2025-03-20T15:37:45+00:00,2025-03-20T19:45:02+00:00
Sechzehn6861,1,8.0,2025-03-20T17:05:57+00:00,2025-03-20T17:05:57+00:00
kingboz,1,6.0,2025-03-20T22:55:19+00:00,2025-03-20T22:55:19+00:00
adventures_in_dysl,3,8.666666666666666,2025-03-20T16:33:53+00:00,2025-03-20T16:45:52+00:00
t90fan,2,9.0,2025-03-20T15:19:09+00:00,2025-02-14T02:18:02+00:00
Andidalo,2,1.5,2025-03-23T08:46:53+00:00,2025-03-24T07:03:49+00:00
Er1nf0rd61,1,2.0,2025-03-20T23:48:58+00:00,2025-03-20T23:48:58+00:00
CraigJDuffy,15,6.133333333333334,2025-03-20T17:26:58+00:00,2024-04-24T07:46:42+00:00
Ok-Shelter5820,1,13.0,2025-03-20T15:17:23+00:00,2025-03-20T15:17:23+00:00
Maleficent_Wash7203,2,1.0,2025-03-22T08:28:50+00:00,2024-05-15T20:49:27+00:00
Betty_Swollockz_,3,1.6666666666666667,2025-03-21T10:52:33+00:00,2025-03-21T13:53:38+00:00
Garrus7,1,1.0,2025-03-22T07:41:36+00:00,2025-03-22T07:41:36+00:00
MikeofMack,1,1.0,2025-03-09T23:39:01+00:00,2025-03-09T23:39:01+00:00
Savage_Tech,2,2.5,2025-03-09T11:22:13+00:00,2024-09-13T20:59:47+00:00
Kalle287HB,1,2.0,2025-03-09T11:22:53+00:00,2025-03-09T11:22:53+00:00
razorleefin,1,2.0,2025-03-09T17:29:07+00:00,2025-03-09T17:29:07+00:00
Shot_Accident9881,1,2.0,2025-03-09T11:20:42+00:00,2025-03-09T11:20:42+00:00
Otherwise-Run-4180,3,7.0,2025-03-09T11:40:13+00:00,2024-05-26T02:21:16+00:00
SurpriseGlad9719,1,1.0,2025-03-09T11:44:28+00:00,2025-03-09T11:44:28+00:00
First-Banana-4278,2,1.0,2025-03-09T23:29:57+00:00,2025-03-09T23:31:16+00:00
kowalski_82,1,1.0,2025-03-11T20:57:06+00:00,2025-03-11T20:57:06+00:00
Freckledlips19,1,1.0,2025-03-05T20:31:24+00:00,2025-03-05T20:31:24+00:00
lordfarquad10101,1,1.0,2025-03-06T20:21:50+00:00,2025-03-06T20:21:50+00:00
Minimum-Persimmon-64,6,0.0,2025-03-06T18:32:26+00:00,2025-03-05T21:25:33+00:00
Informal-Guidance-59,1,2.0,2025-03-05T21:07:13+00:00,2025-03-05T21:07:13+00:00
Tropical-Druid,2,1.0,2025-03-05T21:16:34+00:00,2025-03-05T21:28:31+00:00
RevolutionaryAd7694,1,2.0,2025-03-01T21:20:45+00:00,2025-03-01T21:20:45+00:00
Ok_Veterinarian_7952,1,1.0,2025-03-03T15:49:30+00:00,2025-03-03T15:49:30+00:00
gorgieshore,1,3.0,2025-03-01T14:15:45+00:00,2025-03-01T14:15:45+00:00
Rexel79,1,2.0,2025-02-28T18:24:58+00:00,2025-02-28T18:24:58+00:00
Crafty-Warthog-1493,1,2.0,2025-02-28T18:53:38+00:00,2025-02-28T18:53:38+00:00
nibutz,1,2.0,2025-02-28T20:36:03+00:00,2025-02-28T20:36:03+00:00
rachulm,2,2.0,2025-02-28T18:45:34+00:00,2025-02-28T19:05:43+00:00
Mel0nFarmer,1,11.0,2025-02-25T17:49:19+00:00,2025-02-25T17:49:19+00:00
GMUTDMAGICBNG,1,8.0,2025-02-25T17:52:53+00:00,2025-02-25T17:52:53+00:00
Agreeable88,1,5.0,2025-02-25T18:11:29+00:00,2025-02-25T18:11:29+00:00
Cf15her,1,5.0,2025-02-25T19:17:32+00:00,2025-02-25T19:17:32+00:00
sjf011,1,1.0,2025-02-25T18:11:16+00:00,2025-02-25T18:11:16+00:00
Token_Singh,1,9.0,2025-02-25T15:39:09+00:00,2025-02-25T15:39:09+00:00
strawberryfairygal,1,17.0,2025-02-25T14:44:29+00:00,2025-02-25T14:44:29+00:00
joyeuxtahi,1,2.0,2025-02-25T14:11:39+00:00,2025-02-25T14:11:39+00:00
hello-rosie,2,1.5,2025-02-25T15:07:37+00:00,2025-02-04T01:09:02+00:00
smac2811,1,1.0,2025-02-25T15:38:54+00:00,2025-02-25T15:38:54+00:00
DJCHOKEWANK,1,1.0,2025-02-25T23:21:17+00:00,2025-02-25T23:21:17+00:00
Xenna11,2,0.0,2025-02-25T16:57:19+00:00,2025-02-25T19:10:24+00:00
ilikeknowingthings-,8,1.0,2025-02-25T17:20:01+00:00,2025-02-25T17:24:10+00:00
madhatter989,3,13.0,2025-02-22T12:42:50+00:00,2024-07-10T12:26:55+00:00
Mindless_Bluebird_52,1,11.0,2025-02-22T12:46:55+00:00,2025-02-22T12:46:55+00:00
petroni_arbitri,1,3.0,2025-02-23T00:09:03+00:00,2025-02-23T00:09:03+00:00
-TwiiX-,3,2.0,2025-02-24T10:32:11+00:00,2025-01-22T23:31:59+00:00
SciencePlayful1128,1,2.0,2025-02-24T14:18:20+00:00,2025-02-24T14:18:20+00:00
aea99,3,1.6666666666666667,2025-02-24T12:35:32+00:00,2025-02-22T13:32:17+00:00
netzure,3,48.666666666666664,2025-02-20T12:51:25+00:00,2025-02-20T14:10:45+00:00
Valuable_K,5,14.4,2025-02-20T15:02:28+00:00,2025-02-20T18:30:01+00:00
cucklord40k,1,43.0,2025-02-20T13:27:35+00:00,2025-02-20T13:27:35+00:00
ABulkyBadger,1,9.0,2025-02-20T12:57:39+00:00,2025-02-20T12:57:39+00:00
madhandlez89,3,15.666666666666666,2025-02-20T17:54:23+00:00,2024-06-01T11:31:28+00:00
FactCheckYou,2,1.5,2025-02-20T19:43:44+00:00,2024-06-26T13:10:59+00:00
Meow-Pew-Pew,1,5.0,2025-02-20T13:09:01+00:00,2025-02-20T13:09:01+00:00
MichealCorleonee,1,7.0,2025-02-20T13:04:28+00:00,2025-02-20T13:04:28+00:00
ribenarockstar,1,2.0,2025-02-20T17:19:07+00:00,2025-02-20T17:19:07+00:00
nyxoh22,1,1.0,2025-02-20T16:24:49+00:00,2025-02-20T16:24:49+00:00
Seal-teambravo,1,-2.0,2025-02-20T16:22:18+00:00,2025-02-20T16:22:18+00:00
Vegetable-Waltz1458,1,-1.0,2025-02-20T13:58:47+00:00,2025-02-20T13:58:47+00:00
TheMechanic101,1,20.0,2025-02-20T15:36:25+00:00,2025-02-20T15:36:25+00:00
Sad-Olive-158,6,5.166666666666667,2025-02-20T17:25:17+00:00,2025-02-20T18:46:48+00:00
Famous_Champion_492,1,54.0,2025-02-20T13:06:56+00:00,2025-02-20T13:06:56+00:00
pjc50,1,8.0,2025-02-20T13:09:00+00:00,2025-02-20T13:09:00+00:00
admiralross2400,1,3.0,2025-02-20T13:10:57+00:00,2025-02-20T13:10:57+00:00
New-Pin-3952,1,1.0,2025-02-20T14:40:24+00:00,2025-02-20T14:40:24+00:00
Fionnathos,1,5.0,2025-02-20T16:45:10+00:00,2025-02-20T16:45:10+00:00
Consistent-Tiger-775,1,1.0,2025-02-20T18:46:45+00:00,2025-02-20T18:46:45+00:00
porcupineporridge,4,13.5,2025-02-17T07:22:50+00:00,2024-07-26T08:47:38+00:00
Elcustardo,1,4.0,2025-02-17T11:15:54+00:00,2025-02-17T11:15:54+00:00
LKM6666,1,5.0,2025-02-13T17:34:21+00:00,2025-02-13T17:34:21+00:00
susanboylesvajazzle,3,4.666666666666667,2025-02-13T18:23:52+00:00,2024-07-10T13:52:04+00:00
PackRare5146,1,6.0,2025-02-13T17:07:14+00:00,2025-02-13T17:07:14+00:00
iwillfuckingbiteyou,3,1.0,2025-02-14T14:19:47+00:00,2025-02-14T16:16:33+00:00
Fungus_Mungus46,1,0.0,2025-02-13T17:46:50+00:00,2025-02-13T17:46:50+00:00
coloredspade,3,1.3333333333333333,2025-02-14T15:41:37+00:00,2025-02-14T16:32:34+00:00
RevolutionarySelf988,1,6.0,2025-02-13T10:01:52+00:00,2025-02-13T10:01:52+00:00
errobbie,1,3.0,2025-02-13T10:45:07+00:00,2025-02-13T10:45:07+00:00
edinbourgois,1,4.0,2025-02-13T10:47:59+00:00,2025-02-13T10:47:59+00:00
Rough_Shift_9250,2,1.5,2025-02-13T13:03:57+00:00,2025-02-13T13:09:11+00:00
OneSafety2,3,1.0,2025-02-13T13:51:23+00:00,2025-02-13T13:51:58+00:00
ChampagneBrokie,2,1.0,2025-02-16T01:28:42+00:00,2025-02-01T13:21:02+00:00
ald0,1,2.0,2025-02-13T14:26:48+00:00,2025-02-13T14:26:48+00:00
sdfgsteve,1,10.0,2025-02-13T11:51:43+00:00,2025-02-13T11:51:43+00:00
AnubissDarkling,2,2.5,2025-02-11T09:12:52+00:00,2024-07-11T00:10:31+00:00
General_Praline_3226,1,3.0,2025-02-11T23:12:15+00:00,2025-02-11T23:12:15+00:00
theirleftshoe,1,1.0,2025-03-29T10:17:57+00:00,2025-03-29T10:17:57+00:00
Wombles,1,31.0,2025-02-05T20:47:47+00:00,2025-02-05T20:47:47+00:00
AdviceHefty4561,1,7.0,2025-02-06T10:13:05+00:00,2025-02-06T10:13:05+00:00
harpistic,14,3.4285714285714284,2025-02-05T16:29:07+00:00,2024-04-19T02:46:46+00:00
Substantial_Dot7311,12,3.1666666666666665,2025-02-05T17:51:01+00:00,2024-06-16T22:14:08+00:00
Illustrious-Froyo982,3,6.0,2025-02-05T19:44:12+00:00,2024-12-09T17:43:08+00:00
Nanami-Nyan,4,1.75,2025-02-06T21:37:51+00:00,2025-03-15T23:49:21+00:00
AntiqueProfession522,1,17.0,2025-02-06T16:29:47+00:00,2025-02-06T16:29:47+00:00
Pompadipompa,1,12.0,2025-02-06T18:43:52+00:00,2025-02-06T18:43:52+00:00
quartersessions,1,5.0,2025-02-06T12:07:31+00:00,2025-02-06T12:07:31+00:00
mpayne1987,1,1.0,2025-02-05T18:15:15+00:00,2025-02-05T18:15:15+00:00
Dirty-Hyena,1,-3.0,2025-02-06T05:31:38+00:00,2025-02-06T05:31:38+00:00
Faddy91,1,1.0,2025-02-06T23:45:00+00:00,2025-02-06T23:45:00+00:00
VisibleTart6849,4,1.5,2025-02-09T16:17:41+00:00,2024-12-09T12:58:10+00:00
Duck_with_a_monocle,1,2.0,2025-02-06T08:22:56+00:00,2025-02-06T08:22:56+00:00
spr148,2,34.5,2025-02-03T18:41:09+00:00,2024-12-10T16:06:59+00:00
The_Pulpiest_Fiction,1,63.0,2025-02-03T18:45:12+00:00,2025-02-03T18:45:12+00:00
CrispoClumbo,4,13.5,2025-02-03T19:18:12+00:00,2025-02-03T20:25:43+00:00
PureCrookedRiverBend,1,7.0,2025-02-03T20:07:47+00:00,2025-02-03T20:07:47+00:00
Apprehensive_Greens,2,1.5,2025-02-04T01:14:47+00:00,2025-02-04T01:19:26+00:00
Internal-Ad-6810,1,1.0,2025-02-03T22:50:51+00:00,2025-02-03T22:50:51+00:00
AppropriateBoard5155,1,1.0,2025-02-04T05:14:12+00:00,2025-02-04T05:14:12+00:00
Tumeni1959,1,0.0,2025-02-03T23:07:24+00:00,2025-02-03T23:07:24+00:00
peepthewizard,1,8.0,2025-02-03T20:04:23+00:00,2025-02-03T20:04:23+00:00
Ok_Parsley_4961,1,2.0,2025-02-04T09:17:59+00:00,2025-02-04T09:17:59+00:00
Traditional_Youth_21,1,79.0,2025-01-31T20:32:02+00:00,2025-01-31T20:32:02+00:00
FeivelM,1,8.0,2025-01-31T20:17:06+00:00,2025-01-31T20:17:06+00:00
lostintranslation767,1,24.0,2025-01-31T20:25:51+00:00,2025-01-31T20:25:51+00:00
pureteckle,2,5.0,2025-01-31T20:20:53+00:00,2025-02-01T14:19:27+00:00
Manicmine1969,1,1.0,2025-02-02T13:33:30+00:00,2025-02-02T13:33:30+00:00
Vitcee1,7,-1.1428571428571428,2025-02-01T12:05:46+00:00,2025-02-01T17:27:29+00:00
SoftFirmHardware,2,12.0,2025-02-01T13:04:24+00:00,2025-02-01T15:16:31+00:00
Melodic_Case_753,2,0.0,2025-02-01T14:40:57+00:00,2025-02-01T15:00:00+00:00
StrawberryFront8128,1,6.0,2025-02-01T21:13:44+00:00,2025-02-01T21:13:44+00:00
Either_Classic9159,1,1.0,2025-02-03T16:26:02+00:00,2025-02-03T16:26:02+00:00
Awkward_Blueberry_84,3,6.333333333333333,2025-01-24T00:12:48+00:00,2025-01-24T23:01:42+00:00
Ok-Satisfaction111,1,5.0,2025-01-23T23:11:03+00:00,2025-01-23T23:11:03+00:00
ErrorUncertainty,1,2.0,2025-01-24T13:40:11+00:00,2025-01-24T13:40:11+00:00
Bright-Context-3758,1,1.0,2025-01-24T12:27:29+00:00,2025-01-24T12:27:29+00:00
Smuggy34,1,1.0,2025-01-24T20:39:22+00:00,2025-01-24T20:39:22+00:00
OatlattesandWalkies,1,1.0,2025-01-25T11:09:00+00:00,2025-01-25T11:09:00+00:00
dead-cat,1,-3.0,2025-01-23T23:46:04+00:00,2025-01-23T23:46:04+00:00
Domingo_Cerrado,1,2.0,2025-01-24T13:00:19+00:00,2025-01-24T13:00:19+00:00
Kindly_Bodybuilder43,2,1.5,2025-01-24T20:20:56+00:00,2025-01-25T00:49:15+00:00
FullNefariousness303,2,29.5,2025-01-21T15:59:35+00:00,2025-01-22T08:50:10+00:00
BeachtimeRhino,1,27.0,2025-01-21T15:56:31+00:00,2025-01-21T15:56:31+00:00
Grazza123,1,7.0,2025-01-21T19:11:26+00:00,2025-01-21T19:11:26+00:00
mikey-forester,1,2.0,2025-01-21T17:12:56+00:00,2025-01-21T17:12:56+00:00
Normveg,1,1.0,2025-01-21T21:52:25+00:00,2025-01-21T21:52:25+00:00
Math-Hatter,1,1.0,2025-01-22T05:53:52+00:00,2025-01-22T05:53:52+00:00
mattjimf,1,1.0,2025-01-22T08:03:37+00:00,2025-01-22T08:03:37+00:00
SamH123,1,1.0,2025-01-22T17:59:40+00:00,2025-01-22T17:59:40+00:00
LukeyHear,1,1.0,2025-01-22T21:39:43+00:00,2025-01-22T21:39:43+00:00
dynamite100000000,1,1.0,2025-01-21T22:00:05+00:00,2025-01-21T22:00:05+00:00
Apart_Agency_5219,1,5.0,2025-01-21T23:08:55+00:00,2025-01-21T23:08:55+00:00
FliXerock107,1,6.0,2025-01-22T08:27:02+00:00,2025-01-22T08:27:02+00:00
arethainparis,2,9.0,2025-01-22T07:18:21+00:00,2025-01-14T20:26:57+00:00
FakeAfterEight,1,1.0,2025-01-22T23:22:18+00:00,2025-01-22T23:22:18+00:00
Agitated_Nature_5977,3,2.6666666666666665,2025-01-21T18:06:34+00:00,2025-01-21T22:53:24+00:00
westcoastfishingscot,1,21.0,2025-01-16T09:51:05+00:00,2025-01-16T09:51:05+00:00
FladScot,2,7.0,2025-01-16T09:58:23+00:00,2025-01-16T09:52:59+00:00
MrNippyNippy,1,3.0,2025-01-16T09:54:52+00:00,2025-01-16T09:54:52+00:00
purplepumkin99,1,-4.0,2025-01-16T09:46:29+00:00,2025-01-16T09:46:29+00:00
TheAmazingPikachu,2,6.0,2025-01-16T09:47:43+00:00,2024-11-13T17:14:18+00:00
Fine-Camel-9836,1,58.0,2025-01-14T18:24:37+00:00,2025-01-14T18:24:37+00:00
Zealousideal_Ring452,1,11.0,2025-01-14T23:12:34+00:00,2025-01-14T23:12:34+00:00
CilariousHunt,1,15.0,2025-01-14T19:17:15+00:00,2025-01-14T19:17:15+00:00
PF_tmp,2,10.5,2025-01-14T23:40:14+00:00,2024-08-01T09:44:13+00:00
jobbyspanker,2,2.0,2025-01-15T16:56:54+00:00,2024-06-11T12:49:11+00:00
Dismal-Reward-5177,2,1.0,2025-01-14T21:24:05+00:00,2025-01-15T14:19:46+00:00
Current_Set9801,1,1.0,2025-01-15T11:48:23+00:00,2025-01-15T11:48:23+00:00
Salvonamusic,3,1.3333333333333333,2025-01-15T12:49:08+00:00,2025-01-15T14:36:53+00:00
kookamooka,7,5.857142857142857,2025-01-14T18:49:14+00:00,2024-06-26T14:35:53+00:00
BurningVeal,1,23.0,2025-01-14T19:38:24+00:00,2025-01-14T19:38:24+00:00
jopheza,2,3.5,2025-01-15T08:55:26+00:00,2024-08-16T07:43:21+00:00
weedrinkawater,1,5.0,2025-01-14T21:42:57+00:00,2025-01-14T21:42:57+00:00
spentland,1,5.0,2024-12-27T00:46:27+00:00,2024-12-27T00:46:27+00:00
janzjardinand,1,3.0,2024-12-27T03:17:39+00:00,2024-12-27T03:17:39+00:00
chisox2020beyond,1,1.0,2025-05-23T10:07:58+00:00,2025-05-23T10:07:58+00:00
Mertyns,1,2.0,2024-12-27T10:27:27+00:00,2024-12-27T10:27:27+00:00
Organic-Werewolf-299,1,1.0,2024-12-27T02:04:11+00:00,2024-12-27T02:04:11+00:00
NoPersonality8673,1,2.0,2024-12-27T17:52:49+00:00,2024-12-27T17:52:49+00:00
onetimeuselong,1,50.0,2024-12-10T03:41:25+00:00,2024-12-10T03:41:25+00:00
TwinkleToes333,1,18.0,2024-12-10T07:07:50+00:00,2024-12-10T07:07:50+00:00
LeanderKu,1,8.0,2024-12-10T10:25:37+00:00,2024-12-10T10:25:37+00:00
ghostofkilgore,1,8.0,2024-12-10T11:46:49+00:00,2024-12-10T11:46:49+00:00
Eabhal347,3,14.666666666666666,2024-12-10T07:29:29+00:00,2024-12-10T10:07:44+00:00
Drummk,1,7.0,2024-12-10T07:50:45+00:00,2024-12-10T07:50:45+00:00
Connell95,6,3.3333333333333335,2024-12-11T12:23:29+00:00,2024-04-19T07:34:47+00:00
Top_Action_9765,3,1.6666666666666667,2024-12-12T18:19:19+00:00,2024-12-12T18:26:14+00:00
Big_Red12,10,8.7,2024-12-10T13:02:28+00:00,2024-04-17T10:19:21+00:00
CameronWS,4,1.25,2024-12-10T10:40:30+00:00,2024-05-20T09:38:00+00:00
sprazcrumbler,8,2.5,2024-12-10T09:54:47+00:00,2024-12-10T20:30:11+00:00
Rediturus_fuisse,1,2.0,2024-12-10T10:26:35+00:00,2024-12-10T10:26:35+00:00
Bam-Skater,1,-6.0,2024-12-10T04:58:52+00:00,2024-12-10T04:58:52+00:00
ross1771,1,2.0,2024-12-10T09:45:34+00:00,2024-12-10T09:45:34+00:00
uppennyhill,1,2.0,2024-12-10T16:26:11+00:00,2024-12-10T16:26:11+00:00
Usual_Newt8791,5,-2.0,2024-12-10T09:23:14+00:00,2024-12-11T13:15:47+00:00
Boomdification,2,1.5,2024-12-10T10:01:45+00:00,2024-12-10T10:03:01+00:00
chuckleh0und,1,1.0,2024-12-10T12:26:28+00:00,2024-12-10T12:26:28+00:00
Sburns85,1,7.0,2024-12-10T08:46:53+00:00,2024-12-10T08:46:53+00:00
Donaldbeag,2,11.5,2024-12-10T09:50:23+00:00,2024-06-01T12:54:33+00:00
touristtam,4,3.75,2024-12-10T10:15:26+00:00,2024-06-12T07:44:28+00:00
eyewashemergency,1,13.0,2024-12-10T07:28:20+00:00,2024-12-10T07:28:20+00:00
New_Egg_25,1,1.0,2024-12-11T10:29:28+00:00,2024-12-11T10:29:28+00:00
Important-Plan-2571,1,5.0,2024-12-09T17:19:29+00:00,2024-12-09T17:19:29+00:00
foxitive29,1,1.0,2024-12-09T22:46:03+00:00,2024-12-09T22:46:03+00:00
Gravyboat8899,2,1.0,2024-12-17T19:20:09+00:00,2024-12-17T19:23:21+00:00
SpeakerFine6058,2,10.5,2024-12-09T15:54:40+00:00,2024-12-10T07:34:12+00:00
The_1701,1,13.0,2024-12-09T12:51:05+00:00,2024-12-09T12:51:05+00:00
IFEdinburghUK,1,7.0,2024-12-09T15:24:21+00:00,2024-12-09T15:24:21+00:00
Plastic_Tooth_3299,1,2.0,2024-12-09T15:00:43+00:00,2024-12-09T15:00:43+00:00
Suspicious_Side8976,1,-9.0,2024-12-09T15:25:26+00:00,2024-12-09T15:25:26+00:00
DanielReddit26,1,3.0,2024-12-10T06:45:00+00:00,2024-12-10T06:45:00+00:00
chamomile_cockatoo,1,3.0,2024-12-04T00:21:47+00:00,2024-12-04T00:21:47+00:00
sjblack20,1,3.0,2024-12-04T05:04:18+00:00,2024-12-04T05:04:18+00:00
superhoops,1,1.0,2024-12-04T23:47:33+00:00,2024-12-04T23:47:33+00:00
crimson_basser,12,1.0,2024-12-04T02:08:54+00:00,2024-12-04T20:42:20+00:00
palinodial,1,1.0,2024-12-04T19:39:20+00:00,2024-12-04T19:39:20+00:00
laidbackpurple,3,21.0,2024-11-29T17:29:30+00:00,2024-05-26T04:40:13+00:00
VienettaOfficer,1,6.0,2024-11-29T18:19:14+00:00,2024-11-29T18:19:14+00:00
Adventurous-Collar95,1,5.0,2024-11-29T23:57:58+00:00,2024-11-29T23:57:58+00:00
damian_online_96,1,3.0,2024-11-29T20:37:19+00:00,2024-11-29T20:37:19+00:00
jasongilmour,1,17.0,2024-11-13T17:06:28+00:00,2024-11-13T17:06:28+00:00
Ok_Deal_964,1,9.0,2024-11-13T18:58:21+00:00,2024-11-13T18:58:21+00:00
Adventurous-Leave-88,3,35.0,2024-11-13T21:53:44+00:00,2024-04-16T19:38:18+00:00
rev9of8,2,-4.0,2024-11-13T17:11:00+00:00,2024-11-13T18:04:23+00:00
CaliforniEcosse,1,4.0,2024-11-13T19:22:03+00:00,2024-11-13T19:22:03+00:00
FanWrite,8,4.125,2024-11-13T17:59:51+00:00,2024-05-15T19:13:17+00:00
Scheming_Deming,1,12.0,2024-10-22T12:55:08+00:00,2024-10-22T12:55:08+00:00
BebeYodaIsSoCute,1,2.0,2024-10-22T12:42:29+00:00,2024-10-22T12:42:29+00:00
Irnbruliquidgold,1,0.0,2024-10-22T13:00:00+00:00,2024-10-22T13:00:00+00:00
Awkward-Field4951,1,-1.0,2024-10-22T13:55:44+00:00,2024-10-22T13:55:44+00:00
062876344,1,5.0,2024-10-16T14:37:56+00:00,2024-10-16T14:37:56+00:00
Constant-Ask370,3,-2.6666666666666665,2024-10-16T14:41:35+00:00,2024-10-16T15:19:00+00:00
edi_blah,1,7.0,2024-10-07T19:38:50+00:00,2024-10-07T19:38:50+00:00
Tammer_Stern,1,6.0,2024-10-07T19:11:52+00:00,2024-10-07T19:11:52+00:00
panopticom,1,3.0,2024-10-07T18:51:13+00:00,2024-10-07T18:51:13+00:00
CannabisPatientUK,1,3.0,2024-10-07T19:17:07+00:00,2024-10-07T19:17:07+00:00
thesieve66,1,2.0,2024-10-07T19:15:19+00:00,2024-10-07T19:15:19+00:00
guess_an_fear,1,1.0,2024-10-07T20:28:42+00:00,2024-10-07T20:28:42+00:00
ratemychicken,1,1.0,2024-10-08T15:30:22+00:00,2024-10-08T15:30:22+00:00
WildTrainer1244,3,1.3333333333333333,2024-10-07T18:54:05+00:00,2024-10-07T18:54:47+00:00
lemonsqueezy55,1,8.0,2024-10-07T20:24:26+00:00,2024-10-07T20:24:26+00:00
oldcat,1,-1.0,2024-10-08T06:09:38+00:00,2024-10-08T06:09:38+00:00
spherical-chicken,1,24.0,2024-10-05T01:36:07+00:00,2024-10-05T01:36:07+00:00
mr_P0Opy_Butth0le,1,5.0,2024-10-05T06:22:52+00:00,2024-10-05T06:22:52+00:00
Shatthemovies,1,3.0,2024-10-05T08:21:40+00:00,2024-10-05T08:21:40+00:00
Key-Main-2262,1,1.0,2024-10-05T14:51:32+00:00,2024-10-05T14:51:32+00:00
Ch3w84cc4,1,1.0,2024-09-24T13:36:51+00:00,2024-09-24T13:36:51+00:00
Appropriate-Series80,1,5.0,2024-09-19T19:59:22+00:00,2024-09-19T19:59:22+00:00
writetheysaid,1,3.0,2024-09-20T09:44:14+00:00,2024-09-20T09:44:14+00:00
Varya55,2,0.5,2024-09-12T18:22:43+00:00,2024-09-13T11:00:51+00:00
Vinny-Ed,1,2.0,2024-09-13T15:13:14+00:00,2024-09-13T15:13:14+00:00
StormArlo,4,1.25,2024-09-13T14:59:03+00:00,2024-09-13T19:46:20+00:00
ieya404,3,47.666666666666664,2024-09-13T17:47:30+00:00,2024-04-17T10:05:08+00:00
Cassie-aaah,1,15.0,2024-09-08T00:16:30+00:00,2024-09-08T00:16:30+00:00
AethersPhil,1,4.0,2024-09-08T07:51:27+00:00,2024-09-08T07:51:27+00:00
eoz,1,2.0,2024-09-08T09:56:50+00:00,2024-09-08T09:56:50+00:00
Helzibob,1,2.0,2024-09-08T05:33:51+00:00,2024-09-08T05:33:51+00:00
Mammoth_Parfait7744,12,13.25,2024-09-08T02:21:52+00:00,2024-04-19T02:42:43+00:00
Existing-Delivery-79,1,0.0,2024-09-08T02:05:49+00:00,2024-09-08T02:05:49+00:00
garidaMan,2,4.0,2024-09-01T06:19:48+00:00,2024-09-01T16:57:49+00:00
morph698,1,2.0,2024-09-01T12:43:55+00:00,2024-09-01T12:43:55+00:00
mos_eisely_,1,1.0,2024-09-01T07:49:26+00:00,2024-09-01T07:49:26+00:00
SlumberlandNemo,1,0.0,2024-09-01T15:34:05+00:00,2024-09-01T15:34:05+00:00
so7am,1,0.0,2024-09-01T16:47:32+00:00,2024-09-01T16:47:32+00:00
QuicketyQuack,1,6.0,2024-08-30T08:34:19+00:00,2024-08-30T08:34:19+00:00
Necessary-Run6518,3,2.0,2024-08-30T08:20:37+00:00,2024-08-30T08:32:53+00:00
AdAsleep7329,1,1.0,2024-08-31T09:16:32+00:00,2024-08-31T09:16:32+00:00
mr-rabbit-13,14,3.4285714285714284,2024-08-30T08:19:55+00:00,2024-08-30T08:35:39+00:00
Slay_Zee,1,7.0,2024-08-30T10:37:47+00:00,2024-08-30T10:37:47+00:00
PossibleFun7711,5,2.6,2024-08-16T16:56:23+00:00,2024-08-16T16:53:50+00:00
Wirralgir1,1,3.0,2024-08-16T16:53:10+00:00,2024-08-16T16:53:10+00:00
Bobby-Dazzling,1,2.0,2024-08-16T17:12:09+00:00,2024-08-16T17:12:09+00:00
SBfilmmaker,1,3.0,2024-08-16T17:03:18+00:00,2024-08-16T17:03:18+00:00
BeardBoy10,1,3.0,2024-08-16T16:38:15+00:00,2024-08-16T16:38:15+00:00
omggcantfindusername,2,3.5,2024-08-16T08:37:33+00:00,2024-06-10T15:56:28+00:00
Rather_Dashing,1,2.0,2024-08-16T08:03:11+00:00,2024-08-16T08:03:11+00:00
rexopolis-,3,1.3333333333333333,2024-08-16T07:44:34+00:00,2024-08-16T08:53:17+00:00
jasonpswan,1,65.0,2024-08-01T09:33:21+00:00,2024-08-01T09:33:21+00:00
VardaElentari86,2,11.0,2024-08-01T10:02:46+00:00,2024-06-10T14:34:42+00:00
keta_ro,2,1.5,2024-08-01T10:09:05+00:00,2024-05-03T21:44:13+00:00
Hostillian,1,3.0,2024-08-01T12:24:43+00:00,2024-08-01T12:24:43+00:00
AmphibianOk106,2,-19.0,2024-08-01T11:15:06+00:00,2024-08-01T11:27:32+00:00
therealverylightblue,1,28.0,2024-07-25T20:48:45+00:00,2024-07-25T20:48:45+00:00
descentbecomesafall,1,17.0,2024-07-25T21:34:34+00:00,2024-07-25T21:34:34+00:00
fetchnatch,1,13.0,2024-07-25T22:47:55+00:00,2024-07-25T22:47:55+00:00
cynicalveggie,2,6.0,2024-07-26T07:42:18+00:00,2024-06-02T10:56:47+00:00
OkGuess8425,2,2.5,2024-07-25T23:33:24+00:00,2024-07-26T14:03:07+00:00
pvtcvincent,1,2.0,2024-07-25T23:29:02+00:00,2024-07-25T23:29:02+00:00
canistillbegarth95,5,-4.0,2024-07-26T08:18:12+00:00,2024-07-26T15:02:14+00:00
gss03,1,7.0,2024-07-13T01:11:19+00:00,2024-07-13T01:11:19+00:00
theoneandonlymarkus,1,5.0,2024-07-13T09:31:25+00:00,2024-07-13T09:31:25+00:00
pure_roaster,3,-4.0,2024-07-13T01:36:12+00:00,2024-05-27T00:45:44+00:00
TheFugitiveSock,2,8.5,2024-07-12T21:42:42+00:00,2024-06-26T14:46:08+00:00
Kratos_BOY,1,5.0,2024-07-13T08:15:03+00:00,2024-07-13T08:15:03+00:00
Gc1981,1,7.0,2024-07-12T21:44:42+00:00,2024-07-12T21:44:42+00:00
SpacecraftX,2,1.5,2024-07-13T07:54:38+00:00,2024-05-26T07:55:13+00:00
Rajasj25,1,0.0,2024-07-12T23:06:30+00:00,2024-07-12T23:06:30+00:00
randomlyalex,1,3.0,2024-07-13T02:44:47+00:00,2024-07-13T02:44:47+00:00
spookyleither,1,1.0,2024-07-14T08:58:10+00:00,2024-07-14T08:58:10+00:00
Thin-Hearing4674,3,13.333333333333334,2024-07-10T14:55:05+00:00,2024-04-23T17:31:55+00:00
Several_Amount_857,1,2.0,2024-07-18T20:18:39+00:00,2024-07-18T20:18:39+00:00
WillingObscurity,3,1.3333333333333333,2024-07-10T16:18:50+00:00,2024-07-15T10:52:14+00:00
Neith-emwia,2,14.0,2024-07-10T11:45:59+00:00,2024-07-10T12:29:33+00:00
caesarportugal,2,14.0,2024-07-10T11:51:23+00:00,2024-07-10T11:58:47+00:00
blindinglights29,4,4.5,2024-07-10T15:49:41+00:00,2024-06-02T15:28:13+00:00
Pristine_Ad7297,2,5.0,2024-07-10T11:54:32+00:00,2024-07-10T12:10:31+00:00
pink_galaxy_,1,4.0,2024-07-10T12:57:05+00:00,2024-07-10T12:57:05+00:00
Chance-Purpose-9652,2,3.0,2024-07-10T15:01:15+00:00,2024-06-01T09:27:12+00:00
sqnch,1,2.0,2024-07-10T13:25:23+00:00,2024-07-10T13:25:23+00:00
Regular-Froyo-2342,1,2.0,2024-07-10T19:32:37+00:00,2024-07-10T19:32:37+00:00
lenin1921,1,2.0,2024-07-11T17:15:03+00:00,2024-07-11T17:15:03+00:00
Frequent-You369,1,2.0,2024-07-10T17:58:55+00:00,2024-07-10T17:58:55+00:00
Common-Metal1746,3,1.6666666666666667,2024-07-10T11:35:39+00:00,2024-07-10T11:43:27+00:00
Phinny55,1,1.0,2024-07-10T16:47:21+00:00,2024-07-10T16:47:21+00:00
Distinct_Winner_3654,1,1.0,2024-07-11T05:44:39+00:00,2024-07-11T05:44:39+00:00
Independent_Tap_9130,2,1.0,2024-07-11T17:01:23+00:00,2024-07-11T18:44:19+00:00
LeopardSignificant17,1,1.0,2024-07-12T17:25:56+00:00,2024-07-12T17:25:56+00:00
Ok_Pay5102,1,1.0,2024-09-01T19:18:14+00:00,2024-09-01T19:18:14+00:00
Electronic_Cookie779,1,1.0,2024-09-15T12:55:57+00:00,2024-09-15T12:55:57+00:00
Ok-Noise1837,19,1.9473684210526316,2024-07-10T12:00:46+00:00,2024-10-31T00:07:13+00:00
thesmu,1,4.0,2024-07-10T13:25:39+00:00,2024-07-10T13:25:39+00:00
Due-Entertainer-2812,1,1.0,2024-07-12T21:32:19+00:00,2024-07-12T21:32:19+00:00
butwhatsmyname,1,13.0,2024-07-10T14:00:19+00:00,2024-07-10T14:00:19+00:00
Easy_Significance_83,2,4.0,2024-07-10T12:28:55+00:00,2024-06-10T20:15:01+00:00
eyelash16,1,1.0,2024-10-30T07:53:49+00:00,2024-10-30T07:53:49+00:00
Lewis_ABD,1,1.0,2024-07-11T10:15:02+00:00,2024-07-11T10:15:02+00:00
wild_penumbra,3,6.333333333333333,2024-07-10T13:12:20+00:00,2024-04-16T09:33:35+00:00
joefife,1,66.0,2024-07-08T16:12:51+00:00,2024-07-08T16:12:51+00:00
Tentacled_Whisperer,1,18.0,2024-07-08T16:15:19+00:00,2024-07-08T16:15:19+00:00
2shayyy,1,24.0,2024-07-08T16:30:37+00:00,2024-07-08T16:30:37+00:00
FureiousPhalanges,1,2.0,2024-07-09T06:46:12+00:00,2024-07-09T06:46:12+00:00
NationalReputation85,1,3.0,2024-07-08T15:45:04+00:00,2024-07-08T15:45:04+00:00
Whole_Measurement_97,1,1.0,2024-07-08T21:45:09+00:00,2024-07-08T21:45:09+00:00
FlamingTrollz,1,0.0,2024-07-09T02:07:10+00:00,2024-07-09T02:07:10+00:00
nbanbury,3,-17.0,2024-07-08T18:01:07+00:00,2024-07-09T04:44:35+00:00
ske66,1,1.0,2024-07-08T16:53:59+00:00,2024-07-08T16:53:59+00:00
cashmakessmiles,1,12.0,2024-07-08T19:42:52+00:00,2024-07-08T19:42:52+00:00
HibeesBounce,1,1.0,2024-07-08T16:55:42+00:00,2024-07-08T16:55:42+00:00
lochcreran,1,0.0,2024-07-10T21:21:33+00:00,2024-07-10T21:21:33+00:00
Legitimate-Credit-82,1,19.0,2024-06-26T13:21:35+00:00,2024-06-26T13:21:35+00:00
codenamecueball,8,13.375,2024-06-26T12:54:56+00:00,2024-04-17T10:13:07+00:00
Even_Koala_4595,1,8.0,2024-06-26T19:05:41+00:00,2024-06-26T19:05:41+00:00
KitchenFree7651,3,7.333333333333333,2024-06-26T13:24:14+00:00,2024-06-26T17:32:34+00:00
x_odj_x,1,1.0,2024-06-26T17:02:38+00:00,2024-06-26T17:02:38+00:00
ReturnoftheJ1zzEye,1,1.0,2024-06-28T15:33:20+00:00,2024-06-28T15:33:20+00:00
DougalR,2,-9.5,2024-06-26T13:32:46+00:00,2024-06-26T14:06:48+00:00
capt_avocado,2,3.5,2024-06-26T13:28:04+00:00,2024-06-26T13:28:36+00:00
trufflesniffinpig,1,3.0,2024-06-26T13:24:43+00:00,2024-06-26T13:24:43+00:00
Bramsstrahlung,1,14.0,2024-06-26T16:27:49+00:00,2024-06-26T16:27:49+00:00
El_Scot,3,3.0,2024-06-26T17:09:53+00:00,2024-06-27T14:43:14+00:00
cockatootattoo,1,2.0,2024-06-27T08:46:56+00:00,2024-06-27T08:46:56+00:00
One_Understanding603,1,1.0,2024-06-26T15:23:30+00:00,2024-06-26T15:23:30+00:00
dario_sanchez,1,3.0,2024-06-26T17:58:10+00:00,2024-06-26T17:58:10+00:00
Silent-Ad-756,1,1.0,2024-06-27T08:40:21+00:00,2024-06-27T08:40:21+00:00
HandyRoyd,1,1.0,2024-06-26T15:19:17+00:00,2024-06-26T15:19:17+00:00
chamchofy,1,-8.0,2024-06-26T14:43:20+00:00,2024-06-26T14:43:20+00:00
iaincollins,2,8.0,2024-06-26T17:08:34+00:00,2024-04-17T14:43:51+00:00
lary-sa,1,1.0,2024-06-13T17:18:31+00:00,2024-06-13T17:18:31+00:00
otter_patrol,1,1.0,2024-06-14T12:24:07+00:00,2024-06-14T12:24:07+00:00
Sensitive_Box55,5,0.8,2024-06-13T16:59:00+00:00,2024-06-13T17:07:07+00:00
FacetiousTomato,1,2.0,2024-06-12T17:42:34+00:00,2024-06-12T17:42:34+00:00
termonszymra,2,19.0,2024-06-10T13:26:04+00:00,2024-06-10T13:54:18+00:00
fredflatulent,1,62.0,2024-06-10T12:56:05+00:00,2024-06-10T12:56:05+00:00
Gecko5991,3,3.3333333333333335,2024-06-10T12:51:32+00:00,2024-06-10T14:37:47+00:00
TwigletTree,1,3.0,2024-06-10T16:13:55+00:00,2024-06-10T16:13:55+00:00
kitknit81,1,3.0,2024-06-10T18:30:32+00:00,2024-06-10T18:30:32+00:00
Busy-Dress9463,1,2.0,2024-06-11T10:53:46+00:00,2024-06-11T10:53:46+00:00
knockonce4fun,1,2.0,2024-06-10T14:34:12+00:00,2024-06-10T14:34:12+00:00
Normal-Basis9743,1,1.0,2024-06-10T19:32:32+00:00,2024-06-10T19:32:32+00:00
Ambitious_Item_2489,1,1.0,2024-06-11T11:29:15+00:00,2024-06-11T11:29:15+00:00
808jammin,1,0.0,2024-06-11T00:21:46+00:00,2024-06-11T00:21:46+00:00
Jumph96,24,3.0,2024-06-10T13:34:21+00:00,2024-06-10T14:31:57+00:00
160295,2,3.5,2024-06-10T13:48:09+00:00,2024-06-01T09:49:52+00:00
daleash84,1,1.0,2024-06-10T21:05:42+00:00,2024-06-10T21:05:42+00:00
IRegretCommenting,1,2.0,2024-06-11T10:36:55+00:00,2024-06-11T10:36:55+00:00
FumbleMyEndzone,1,7.0,2024-06-10T13:18:38+00:00,2024-06-10T13:18:38+00:00
DJ_Firth,2,1.0,2024-06-11T16:27:26+00:00,2024-06-11T16:53:01+00:00
Dry-Pie2395,1,8.0,2024-06-10T16:21:28+00:00,2024-06-10T16:21:28+00:00
MediumPeteWrigley,1,3.0,2024-06-10T22:04:01+00:00,2024-06-10T22:04:01+00:00
expert_internetter,1,-2.0,2024-06-10T17:24:29+00:00,2024-06-10T17:24:29+00:00
TheMrCeeJ,3,87.33333333333333,2024-06-01T11:31:22+00:00,2024-06-01T15:42:25+00:00
nnc-evil-the-cat,1,134.0,2024-06-01T11:06:22+00:00,2024-06-01T11:06:22+00:00
Jubaa_99,2,25.0,2024-06-01T09:31:11+00:00,2024-06-01T09:45:42+00:00
devicer2,1,23.0,2024-06-01T11:39:51+00:00,2024-06-01T11:39:51+00:00
Extension-Dirt9139,2,12.0,2024-06-01T13:52:40+00:00,2024-06-01T13:53:26+00:00
Cultural_Ad9757,2,27.5,2024-06-01T09:24:46+00:00,2024-06-01T11:18:08+00:00
Immediate_Ad8636,1,44.0,2024-06-01T11:33:45+00:00,2024-06-01T11:33:45+00:00
bobajob2000,1,10.0,2024-06-01T12:36:18+00:00,2024-06-01T12:36:18+00:00
BlackOverlordd,1,8.0,2024-06-01T17:59:40+00:00,2024-06-01T17:59:40+00:00
elaguafria,2,6.0,2024-06-01T20:23:16+00:00,2024-06-01T21:07:02+00:00
Best_Preference7373,4,3.5,2024-06-01T12:13:11+00:00,2024-06-01T13:52:04+00:00
ScottTsukuru,1,7.0,2024-06-01T12:14:49+00:00,2024-06-01T12:14:49+00:00
Informal-Lock-7184,3,2.0,2024-06-01T19:23:02+00:00,2024-06-01T23:20:08+00:00
nibbynib,2,2.0,2024-06-01T19:25:37+00:00,2024-06-02T21:08:55+00:00
mr__tap,1,3.0,2024-06-01T20:19:28+00:00,2024-06-01T20:19:28+00:00
Glittering_Cheek5644,1,3.0,2024-06-03T17:53:03+00:00,2024-06-03T17:53:03+00:00
xeno-dwarf,1,2.0,2024-06-01T14:01:37+00:00,2024-06-01T14:01:37+00:00
TemptFate17,1,2.0,2024-06-01T18:54:53+00:00,2024-06-01T18:54:53+00:00
Papa_Johns_12_Inch,1,1.0,2024-06-01T21:17:18+00:00,2024-06-01T21:17:18+00:00
Time_Cap3515,1,1.0,2024-06-02T08:42:41+00:00,2024-06-02T08:42:41+00:00
Dismal_Librarian_635,1,1.0,2024-06-02T08:53:04+00:00,2024-06-02T08:53:04+00:00
Secret-Pickle-791,1,1.0,2024-06-02T15:40:55+00:00,2024-06-02T15:40:55+00:00
Prestigious-Tower349,1,1.0,2024-06-03T09:40:40+00:00,2024-06-03T09:40:40+00:00
Antique-Tie6199,3,1.3333333333333333,2024-06-04T17:58:13+00:00,2024-04-24T14:54:28+00:00
Ok_Heart_7193,1,-10.0,2024-06-01T12:12:59+00:00,2024-06-01T12:12:59+00:00
Strong_Star_71,1,23.0,2024-06-01T12:42:11+00:00,2024-06-01T12:42:11+00:00
XxHostagexX,2,12.0,2024-06-01T14:12:38+00:00,2024-06-01T14:28:53+00:00
rob_matic,2,3.0,2024-06-01T20:59:31+00:00,2024-06-01T20:48:24+00:00
Alarmed-Attention-77,1,3.0,2024-06-02T15:29:58+00:00,2024-06-02T15:29:58+00:00
Salt_Inspector_641,3,-9.0,2024-06-01T16:34:39+00:00,2024-06-03T07:05:03+00:00
ross999123,1,5.0,2024-06-01T11:34:19+00:00,2024-06-01T11:34:19+00:00
Spiritual-Luck9032,2,5.5,2024-06-01T09:31:35+00:00,2024-06-01T09:53:56+00:00
The_Bunglenator,1,6.0,2024-06-01T18:24:09+00:00,2024-06-01T18:24:09+00:00
Fine-Assist6368,1,15.0,2024-06-01T13:11:59+00:00,2024-06-01T13:11:59+00:00
snahtanoj,1,18.0,2024-06-01T13:19:50+00:00,2024-06-01T13:19:50+00:00
Interesting_Rain9533,1,3.0,2024-06-01T12:32:20+00:00,2024-06-01T12:32:20+00:00
OkChocolate4829,3,1.6666666666666667,2024-06-02T16:11:17+00:00,2024-06-02T15:55:01+00:00
WeirdestWolf,1,2.0,2024-06-02T00:12:03+00:00,2024-06-02T00:12:03+00:00
Aurorasd,1,20.0,2024-06-01T13:56:54+00:00,2024-06-01T13:56:54+00:00
alloisdavethere,1,4.0,2024-06-01T20:32:42+00:00,2024-06-01T20:32:42+00:00
Open_Cloud2484,2,-14.0,2024-06-01T14:21:12+00:00,2024-06-01T14:30:43+00:00
Dactrius179,4,5.25,2024-06-01T18:30:59+00:00,2024-06-03T11:20:00+00:00
AccomplishedFactor70,1,1.0,2024-06-05T21:15:45+00:00,2024-06-05T21:15:45+00:00
jusooz,1,1.0,2024-06-01T15:28:49+00:00,2024-06-01T15:28:49+00:00
Issui,1,-15.0,2024-06-01T20:58:45+00:00,2024-06-01T20:58:45+00:00
unitled,1,5.0,2024-06-02T09:36:05+00:00,2024-06-02T09:36:05+00:00
GEOtrekking,1,19.0,2024-05-26T02:13:11+00:00,2024-05-26T02:13:11+00:00
Automatic_Career_211,1,1.0,2024-05-27T00:23:02+00:00,2024-05-27T00:23:02+00:00
TWOITC,1,-2.0,2024-05-26T07:01:14+00:00,2024-05-26T07:01:14+00:00
Striking-Giraffe5922,1,-3.0,2024-05-26T06:17:54+00:00,2024-05-26T06:17:54+00:00
whoopinpigeon,1,7.0,2024-05-26T07:06:42+00:00,2024-05-26T07:06:42+00:00
usefuledge2,1,6.0,2024-05-26T06:30:28+00:00,2024-05-26T06:30:28+00:00
Extreme-Dream-2759,1,2.0,2024-05-26T10:22:55+00:00,2024-05-26T10:22:55+00:00
jarofgreen,1,1.0,2024-05-26T11:55:41+00:00,2024-05-26T11:55:41+00:00
89ElRay,2,25.0,2024-05-14T19:50:31+00:00,2024-05-14T19:53:57+00:00
mantolwen,2,13.0,2024-05-14T23:09:57+00:00,2024-05-15T08:16:06+00:00
PossibilityNo7912,3,9.0,2024-05-14T20:08:47+00:00,2024-05-15T08:43:44+00:00
cami-kazee89,1,9.0,2024-05-14T23:21:42+00:00,2024-05-14T23:21:42+00:00
No-Secret-1355,2,-0.5,2024-05-14T21:25:53+00:00,2024-05-14T21:35:06+00:00
giganticbuzz,5,-0.6,2024-05-14T21:48:22+00:00,2024-05-15T12:16:25+00:00
mynameisseann,1,1.0,2024-05-16T01:12:29+00:00,2024-05-16T01:12:29+00:00
Thats-right999,4,1.5,2024-05-15T06:29:33+00:00,2024-04-19T21:29:46+00:00
domhnalldubh3pints,1,-11.0,2024-05-14T21:16:09+00:00,2024-05-14T21:16:09+00:00
PropertyConfident19,14,0.5,2024-05-15T19:23:59+00:00,2024-05-19T13:52:18+00:00
ornulu422,34,7.588235294117647,2024-05-14T19:53:30+00:00,2024-05-15T12:21:44+00:00
aitorbk,6,1.1666666666666667,2024-05-15T07:28:17+00:00,2024-04-23T19:53:05+00:00
brexit_britain,1,1.0,2024-05-15T05:39:03+00:00,2024-05-15T05:39:03+00:00
EntertainmentBasic42,1,14.0,2024-05-15T06:41:24+00:00,2024-05-15T06:41:24+00:00
Donaldo1977,1,8.0,2024-05-14T20:01:26+00:00,2024-05-14T20:01:26+00:00
thelazyfool,3,1.0,2024-05-15T08:46:52+00:00,2024-05-15T10:14:47+00:00
A_Mac1998,1,19.0,2024-05-15T06:59:54+00:00,2024-05-15T06:59:54+00:00
Teh_Bosch,3,1.3333333333333333,2024-05-15T14:53:34+00:00,2024-05-15T21:57:42+00:00
AnnPerkinsTraeger,1,9.0,2024-05-13T18:41:58+00:00,2024-05-13T18:41:58+00:00
gingerpheonix,1,7.0,2024-05-13T19:30:30+00:00,2024-05-13T19:30:30+00:00
square-sausage-roll,1,1.0,2024-05-13T23:34:45+00:00,2024-05-13T23:34:45+00:00
Velvy71,1,4.0,2024-05-11T10:59:11+00:00,2024-05-11T10:59:11+00:00
LysolDogBird,1,1.0,2024-05-11T10:58:57+00:00,2024-05-11T10:58:57+00:00
Acceptable_Hope_6475,2,5.0,2024-05-03T13:45:35+00:00,2024-05-03T16:59:06+00:00
Bilboo_Baggins,2,2.5,2024-05-03T15:21:12+00:00,2024-05-03T16:44:48+00:00
vivalanation734,1,4.0,2024-05-03T13:16:07+00:00,2024-05-03T13:16:07+00:00
__Alyosha__,1,2.0,2024-05-04T08:03:11+00:00,2024-05-04T08:03:11+00:00
Appelci,1,2.0,2024-05-03T17:30:12+00:00,2024-05-03T17:30:12+00:00
doitforthecloud,1,5.0,2024-05-03T16:32:35+00:00,2024-05-03T16:32:35+00:00
RiskyBiscuits150,1,1.0,2024-05-03T16:54:57+00:00,2024-05-03T16:54:57+00:00
BenskiBoi,1,1.0,2024-04-24T09:02:26+00:00,2024-04-24T09:02:26+00:00
coalchester,4,2.75,2024-04-24T08:24:59+00:00,2024-04-23T18:00:15+00:00
Stubbs94,2,11.0,2024-04-23T18:57:54+00:00,2024-04-23T18:57:14+00:00
SerozshaB,1,16.0,2024-04-23T17:53:14+00:00,2024-04-23T17:53:14+00:00
zappityzapzap,1,1.0,2024-04-30T23:36:35+00:00,2024-04-30T23:36:35+00:00
typhoneus,2,6.0,2024-04-23T22:32:15+00:00,2024-04-24T16:33:13+00:00
InsideBoris,1,6.0,2024-04-23T19:35:35+00:00,2024-04-23T19:35:35+00:00
Roath_Ravers,1,17.0,2024-04-19T20:59:06+00:00,2024-04-19T20:59:06+00:00
sentilenti,2,1.0,2024-07-23T21:23:19+00:00,2024-08-06T11:15:50+00:00
tamboz3,2,1.0,2024-08-06T09:35:58+00:00,2024-08-07T10:00:42+00:00
Celtic_Viking47,1,36.0,2024-04-19T02:22:22+00:00,2024-04-19T02:22:22+00:00
Psychological_Bee_93,1,5.0,2024-04-19T09:38:05+00:00,2024-04-19T09:38:05+00:00
anthelmintic145,1,3.0,2024-04-19T13:15:29+00:00,2024-04-19T13:15:29+00:00
polly_polly,3,0.0,2024-04-19T20:29:50+00:00,2024-04-19T20:26:55+00:00
philomathie,1,0.0,2024-04-19T15:19:28+00:00,2024-04-19T15:19:28+00:00
drgs100,1,16.0,2024-04-17T12:19:34+00:00,2024-04-17T12:19:34+00:00
Rerererereading,2,29.0,2024-04-17T09:23:46+00:00,2024-04-17T10:32:47+00:00
NectarineTough8613,1,15.0,2024-04-17T09:32:29+00:00,2024-04-17T09:32:29+00:00
dustyfaxman,2,12.0,2024-04-17T10:42:44+00:00,2024-04-17T10:36:22+00:00
theinvalid,1,3.0,2024-04-17T16:13:10+00:00,2024-04-17T16:13:10+00:00
SnooKiwis3208,1,4.0,2024-04-17T10:13:15+00:00,2024-04-17T10:13:15+00:00
CrystalOcean39,2,1.0,2024-04-17T13:39:27+00:00,2024-04-18T19:25:07+00:00
TheFirstMinister,1,2.0,2024-04-18T05:07:31+00:00,2024-04-18T05:07:31+00:00
TopHatMikey,1,7.0,2024-04-16T09:06:27+00:00,2024-04-16T09:06:27+00:00
Rudolfred99,1,5.0,2024-04-16T09:39:12+00:00,2024-04-16T09:39:12+00:00
ixicrom,1,2.0,2024-04-16T14:03:47+00:00,2024-04-16T14:03:47+00:00
aplraven,1,2.0,2024-04-16T15:52:44+00:00,2024-04-16T15:52:44+00:00
justmebeingmehere,1,2.0,2024-04-17T08:50:22+00:00,2024-04-17T08:50:22+00:00
s4nctu4ry,4,1.25,2024-04-16T09:42:34+00:00,2024-04-17T09:01:56+00:00
