Id,Label,avg_sentiment,avg_score,comment_count
rustygold82,rustygold82,-0.2259,1.5,2
MrNippyNippy,MrNippyNippy,0.6808,3.0,1
Few-Measurement3491,Few-Measurement3491,0.9843,1.0,1
Another_Valkyrie,Another_Valkyrie,0.1531,11.0,1
Pristine_Ad7297,Pristine_Ad7297,0.9851,5.0,2
Maleficent-Buddy-124,Maleficent-Buddy-124,0.9595,1.0,1
EntertainmentBasic42,EntertainmentBasic42,0.0,14.0,1
CraigJDuffy,CraigJDuffy,0.08814666666666666,6.133333333333334,15
Garrus7,Garrus7,0.0,1.0,1
CardVarious4367,CardVarious4367,0.9606,1.0,1
cockatootattoo,cockatootattoo,0.2469,2.0,1
Retrosteve,Retrosteve,0.4464000000000001,2.0,3
nihilistic-bug00,nihilistic-bug00,0.698,1.0,1
Tentacled_Whisperer,Tentacled_Whisperer,-0.5719,18.0,1
Glittering_Cheek5644,Glittering_Cheek5644,0.9013,3.0,1
estibunbun,estibunbun,0.39855,1.5,2
dario_sanchez,dario_sanchez,0.7506,3.0,1
OreoSpamBurger,OreoSpamBurger,0.48996666666666666,7.666666666666667,3
Current_Set9801,Current_Set9801,0.0,1.0,1
AlexPenname,AlexPenname,0.11319999999999997,1.3333333333333333,3
peepthewizard,peepthewizard,0.2732,8.0,1
Prestigious-Tower349,Prestigious-Tower349,0.803,1.0,1
Automatic-Apricot795,Automatic-Apricot795,0.0516,188.0,1
ross1771,ross1771,0.0,2.0,1
touristtam,touristtam,-0.07070000000000001,3.75,4
General_Praline_3226,General_Praline_3226,0.6697,3.0,1
Suspicious_Side8976,Suspicious_Side8976,0.34,-9.0,1
dustyfaxman,dustyfaxman,-0.2828,12.0,2
Due-Entertainer-2812,Due-Entertainer-2812,0.4019,1.0,1
The_1701,The_1701,0.128,13.0,1
FacetiousTomato,FacetiousTomato,-0.1027,2.0,1
Substantial_Dot7311,Substantial_Dot7311,0.4413666666666667,3.1666666666666665,12
snahtanoj,snahtanoj,-0.5574,18.0,1
farcetasticunclepig,farcetasticunclepig,0.0,-14.0,1
DJ_Firth,DJ_Firth,0.31845,1.0,2
nibbynib,nibbynib,0.1471,2.0,2
pjc50,pjc50,0.2013,8.0,1
uppennyhill,uppennyhill,0.3046,2.0,1
Vinny-Ed,Vinny-Ed,0.8442,2.0,1
Pale-Management-7037,Pale-Management-7037,-0.10015,5.5,2
k3nn3h,k3nn3h,0.2581,0.0,5
Gravyboat8899,Gravyboat8899,0.47235000000000005,1.0,2
nReasonable_,nReasonable_,0.0,1.0,1
Silent-Dog708,Silent-Dog708,0.0,0.0,1
nnc-evil-the-cat,nnc-evil-the-cat,0.2023,134.0,1
DNSFRD69,DNSFRD69,-0.624,116.0,1
ZombieFrankSinatra,ZombieFrankSinatra,0.2059,0.5,2
sqnch,sqnch,0.8162,2.0,1
bendan99,bendan99,0.9451,2.0,1
Deviantmonster,Deviantmonster,0.3612,3.0,1
ross999123,ross999123,-0.5707,5.0,1
somhairle1917,somhairle1917,0.7251,25.333333333333332,3
Ok-Shelter5820,Ok-Shelter5820,0.7506,13.0,1
corporategiraffe,corporategiraffe,0.0,2.0,1
Kingofmostthings,Kingofmostthings,0.1448888888888889,11.88888888888889,9
FumbleMyEndzone,FumbleMyEndzone,0.0,7.0,1
TheFugitiveSock,TheFugitiveSock,0.28555,8.5,2
SimpelLanguages,SimpelLanguages,0.5195,2.5,2
calathearose,calathearose,-0.03544999999999998,2.25,4
aea99,aea99,0.13273333333333334,1.6666666666666667,3
chuckleh0und,chuckleh0und,-0.897,1.0,1
minceround4tea,minceround4tea,-0.8634,6.0,1
Celtic_Viking47,Celtic_Viking47,0.9001,36.0,1
FureiousPhalanges,FureiousPhalanges,0.0,2.0,1
KabooshWasTaken,KabooshWasTaken,-0.5423,9.0,1
TemptFate17,TemptFate17,0.0,2.0,1
Budget-Werewolf3195,Budget-Werewolf3195,0.0,1.0,1
Ok_Pay5102,Ok_Pay5102,0.0,1.0,1
43103,43103,0.7675,473.0,1
fergal777,fergal777,-0.0191,1.0,1
-TwiiX-,-TwiiX-,-0.4628333333333334,2.0,3
SpeakerFine6058,SpeakerFine6058,0.20135000000000003,10.5,2
Agitated_Nature_5977,Agitated_Nature_5977,0.8405999999999999,2.6666666666666665,3
domhnalldubh3pints,domhnalldubh3pints,0.0,-11.0,1
PF_tmp,PF_tmp,0.0533,10.5,2
mr__tap,mr__tap,0.811,3.0,1
Phinny55,Phinny55,0.6808,1.0,1
boiled_leeks,boiled_leeks,0.21614999999999998,9.666666666666666,6
crimson_basser,crimson_basser,0.5471666666666667,1.0,12
ske66,ske66,0.0,1.0,1
ixicrom,ixicrom,-0.4019,2.0,1
hello-rosie,hello-rosie,-0.24295,1.5,2
Kratos_BOY,Kratos_BOY,0.6712,5.0,1
Psychological_Bee_93,Psychological_Bee_93,0.0,5.0,1
Vitcee1,Vitcee1,0.4861285714285714,-1.1428571428571428,7
Token_Singh,Token_Singh,0.6486,9.0,1
Fiona65682,Fiona65682,0.3818,1.0,1
mantolwen,mantolwen,0.67825,13.0,2
DAZBCN,DAZBCN,-0.3291,1.0,1
adventures_in_dysl,adventures_in_dysl,0.17606666666666662,8.666666666666666,3
Bramsstrahlung,Bramsstrahlung,-0.2263,14.0,1
dleoghan,dleoghan,-0.29635,9.0,2
PersonalityOld8755,PersonalityOld8755,0.27435,14.5,2
Immediate_Ad8636,Immediate_Ad8636,-0.4767,44.0,1
Stubbs94,Stubbs94,0.1591,11.0,2
Zealousideal_Ring452,Zealousideal_Ring452,0.5773,11.0,1
Rudolfred99,Rudolfred99,-0.5709,5.0,1
BigBaker420,BigBaker420,0.9218,1.0,1
Solsbeary,Solsbeary,0.0,3.0,1
blindinglights29,blindinglights29,-0.07822500000000003,4.5,4
AdviceHefty4561,AdviceHefty4561,0.7269,7.0,1
KodiakVladislav,KodiakVladislav,0.8625,2.0,1
sprazcrumbler,sprazcrumbler,0.14002499999999998,2.5,8
Sensitive_Box55,Sensitive_Box55,0.69288,0.8,5
tomatohooover,tomatohooover,-0.6486,1.0,1
netzure,netzure,0.07716666666666668,48.666666666666664,3
Cassie-aaah,Cassie-aaah,0.128,15.0,1
Wirralgir1,Wirralgir1,0.8555,3.0,1
elaguafria,elaguafria,0.6802,6.0,2
laidbackpurple,laidbackpurple,-0.2023,58.0,1
Dismal-Reward-5177,Dismal-Reward-5177,0.4144,1.0,2
missfoxsticks,missfoxsticks,0.3196857142857143,7.571428571428571,7
xeno-dwarf,xeno-dwarf,0.0,2.0,1
Necessary-Run6518,Necessary-Run6518,0.3639333333333333,2.0,3
kookamooka,kookamooka,0.27064285714285713,5.857142857142857,7
PM_ME_UR_SMILE_PLIZ,PM_ME_UR_SMILE_PLIZ,0.6369,1.0,1
Electronic_Cookie779,Electronic_Cookie779,0.7096,1.0,1
devandroid99,devandroid99,0.0,241.0,1
FactCheckYou,FactCheckYou,0.33525,1.5,2
butwhatsmyname,butwhatsmyname,-0.9583,13.0,1
Varya55,Varya55,0.7603,0.5,2
admiralross2400,admiralross2400,0.5719,3.0,1
FanWrite,FanWrite,0.23942857142857146,4.571428571428571,7
canistillbegarth95,canistillbegarth95,0.31142,-4.0,5
KitchenFree7651,KitchenFree7651,-0.2254666666666667,7.333333333333333,3
--cheese--,--cheese--,0.4939,16.0,1
BeachtimeRhino,BeachtimeRhino,0.7579,27.0,1
Nanami-Nyan,Nanami-Nyan,0.17992499999999997,1.75,4
superhoops,superhoops,0.0,1.0,1
AnAlbannaichRigh,AnAlbannaichRigh,0.43805,1.5,2
maza1980,maza1980,0.3612,4.0,1
Sburns85,Sburns85,0.0,7.0,1
Apprehensive_Swim366,Apprehensive_Swim366,-0.3548,23.0,2
Thats-right999,Thats-right999,0.017125,1.5,4
Nearby-Internal3650,Nearby-Internal3650,0.0,2.0,1
Big_Red12,Big_Red12,0.17031000000000002,8.7,10
lenin1921,lenin1921,0.6597,2.0,1
Sad-Olive-158,Sad-Olive-158,0.291,5.166666666666667,6
One_Understanding603,One_Understanding603,0.5719,1.0,1
daleash84,daleash84,-0.6697,1.0,1
capt_avocado,capt_avocado,0.2997,3.5,2
No-Secret-1355,No-Secret-1355,-0.0286,-0.5,2
alloisdavethere,alloisdavethere,-0.6249,4.0,1
PurchaseDry9350,PurchaseDry9350,-0.07555,24.0,4
l_sch,l_sch,0.72295,12.0,2
Comfortable-Act5473,Comfortable-Act5473,-0.3882,3.5,2
Er1nf0rd61,Er1nf0rd61,0.9186,2.0,1
RebellioniteV2,RebellioniteV2,0.0,1.0,1
Manicmine1969,Manicmine1969,0.0,1.0,1
caesarportugal,caesarportugal,0.7177,14.0,2
Ambitious_Item_2489,Ambitious_Item_2489,0.9726,1.0,1
theirleftshoe,theirleftshoe,0.8652,1.0,1
Valuable-Wallaby-167,Valuable-Wallaby-167,0.28364,7.6,5
Otherwise-Run-4180,Otherwise-Run-4180,0.4404,8.0,1
ghostofkilgore,ghostofkilgore,0.7932,8.0,1
FladScot,FladScot,0.61395,7.0,2
spookygayalexx,spookygayalexx,0.4199,1.0,1
Either_Classic9159,Either_Classic9159,-0.7579,1.0,1
GuanacoLunch,GuanacoLunch,0.128,3.0,1
Informal-Guidance-59,Informal-Guidance-59,0.6499,2.0,1
thebounce42,thebounce42,0.7443,12.0,1
NotOnYerNelly,NotOnYerNelly,0.15686,14.6,5
r0bot5,r0bot5,0.872,-3.0,1
808jammin,808jammin,-0.6597,0.0,1
Salvonamusic,Salvonamusic,0.21619999999999998,1.3333333333333333,3
joyeuxtahi,joyeuxtahi,0.705,2.0,1
justmebeingmehere,justmebeingmehere,0.9812,2.0,1
IllustratorHot4169,IllustratorHot4169,-0.8859,1.0,1
Mertyns,Mertyns,0.6478,2.0,1
CarrotTraditional739,CarrotTraditional739,0.7966,1.0,1
Distinct_Winner_3654,Distinct_Winner_3654,0.0,1.0,1
lawlg,lawlg,0.2064,1.5,2
Dirty-Hyena,Dirty-Hyena,-0.079,-3.0,1
SpacecraftX,SpacecraftX,-0.1027,1.0,1
HeriotAbernethy,HeriotAbernethy,0.41724285714285714,3.142857142857143,7
dwg-87,dwg-87,0.02124999999999999,-0.14285714285714285,14
spookyleither,spookyleither,0.5859,1.0,1
Kenobiismycatsname,Kenobiismycatsname,-0.4767,17.0,1
OptionalQuality789,OptionalQuality789,-0.114,19.5,2
dynamite100000000,dynamite100000000,-0.1007,1.0,1
Wombles,Wombles,0.0,31.0,1
whiskylover86,whiskylover86,0.3182,4.0,1
WiSH-Dumain,WiSH-Dumain,-0.0516,31.0,1
Minimum-Persimmon-64,Minimum-Persimmon-64,0.5231833333333334,0.0,6
Aurorasd,Aurorasd,0.0772,20.0,1
Melodic_Case_753,Melodic_Case_753,-0.29355,0.0,2
DINNERTIME_CUNT,DINNERTIME_CUNT,0.0,2.0,1
CameronWS,CameronWS,0.31760000000000005,1.25,4
vivalanation734,vivalanation734,0.0,4.0,1
waywardwixy,waywardwixy,-0.706,2.0,2
Ok_Veterinarian_7952,Ok_Veterinarian_7952,-0.3491,1.0,1
PureCrookedRiverBend,PureCrookedRiverBend,-0.1007,7.0,1
chamchofy,chamchofy,0.0516,-8.0,1
lordfarquad10101,lordfarquad10101,0.296,1.0,1
FliXerock107,FliXerock107,0.3595,6.0,1
-s-o-c-k-,-s-o-c-k-,0.25,5.0,1
89ElRay,89ElRay,0.2294,25.0,2
daveyh420,daveyh420,0.2732,1.0,1
TwigletTree,TwigletTree,0.2732,3.0,1
Fine-Assist6368,Fine-Assist6368,0.4404,15.0,1
LeanderKu,LeanderKu,0.6588,8.0,1
Touch_My_Goat,Touch_My_Goat,0.0,-98.0,1
VisibleTart6849,VisibleTart6849,0.40204999999999996,1.5,4
Eabhal347,Eabhal347,0.47300000000000003,14.666666666666666,3
Illustrious-Froyo982,Illustrious-Froyo982,0.24009999999999998,6.0,3
NectarineTough8613,NectarineTough8613,0.0,15.0,1
Bilboo_Baggins,Bilboo_Baggins,0.425,2.5,2
nyxoh22,nyxoh22,-0.7096,1.0,1
Appelci,Appelci,0.547,2.0,1
bearlybearbear,bearlybearbear,0.0,7.666666666666667,3
Sonmii,Sonmii,0.7269,2.0,1
aitorbk,aitorbk,-0.14356666666666665,1.1666666666666667,6
ParanoidNarcissist2,ParanoidNarcissist2,0.2755,6.0,1
sirsheego,sirsheego,0.3612,4.0,1
sdfgsteve,sdfgsteve,0.9432,10.0,1
tubbytucker,tubbytucker,-0.02645,8.166666666666666,6
Faddy91,Faddy91,0.0,1.0,1
BarnabyBundlesnatch,BarnabyBundlesnatch,0.5106,10.0,1
westcoastfishingscot,westcoastfishingscot,-0.6808,21.0,1
CilariousHunt,CilariousHunt,-0.5499,15.0,1
frogssmell,frogssmell,0.2975,2.0,1
Dismal_Librarian_635,Dismal_Librarian_635,0.498,1.0,1
Papa_Johns_12_Inch,Papa_Johns_12_Inch,0.0258,1.0,1
BlackOverlordd,BlackOverlordd,-0.664,8.0,1
CaptainCymru,CaptainCymru,0.43735,5.0,2
Plastic_Tooth_3299,Plastic_Tooth_3299,0.0,2.0,1
JMWTurnerOverdrive,JMWTurnerOverdrive,0.2882461538461539,17.307692307692307,13
Sechzehn6861,Sechzehn6861,0.0,8.0,1
Constant-Ask370,Constant-Ask370,0.07293333333333334,-2.6666666666666665,3
Rather_Dashing,Rather_Dashing,-0.7178,2.0,1
Sadiezak,Sadiezak,0.4588,0.0,1
QuicketyQuack,QuicketyQuack,-0.296,6.0,1
Andidalo,Andidalo,-0.577,1.5,2
Meow-Pew-Pew,Meow-Pew-Pew,-0.8035,5.0,1
jobbyspanker,jobbyspanker,0.1085,2.0,2
pretty_gauche6,pretty_gauche6,0.12958333333333336,9.0,6
Common_Physics_1568,Common_Physics_1568,0.27953333333333336,2.3333333333333335,3
danatron1,danatron1,0.0,6.0,2
2shayyy,2shayyy,-0.0516,24.0,1
Jaraxo,Jaraxo,0.19143333333333334,5.0,3
TheIrishElbow,TheIrishElbow,0.7083,4.0,1
offitayenor,offitayenor,0.5145,2.0,1
Strong_Star_71,Strong_Star_71,0.3612,23.0,1
ChampagneBrokie,ChampagneBrokie,0.0772,1.0,1
cloud__19,cloud__19,0.2546785714285714,5.785714285714286,14
Normal_Human_4567,Normal_Human_4567,0.030157142857142865,0.8571428571428571,7
TheMechanic101,TheMechanic101,0.8016,20.0,1
ReturnoftheJ1zzEye,ReturnoftheJ1zzEye,0.4215,1.0,1
knockonce4fun,knockonce4fun,0.4767,2.0,1
Issui,Issui,0.504,-15.0,1
CuteProfessor3457,CuteProfessor3457,0.88495,-2.5,2
Metal_corrosion,Metal_corrosion,0.8699,1.0,1
Savage_Tech,Savage_Tech,0.4019,2.0,1
FakeAfterEight,FakeAfterEight,0.6966,1.0,1
luckykat97,luckykat97,0.21235000000000004,15.833333333333334,6
MonkeyPuzzles,MonkeyPuzzles,-0.46285,6.5,2
onetimeuselong,onetimeuselong,0.2023,50.0,1
Marquis_de_Dustbin,Marquis_de_Dustbin,-0.8689,22.0,1
IFEdinburghUK,IFEdinburghUK,0.8271,7.0,1
BeardBoy10,BeardBoy10,0.4389,3.0,1
A_Mac1998,A_Mac1998,-0.6956,19.0,1
iaincollins,iaincollins,0.7326999999999999,8.0,2
Informal-Lock-7184,Informal-Lock-7184,0.5521666666666667,2.0,3
john_454,john_454,0.3102333333333333,11.0,3
typhoneus,typhoneus,0.25485,6.0,2
janzjardinand,janzjardinand,0.6801,3.0,1
ilikeknowingthings-,ilikeknowingthings-,0.388925,1.0,8
philomathie,philomathie,-0.3612,0.0,1
MikeofMack,MikeofMack,0.0,1.0,1
Viconahopa,Viconahopa,0.85,2.0,1
porcupineporridge,porcupineporridge,0.24595,13.5,4
Osprenti,Osprenti,0.39102857142857145,11.142857142857142,7
MaeganLuv,MaeganLuv,0.8537,1.0,1
TruthfulCartographer,TruthfulCartographer,0.6902,1.0,2
moonGazerr,moonGazerr,0.934,1.0,1
New-Pin-3952,New-Pin-3952,-0.4019,1.0,1
WanderinGit,WanderinGit,0.0,22.0,1
madhandlez89,madhandlez89,-0.5088,23.0,2
Sin_nombre__,Sin_nombre__,0.4698333333333333,9.0,3
scottofscotia,scottofscotia,-0.2294,4.5,2
Easy_Significance_83,Easy_Significance_83,-0.5199,4.0,2
rexopolis-,rexopolis-,0.6572666666666667,1.3333333333333333,3
Regular-Froyo-2342,Regular-Froyo-2342,0.9652,2.0,1
anthelmintic145,anthelmintic145,0.9684,3.0,1
mr-rabbit-13,mr-rabbit-13,0.2717928571428571,3.4285714285714284,14
Ok_Brick_5806,Ok_Brick_5806,0.5857,13.5,2
Ok_Heart_7193,Ok_Heart_7193,-0.8978,-10.0,1
Tropical-Druid,Tropical-Druid,0.57735,1.0,2
mightyslacker,mightyslacker,0.422925,3.25,4
Common-Metal1746,Common-Metal1746,0.27143333333333336,1.6666666666666667,3
062876344,062876344,-0.1926,5.0,1
Grazza123,Grazza123,0.4748,7.0,1
mattjimf,mattjimf,0.3612,1.0,1
Boomdification,Boomdification,0.11315,1.5,2
Hostillian,Hostillian,0.0,3.0,1
Extension-Dirt9139,Extension-Dirt9139,-0.5345,12.0,2
SamH123,SamH123,0.5514,1.0,1
Dry-Pie2395,Dry-Pie2395,0.8979,8.0,1
FireFingers1992,FireFingers1992,0.1774,25.0,1
cami-kazee89,cami-kazee89,-0.296,9.0,1
thelazyfool,thelazyfool,0.6648333333333334,1.0,3
randomlyalex,randomlyalex,0.0772,3.0,1
Maleficent_Wash7203,Maleficent_Wash7203,0.11315,1.0,2
__Alyosha__,__Alyosha__,0.0,2.0,1
ElectronicBruce,ElectronicBruce,-0.13046666666666668,4.666666666666667,3
Busy-Dress9463,Busy-Dress9463,0.0,2.0,1
drgs100,drgs100,0.0,16.0,1
plights4aisomer,plights4aisomer,0.1862,7.333333333333333,3
HikerTom,HikerTom,-0.1027,3.0,1
ornulu422,ornulu422,0.06515588235294117,7.588235294117647,34
Famous_Champion_492,Famous_Champion_492,0.2732,54.0,1
FourEyedMatt,FourEyedMatt,0.5574,1.0,1
aberquine,aberquine,0.6188666666666666,5.0,3
160295,160295,0.0625,3.5,2
bobajob2000,bobajob2000,0.6708,10.0,1
kombuchalover420,kombuchalover420,0.0,-2.0,1
BabaMcBaba,BabaMcBaba,0.035449999999999995,30.0,2
kingboz,kingboz,-0.2263,6.0,1
Donaldbeag,Donaldbeag,0.3945,11.5,2
Donaldo1977,Donaldo1977,0.0,8.0,1
ShinAusra,ShinAusra,-0.5152,69.0,1
XxHostagexX,XxHostagexX,0.81515,12.0,2
kitknit81,kitknit81,0.6124,3.0,1
FreddyDeus,FreddyDeus,0.2755,3.0,1
keta_ro,keta_ro,0.148,1.5,2
Rajasj25,Rajasj25,0.4215,0.0,1
randombean,randombean,0.3182,3.0,1
Usual_Newt8791,Usual_Newt8791,0.21788000000000002,-2.0,5
Xenna11,Xenna11,-0.09165,0.0,2
SlippersParty2024,SlippersParty2024,-0.0395,29.0,2
InterestingBass6931,InterestingBass6931,0.59055,35.5,2
eoz,eoz,0.6808,2.0,1
polly_polly,polly_polly,-0.2536333333333333,0.0,3
OkChocolate4829,OkChocolate4829,0.5535333333333333,1.6666666666666667,3
knoxvi11ian,knoxvi11ian,0.0,147.0,1
descentbecomesafall,descentbecomesafall,-0.6908,17.0,1
itsmedee28,itsmedee28,-0.7263,30.0,1
Silent-Ad-756,Silent-Ad-756,0.4939,1.0,1
arethainparis,arethainparis,0.6294500000000001,9.0,2
AmphibianOk106,AmphibianOk106,0.07244999999999999,-19.0,2
Practical_Outcome771,Practical_Outcome771,0.0,4.0,1
GingerSnapBiscuit,GingerSnapBiscuit,-0.05162702702702702,2.675675675675676,37
Connell95,Connell95,0.5459999999999999,3.3333333333333335,6
Open_Cloud2484,Open_Cloud2484,0.4088,-14.0,2
SuperbPhase6944,SuperbPhase6944,0.7096,87.0,1
Rediturus_fuisse,Rediturus_fuisse,0.4438,2.0,1
zappityzapzap,zappityzapzap,0.73,1.0,1
Star-Anise0970,Star-Anise0970,0.431,1.0,1
alohabuilder,alohabuilder,0.3004,12.0,1
Ok_Parsley_4961,Ok_Parsley_4961,0.5256,2.0,1
Shogun88,Shogun88,-0.20095,51.0,2
-Xserco-,-Xserco-,-0.22245,-1.0,2
eyelash16,eyelash16,-0.7639,1.0,1
Even_Koala_4595,Even_Koala_4595,0.0,8.0,1
serpentandivy,serpentandivy,-0.5023,51.0,1
ClockworkPorpoise,ClockworkPorpoise,0.9566,2.5,2
Key-Main-2262,Key-Main-2262,0.8601,1.0,1
Helzibob,Helzibob,0.0,2.0,1
giganticbuzz,giganticbuzz,-0.39174,-0.6,5
Dactrius179,Dactrius179,0.19815,5.25,4
Betty_Swollockz_,Betty_Swollockz_,0.5762999999999999,1.6666666666666667,3
AlectoGaia,AlectoGaia,0.6525000000000001,6.0,2
always-weary-III,always-weary-III,0.0,1.0,1
Ok-Noise1837,Ok-Noise1837,0.5063368421052632,1.9473684210526316,19
mynameisseann,mynameisseann,0.4215,1.0,1
deju_,deju_,0.1449125,6.0,8
Ch3w84cc4,Ch3w84cc4,0.7574,1.0,1
harpistic,harpistic,0.17102857142857145,3.4285714285714284,14
TopHatMikey,TopHatMikey,0.0,7.0,1
FuzzBuket,FuzzBuket,0.06505999999999999,7.4,5
Lewis_ABD,Lewis_ABD,0.6249,1.0,1
Accomplished-Bed8906,Accomplished-Bed8906,0.8922,3.0,1
Shatthemovies,Shatthemovies,0.0,3.0,1
cockapoo-zoomies0219,cockapoo-zoomies0219,0.2003,1.0,1
sweatybullfrognuts,sweatybullfrognuts,-0.3182,5.0,1
RoundaboutRanger,RoundaboutRanger,0.1334,0.0,2
tamboz3,tamboz3,0.20995,1.0,2
madhatter989,madhatter989,0.09436666666666667,13.0,3
Roath_Ravers,Roath_Ravers,0.0,17.0,1
FeivelM,FeivelM,0.3182,8.0,1
Psychological-Arm844,Psychological-Arm844,-0.5719,7.0,1
Frequent-You369,Frequent-You369,-0.3071,2.0,1
zubeye,zubeye,0.1802875,7.375,8
fetchnatch,fetchnatch,0.0,13.0,1
otter_patrol,otter_patrol,0.923,1.0,1
Historical-Mix4837,Historical-Mix4837,0.7702333333333334,0.6666666666666666,3
Mammoth_Parfait7744,Mammoth_Parfait7744,0.17459166666666667,13.25,12
Sisarqua,Sisarqua,0.2124,3.0,1
Math-Hatter,Math-Hatter,0.2732,1.0,1
PropertyConfident19,PropertyConfident19,0.23759285714285716,0.5,14
AethersPhil,AethersPhil,-0.5719,4.0,1
crystalGwolf,crystalGwolf,0.14759999999999998,-0.2222222222222222,9
Iron_Hermit,Iron_Hermit,0.7003,7.0,1
aloe1420,aloe1420,0.81255,3.0,2
The_Bunglenator,The_Bunglenator,0.4705,6.0,1
termonszymra,termonszymra,0.3093,19.0,2
Neat_Tip_7943,Neat_Tip_7943,0.27463333333333334,1.2222222222222223,9
AggressiveGoGetter,AggressiveGoGetter,0.8783,0.5,2
IRegretCommenting,IRegretCommenting,-0.6868,2.0,1
Jubaa_99,Jubaa_99,0.5931500000000001,25.0,2
AccomplishedFactor70,AccomplishedFactor70,-0.1027,1.0,1
strawberryfairygal,strawberryfairygal,0.0,17.0,1
imaginecoolunsername,imaginecoolunsername,-0.03550000000000003,6.0,2
Mel0nFarmer,Mel0nFarmer,0.0,11.0,1
Internal-Ad-6810,Internal-Ad-6810,0.0,1.0,1
Soulfulmean,Soulfulmean,0.3642999999999999,7.333333333333333,3
SnooKiwis3208,SnooKiwis3208,-0.25,4.0,1
s4nctu4ry,s4nctu4ry,0.512025,1.25,4
hawk_wood16,hawk_wood16,-0.3089,13.0,1
R2-Scotia,R2-Scotia,0.23763333333333336,2.3333333333333335,3
Jumph96,Jumph96,0.2676083333333333,3.0,24
Fine-Camel-9836,Fine-Camel-9836,-0.3804,58.0,1
LeopardSignificant17,LeopardSignificant17,0.5106,1.0,1
theurbanjedi,theurbanjedi,0.0,1.0,1
Careful_Leading5410,Careful_Leading5410,0.7300249999999999,1.0,4
nbanbury,nbanbury,0.26696666666666663,-17.0,3
Parmarti,Parmarti,0.5574,14.0,1
Kirstemis,Kirstemis,0.6486,6.0,1
wild_penumbra,wild_penumbra,0.11216666666666665,6.333333333333333,3
PoopsMcGroots,PoopsMcGroots,0.8936,3.0,1
Fionnathos,Fionnathos,-0.1655,5.0,1
AppropriateBoard5155,AppropriateBoard5155,0.3818,1.0,1
DanielReddit26,DanielReddit26,0.5859,3.0,1
AnubissDarkling,AnubissDarkling,0.0,2.5,2
jasonpswan,jasonpswan,0.5859,65.0,1
Low-Hyena-7775,Low-Hyena-7775,-0.81,5.0,1
Tom_Alpha,Tom_Alpha,-0.1027,6.0,1
ScottTsukuru,ScottTsukuru,-0.68,7.0,1
Obi-Scone,Obi-Scone,0.4404,1.0,1
obake_ga_ippai,obake_ga_ippai,-0.0258,5.0,2
TranslatesToScottish,TranslatesToScottish,0.25749,8.6,10
Mindless_Bluebird_52,Mindless_Bluebird_52,0.9467,11.0,1
FlightHistorical2345,FlightHistorical2345,0.20995,-2.5,2
SerozshaB,SerozshaB,0.5994,16.0,1
eyewashemergency,eyewashemergency,-0.6249,13.0,1
thrungoli,thrungoli,-0.0572,9.0,1
glglglglgl,glglglglgl,0.597,2.0,1
spr148,spr148,0.10115,34.5,2
Effective-Plane-4146,Effective-Plane-4146,0.0,21.0,1
LJ359,LJ359,0.7751,1.0,1
chamomile_cockatoo,chamomile_cockatoo,0.0249,3.0,1
weedrinkawater,weedrinkawater,0.0,5.0,1
CollReg,CollReg,0.128,2.0,1
mellotronworker,mellotronworker,0.0,15.0,1
AdAsleep7329,AdAsleep7329,-0.3302,1.0,1
Slay_Zee,Slay_Zee,0.1551,7.0,1
CrispoClumbo,CrispoClumbo,-0.057074999999999994,13.5,4
FlamingTrollz,FlamingTrollz,-0.34,0.0,1
HibeesBounce,HibeesBounce,0.0,1.0,1
Spiritual-Luck9032,Spiritual-Luck9032,0.0,5.5,2
Murky-Income-400,Murky-Income-400,0.9724,1.0,1
Important-Plan-2571,Important-Plan-2571,0.0,5.0,1
omggcantfindusername,omggcantfindusername,0.0,3.5,2
Gc1981,Gc1981,0.0772,7.0,1
Cf15her,Cf15her,-0.4215,5.0,1
Independent_Tap_9130,Independent_Tap_9130,-0.3853,1.0,2
Apprehensive_Greens,Apprehensive_Greens,-0.1527,1.5,2
Agreeable88,Agreeable88,0.4215,5.0,1
LukeyHear,LukeyHear,0.0,1.0,1
FullNefariousness303,FullNefariousness303,0.734,29.5,2
spentland,spentland,0.0,5.0,1
cucklord40k,cucklord40k,-0.5423,43.0,1
BenskiBoi,BenskiBoi,-0.128,1.0,1
Seasick_YetDocked,Seasick_YetDocked,0.6808,5.0,1
DougalR,DougalR,0.020250000000000046,-9.5,2
jdog010,jdog010,0.0,3.0,1
Tumeni1959,Tumeni1959,0.0,0.0,1
devicer2,devicer2,0.9126,23.0,1
unitled,unitled,0.0,5.0,1
brexit_britain,brexit_britain,0.5106,1.0,1
cynicalveggie,cynicalveggie,-0.18495,6.0,2
TheMrCeeJ,TheMrCeeJ,0.2952,87.33333333333333,3
Rerererereading,Rerererereading,0.5403,29.0,2
Valuable_K,Valuable_K,0.34978,14.4,5
DrTorquemada,DrTorquemada,0.0,1.0,1
Existing-Delivery-79,Existing-Delivery-79,-0.1027,0.0,1
fredflatulent,fredflatulent,0.5512,62.0,1
spherical-chicken,spherical-chicken,0.4098,24.0,1
jamj-,jamj-,0.0,2.0,1
MassiveClusterFuck,MassiveClusterFuck,-0.08043333333333333,4.0,3
BurningVeal,BurningVeal,0.0,23.0,1
sjblack20,sjblack20,-0.3164,3.0,1
susanboylesvajazzle,susanboylesvajazzle,0.05795,4.5,2
Bobby-Dazzling,Bobby-Dazzling,0.2263,2.0,1
Top_Action_9765,Top_Action_9765,-0.15173333333333333,1.6666666666666667,3
InsideBoris,InsideBoris,0.765,6.0,1
jenkinsmi,jenkinsmi,-0.2321,1.0,1
HelpfulDoctor2645,HelpfulDoctor2645,0.0,1.0,1
The_Pulpiest_Fiction,The_Pulpiest_Fiction,0.5216,63.0,1
expert_internetter,expert_internetter,0.3612,-2.0,1
Bam-Skater,Bam-Skater,-0.228,-6.0,1
soup-monger,soup-monger,0.6542,-4.0,1
ABulkyBadger,ABulkyBadger,-0.34,9.0,1
Elcustardo,Elcustardo,0.7845,4.0,1
coalchester,coalchester,0.483475,2.75,4
R4vendarksky,R4vendarksky,0.7322,5.0,1
gus-here,gus-here,-0.4482,1.0,1
codenamecueball,codenamecueball,0.034187499999999996,13.375,8
mikey-forester,mikey-forester,0.0,2.0,1
Beautiful_Donkey_468,Beautiful_Donkey_468,0.498025,-1.0,4
x_odj_x,x_odj_x,0.25,1.0,1
VardaElentari86,VardaElentari86,-0.183,11.0,2
aplraven,aplraven,0.9434,2.0,1
Cinnamon-Dream,Cinnamon-Dream,-0.0258,75.0,1
SBfilmmaker,SBfilmmaker,0.6808,3.0,1
Drummk,Drummk,0.0516,7.0,1
Normveg,Normveg,0.7003,1.0,1
Time_Cap3515,Time_Cap3515,-0.1779,1.0,1
Neith-emwia,Neith-emwia,0.12855,14.0,2
Adventurous-Leave-88,Adventurous-Leave-88,0.17704999999999999,52.0,2
Duck_with_a_monocle,Duck_with_a_monocle,0.0,2.0,1
doitforthecloud,doitforthecloud,-0.1027,5.0,1
YeetingUpHills,YeetingUpHills,-0.8074,2.0,1
BoxAlternative9024,BoxAlternative9024,-0.1589,0.6666666666666666,3
timangus,timangus,0.4019,3.0,1
orangereddit,orangereddit,0.4939,3.0,1
blundermole,blundermole,0.41769285714285714,3.2142857142857144,14
SciencePlayful1128,SciencePlayful1128,-0.5859,2.0,1
StrawberryFront8128,StrawberryFront8128,0.4215,6.0,1
Ok-Kaleidoscope-2785,Ok-Kaleidoscope-2785,0.0,103.0,1
RiskyBiscuits150,RiskyBiscuits150,0.0,1.0,1
TheAmazingPikachu,TheAmazingPikachu,0.0,6.0,1
mustybingohall,mustybingohall,0.1027,1.0,1
purplepumkin99,purplepumkin99,0.0,-4.0,1
El_Scot,El_Scot,0.7254333333333333,3.0,3
RevolutionaryAd7694,RevolutionaryAd7694,0.6497,2.0,1
StormArlo,StormArlo,0.598025,1.25,4
Individual_Chain4108,Individual_Chain4108,0.7733,1.0,1
pvtcvincent,pvtcvincent,0.5739,2.0,1
pink_galaxy_,pink_galaxy_,0.7564,4.0,1
Vegetable-Waltz1458,Vegetable-Waltz1458,0.0,-1.0,1
HandyRoyd,HandyRoyd,0.6705,1.0,1
PossibilityNo7912,PossibilityNo7912,0.07383333333333333,9.0,3
Esensepsy,Esensepsy,-0.10579999999999995,99.5,2
Consistent-Tiger-775,Consistent-Tiger-775,0.4939,1.0,1
sjf011,sjf011,0.4404,1.0,1
CitizenoftheWorld-95,CitizenoftheWorld-95,-0.15573333333333333,0.0,3
CFDsForFun,CFDsForFun,0.4546,13.0,2
yakuzakid3k,yakuzakid3k,-0.017058333333333325,1.5833333333333333,12
u_WorkPhotosTeam,u_WorkPhotosTeam,0.743,3.0,1
Speysidegold,Speysidegold,0.8176,1.0,1
Interesting_Rain9533,Interesting_Rain9533,0.4588,3.0,1
rob_matic,rob_matic,0.39744999999999997,3.0,2
mpayne1987,mpayne1987,0.0,1.0,1
jusooz,jusooz,-0.7269,1.0,1
Antique-Tie6199,Antique-Tie6199,-0.7544333333333334,1.3333333333333333,3
GeekyGamer2022,GeekyGamer2022,0.2553,7.5,2
GMUTDMAGICBNG,GMUTDMAGICBNG,0.0,8.0,1
Whole_Measurement_97,Whole_Measurement_97,0.0,1.0,1
thehealingprocess,thehealingprocess,-0.5848,64.0,1
jopheza,jopheza,0.2983,3.5,2
SoftFirmHardware,SoftFirmHardware,0.5708,12.0,2
Pleasant-Following79,Pleasant-Following79,0.8331500000000001,2.0,2
DJCHOKEWANK,DJCHOKEWANK,0.9191,1.0,1
ccx123,ccx123,-0.0572,28.0,1
Apart_Agency_5219,Apart_Agency_5219,0.6705,5.0,1
NationalReputation85,NationalReputation85,0.5927,3.0,1
EngineeringOk5986,EngineeringOk5986,0.5927,6.0,1
SpoonieAB3,SpoonieAB3,0.0,1.0,1
lochcreran,lochcreran,0.0,0.0,1
bartyb0i,bartyb0i,-0.5423,1.0,1
Cultural_Ad9757,Cultural_Ad9757,0.28595,27.5,2
WarpedWilly,WarpedWilly,0.0,4.0,1
ultravires83,ultravires83,0.7003,1.0,1
PutTheDamnDogDown,PutTheDamnDogDown,0.7783,128.0,1
Unlikely_Project7443,Unlikely_Project7443,0.0,2.0,1
SuccessfulWeb737,SuccessfulWeb737,-0.25,-3.0,1
pureteckle,pureteckle,0.2202,5.0,2
Traditional_Youth_21,Traditional_Youth_21,0.4019,79.0,1
petroni_arbitri,petroni_arbitri,0.1585,3.0,1
therealverylightblue,therealverylightblue,0.0,28.0,1
DisplacedTeuchter,DisplacedTeuchter,0.4431,1.5,4
BasilBernstein,BasilBernstein,0.0,3.0,1
ga_syndrome,ga_syndrome,0.0,2.0,1
thesmu,thesmu,0.8316,4.0,1
ieya404,ieya404,0.5394,47.666666666666664,3
FootCheeseParmesan,FootCheeseParmesan,0.18565000000000004,4.0,2
Longtimelurker38,Longtimelurker38,0.13305,7.75,4
Normal-Basis9743,Normal-Basis9743,-0.5106,1.0,1
TwinkleToes333,TwinkleToes333,-0.3523,18.0,1
iamfunball,iamfunball,0.4497,1.0,1
jjw1998,jjw1998,0.57306,13.0,5
MapleHaggisNChips,MapleHaggisNChips,0.0,1.0,2
Best_Preference7373,Best_Preference7373,0.28165,3.5,4
Adventurous-Rub7636,Adventurous-Rub7636,0.489975,11.75,4
InterestingAd315,InterestingAd315,0.9647,1.0,1
Freckledlips19,Freckledlips19,0.0,1.0,1
TheFirstMinister,TheFirstMinister,-0.5563,2.0,1
ribenarockstar,ribenarockstar,-0.0772,2.0,1
Secret-Pickle-791,Secret-Pickle-791,-0.0516,1.0,1
Wolfpack9374,Wolfpack9374,0.9735,3.0,1
Organic-Werewolf-299,Organic-Werewolf-299,0.4215,1.0,1
Legitimate-Credit-82,Legitimate-Credit-82,0.8338,19.0,1
cashmakessmiles,cashmakessmiles,0.2263,12.0,1
mr_P0Opy_Butth0le,mr_P0Opy_Butth0le,-0.0258,5.0,1
AntiqueProfession522,AntiqueProfession522,-0.8357,17.0,1
Thin-Hearing4674,Thin-Hearing4674,0.8481,34.0,1
Dolly57,Dolly57,0.51654,7.0,5
joefife,joefife,0.2263,66.0,1
Federal-Ad574,Federal-Ad574,-0.7964,1.0,1
Snakatorium,Snakatorium,-0.14399999999999996,8.5,2
NoPersonality8673,NoPersonality8673,0.765,2.0,1
United-Syllabub-9914,United-Syllabub-9914,0.0,10.0,1
ferdia6,ferdia6,0.6498999999999999,10.2,5
lostintranslation767,lostintranslation767,0.7083,24.0,1
CartoonistNo9,CartoonistNo9,0.0,2.0,1
WeirdestWolf,WeirdestWolf,0.6124,2.0,1
CrystalOcean39,CrystalOcean39,-0.20685,1.0,2
Amphitrite227204,Amphitrite227204,0.0,7.0,1
quartersessions,quartersessions,-0.4019,5.0,1
Additional_Tone_2004,Additional_Tone_2004,-0.32785,8.0,2
Gecko5991,Gecko5991,0.29023333333333334,3.3333333333333335,3
Unidain,Unidain,0.21906666666666666,5.0,3
Locksmithbloke,Locksmithbloke,0.253575,1.0,4
OkGuess8425,OkGuess8425,0.83565,2.5,2
Pompadipompa,Pompadipompa,0.3595,12.0,1
MediumPeteWrigley,MediumPeteWrigley,0.8689,3.0,1
PossibleFun7711,PossibleFun7711,0.12209999999999999,2.6,5
lary-sa,lary-sa,0.8879,1.0,1
Relative-Radio-8629,Relative-Radio-8629,0.1491,2.0,1
MichealCorleonee,MichealCorleonee,-0.34,7.0,1
trufflesniffinpig,trufflesniffinpig,0.3016,3.0,1
foxitive29,foxitive29,-0.4365,1.0,1
theinvalid,theinvalid,0.0,3.0,1
Dr_Madthrust,Dr_Madthrust,-0.7783,-46.0,1
37025InvernessTMD,37025InvernessTMD,0.0,3.0,2
Gingerbeercatz,Gingerbeercatz,-0.7351,2.0,1
gottenluck,gottenluck,0.4588,8.0,1
Alarmed-Attention-77,Alarmed-Attention-77,0.7089,3.0,1
t90fan,t90fan,0.4877,17.0,1
smac2811,smac2811,-0.6239,1.0,1
Acceptable_Hope_6475,Acceptable_Hope_6475,0.39185,5.0,2
palinodial,palinodial,0.1779,1.0,1
Keios80,Keios80,0.0516,20.0,1
iFallOverSometimes,iFallOverSometimes,0.5988,4.0,1
chisox2020beyond,chisox2020beyond,0.4201,1.0,1
IdkWTFshOuLdIcAlL,IdkWTFshOuLdIcAlL,0.10546499999999999,6.3,20
Raventomb,Raventomb,-0.5719,2.0,1
lee_h2000,lee_h2000,0.9381,1.0,1
atascon,atascon,0.35485714285714287,15.714285714285714,7
Chance-Purpose-9652,Chance-Purpose-9652,0.68415,3.0,2
Teh_Bosch,Teh_Bosch,-0.03423333333333333,1.3333333333333333,3
sentilenti,sentilenti,0.5978,1.0,2
PlentyOfMoxie,PlentyOfMoxie,0.0,64.0,1
_schindlerscyst,_schindlerscyst,0.5859,2.0,1
Salt_Inspector_641,Salt_Inspector_641,0.025733333333333334,-9.0,3
Seal-teambravo,Seal-teambravo,-0.25,-2.0,1
Maximum-Mind,Maximum-Mind,0.0,1.0,1
New_Egg_25,New_Egg_25,0.4363,1.0,1
UberDaftie,UberDaftie,-0.1779,1.0,1
