date,mean,smoothed_mean
1993-01-04,-0.230726,-0.445896
1993-01-12,-0.303428,-0.466597
1993-01-19,-0.460243,-0.472719
1993-01-26,-0.599208,-0.454883
1993-02-01,-0.635877,-0.425817
1993-02-08,-0.570103,-0.428338
1993-02-16,-0.509445,-0.428794
1993-02-23,-0.330038,-0.424755
1993-03-02,-0.193289,-0.423003
1993-03-08,-0.253411,-0.420715
1993-03-15,-0.307533,-0.416704
1993-03-22,-0.42389,-0.408239
1993-03-30,-0.583445,-0.411499
1993-04-06,-0.615283,-0.443668
1993-04-13,-0.534001,-0.47749
1993-04-19,-0.433261,-0.515472
1993-04-26,-0.359379,-0.544253
1993-05-03,-0.482812,-0.556466
1993-05-11,-0.557807,-0.559747
1993-05-18,-0.649372,-0.562841
1993-05-24,-0.68292,-0.546611
1993-05-31,-0.693363,-0.531251
1993-06-07,-0.644804,-0.498515
1993-06-15,-0.561852,-0.452548
1993-06-22,-0.287191,-0.393139
1993-06-29,-0.221136,-0.351437
1993-07-05,-0.188187,-0.293704
1993-07-12,-0.14411,-0.219591
1993-07-19,-0.114689,-0.136523
1993-07-27,-0.307602,-0.064642
1993-08-03,-0.173768,0.014816
1993-08-10,0.022215,0.093328
1993-08-16,0.185758,0.158136
1993-08-23,0.359738,0.22751
1993-08-31,0.493991,0.32549
1993-09-07,0.518422,0.422177
1993-09-14,0.439158,0.524716
1993-09-20,0.509675,0.612009
1993-09-27,0.574225,0.680785
1993-10-04,0.696414,0.723814
1993-10-12,0.945068,0.740103
1993-10-19,0.971388,0.762411
1993-10-26,0.978725,0.764732
1993-11-01,0.881248,0.754807
1993-11-08,0.665026,0.74815
1993-11-15,0.63993,0.731467
1993-11-23,0.530564,0.720887
1993-11-30,0.484898,0.706377
1993-12-06,0.636503,0.671661
1993-12-13,0.794919,0.635179
1993-12-20,0.876173,0.602562
1993-12-28,0.848135,0.585275
1994-01-04,0.568798,0.557468
1994-01-11,0.336693,0.49542
1994-01-17,0.346374,0.387955
1994-01-24,0.374986,0.280191
1994-01-31,0.23463,0.19897
1994-02-08,0.078074,0.151417
1994-02-15,-0.172267,0.129488
1994-02-22,-0.093708,0.119635
1994-02-28,0.117154,0.100504
1994-03-07,0.140814,0.09393
1994-03-15,0.139334,0.106433
1994-03-22,0.257699,0.140996
1994-03-29,0.202803,0.162782
1994-04-04,0.175464,0.136272
1994-04-11,0.190604,0.091215
1994-04-18,0.138803,0.039357
1994-04-26,0.10236,-0.034707
1994-05-03,-0.121434,-0.088259
1994-05-10,-0.2647,-0.133853
1994-05-16,-0.327389,-0.158659
1994-05-23,-0.408872,-0.18098
1994-05-30,-0.279165,-0.212153
1994-06-07,-0.234888,-0.214465
1994-06-14,-0.032644,-0.195134
1994-06-21,-0.062088,-0.164696
1994-06-27,-0.178198,-0.1192
1994-07-04,-0.142242,-0.067783
1994-07-12,-0.090717,0.004878
1994-07-19,-0.053452,0.069166
1994-07-26,0.00059,0.148188
1994-08-01,0.183588,0.25167
1994-08-08,0.419064,0.363068
1994-08-15,0.54595,0.480752
1994-08-23,0.649111,0.596378
1994-08-30,0.753135,0.715792
1994-09-06,0.860346,0.822989
1994-09-12,0.968439,0.913866
1994-09-19,0.987181,1.010257
1994-09-26,1.075315,1.103744
1994-10-04,1.148356,1.177682
1994-10-11,1.236962,1.224587
1994-10-17,1.41347,1.253671
1994-10-24,1.490494,1.263125
1994-10-31,1.418578,1.259407
1994-11-08,1.282484,1.242869
1994-11-15,1.230202,1.237221
1994-11-22,1.072265,1.229078
1994-11-28,1.04185,1.197846
1994-12-05,0.999514,1.169396
1994-12-12,1.186136,1.131231
1994-12-20,1.340179,1.089607
1994-12-27,1.209404,1.085973
1995-01-03,1.162532,1.091333
1995-01-09,0.938995,1.071271
1995-01-16,0.855587,1.00437
1995-01-24,1.039559,0.90932
1995-01-31,1.090088,0.827553
1995-02-07,0.818961,0.76446
1995-02-13,0.58402,0.741384
1995-02-20,0.484734,0.715384
1995-02-27,0.4735,0.654819
1995-03-07,0.594692,0.58763
1995-03-14,0.731316,0.551455
1995-03-21,0.621582,0.54287
1995-03-27,0.494476,0.545636
1995-04-03,0.485391,0.527135
1995-04-10,0.493387,0.481206
1995-04-18,0.506749,0.427482
1995-04-25,0.509629,0.388914
1995-05-01,0.306995,0.385457
1995-05-08,0.181334,0.394379
1995-05-15,0.2478,0.395275
1995-05-23,0.274463,0.390804
1995-05-30,0.463369,0.361086
1995-06-06,0.565684,0.33908
1995-06-12,0.501456,0.329649
1995-06-19,0.466501,0.321963
1995-06-26,0.242169,0.331586
1995-07-04,0.108944,0.344051
1995-07-11,0.096453,0.359962
1995-07-18,0.178623,0.404608
1995-07-24,0.361076,0.467348
1995-07-31,0.57555,0.554165
1995-08-07,0.708886,0.672783
1995-08-15,0.903272,0.832272
1995-08-22,1.031158,1.021068
1995-08-28,1.023519,1.209949
1995-09-04,1.176509,1.36194
1995-09-11,1.531856,1.494113
1995-09-19,1.877781,1.583222
1995-09-26,2.061006,1.661265
1995-10-03,1.943471,1.7309
1995-10-09,1.898447,1.779868
1995-10-16,1.705248,1.804838
1995-10-23,1.733546,1.806916
1995-10-31,1.650235,1.795265
1995-11-07,1.617221,1.776739
1995-11-14,1.756586,1.755302
1995-11-20,1.896482,1.757762
1995-11-27,1.956148,1.760786
1995-12-12,1.726948,1.701922
1995-12-19,1.724927,1.61445
1995-12-25,1.757744,1.4861
1996-01-01,1.507411,1.346886
1996-01-08,1.28913,1.308014
1996-01-15,1.056808,1.216261
1996-01-22,0.869685,1.139629
1996-01-29,0.842431,1.051564
1996-02-05,0.997046,0.975056
1996-02-12,0.90117,0.906804
1996-02-19,1.035232,0.859674
1996-02-26,0.965159,0.850709
1996-03-04,0.818843,0.81893
1996-03-11,0.674866,0.742931
1996-03-18,0.632632,0.668389
1996-03-25,0.789002,0.580125
1996-04-01,0.556419,0.497991
1996-04-08,0.313057,0.442858
1996-04-15,0.230293,0.409644
1996-04-22,0.240856,0.394161
1996-04-29,0.225949,0.353914
1996-05-06,0.322644,0.340474
1996-05-13,0.375941,0.34408
1996-05-20,0.493286,0.346536
1996-05-27,0.426778,0.348235
1996-06-03,0.435463,0.364576
1996-06-10,0.345508,0.391227
1996-06-17,0.252399,0.443208
1996-06-24,0.256143,0.513534
1996-07-01,0.373026,0.5867
1996-07-08,0.562495,0.657227
1996-07-15,0.843775,0.732205
1996-07-22,1.126217,0.814086
1996-07-29,1.085272,0.880995
1996-08-05,1.070208,0.944846
1996-08-12,1.02031,1.002161
1996-08-19,0.98933,1.073306
1996-08-26,0.85832,1.156271
1996-09-02,0.947691,1.250817
1996-09-09,1.078329,1.358846
1996-09-16,1.484079,1.479302
1996-09-23,1.872902,1.611926
1996-09-30,1.936183,1.779673
1996-10-07,2.042472,1.951616
1996-10-14,2.10441,2.086184
1996-10-21,2.182947,2.158044
1996-10-28,2.368046,2.143998
1996-11-04,2.495177,2.106714
1996-11-11,2.289436,2.049541
1996-11-18,2.13082,1.942613
1996-11-25,1.746493,1.819541
1996-12-02,1.600624,1.681233
1996-12-09,1.527921,1.57949
1996-12-16,1.14205,1.444669
1996-12-23,1.075301,1.336105
1996-12-30,1.123275,1.265866
1997-01-07,1.210867,1.115481
1997-01-13,1.26231,1.084363
1997-01-20,1.184583,1.046106
1997-01-27,1.007629,1.013288
1997-02-04,0.917831,0.993553
1997-02-11,0.893107,0.953418
1997-02-17,0.769243,0.893983
1997-02-24,0.860732,0.853525
1997-03-03,0.83568,0.811907
1997-03-11,0.849644,0.776474
1997-03-18,0.727397,0.723037
1997-03-25,0.820465,0.682806
1997-03-31,0.633064,0.643092
1997-04-07,0.598934,0.629275
1997-04-14,0.41217,0.626126
1997-04-22,0.407166,0.634321
1997-04-29,0.503304,0.635924
1997-05-06,0.711335,0.645396
1997-05-12,0.821302,0.650365
1997-05-19,0.801148,0.660871
1997-05-27,0.834891,0.678172
1997-06-03,0.71831,0.700471
1997-06-10,0.643657,0.729976
1997-06-16,0.506728,0.770639
1997-06-23,0.562876,0.830926
1997-06-30,0.703994,0.89182
1997-07-08,0.976881,0.960683
1997-07-15,1.187262,1.050927
1997-07-22,1.343738,1.17391
1997-07-28,1.382933,1.308136
1997-08-04,1.338079,1.445316
1997-08-11,1.455855,1.582328
1997-08-19,1.61357,1.717477
1997-08-26,1.770908,1.842071
1997-09-02,1.938617,1.940711
1997-09-08,2.209988,2.037199
1997-09-15,2.403602,2.130521
1997-09-23,2.465082,2.223107
1997-09-30,2.270698,2.311101
1997-10-07,2.206472,2.387432
1997-10-13,2.295752,2.41304
1997-10-20,2.446841,2.380722
1997-10-27,2.562854,2.319642
1997-11-04,2.625593,2.255388
1997-11-11,2.440468,2.188773
1997-11-18,2.112738,2.114382
1997-11-24,1.915361,2.019593
1997-12-01,1.692408,1.91807
1997-12-08,1.606941,1.804339
1997-12-16,1.626229,1.706114
1997-12-23,1.593742,1.644691
1997-12-29,1.64915,1.600591
1998-01-05,1.602018,1.570699
1998-01-12,1.55644,1.549402
1998-01-20,1.55993,1.511094
1998-01-27,1.518458,1.475243
1998-02-03,1.423388,1.42525
1998-02-09,1.415268,1.382418
1998-02-16,1.281449,1.349512
1998-02-23,1.271091,1.304978
1998-03-03,1.199208,1.243452
1998-03-10,1.21653,1.193326
1998-03-17,1.260284,1.153212
1998-03-23,1.159125,1.131952
1998-03-30,0.964724,1.107431
1998-04-07,0.972253,1.085675
1998-04-14,1.054244,1.037756
1998-04-21,1.090111,0.960006
1998-04-27,1.050395,0.885588
1998-05-04,1.003412,0.836685
1998-05-11,0.785259,0.795302
1998-05-19,0.560527,0.758938
1998-05-26,0.489368,0.736496
1998-06-02,0.524599,0.729909
1998-06-08,0.5998,0.73698
1998-06-15,0.726969,0.755966
1998-06-22,0.888136,0.78505
1998-06-30,0.991108,0.817188
1998-07-07,1.067054,0.866397
1998-07-13,0.956139,0.924071
1998-07-20,0.822278,0.981776
1998-07-27,0.778608,1.034426
1998-08-04,0.967486,1.103851
1998-08-11,1.11886,1.176562
1998-08-18,1.246315,1.258003
1998-08-24,1.361991,1.344717
1998-08-31,1.615927,1.429476
1998-09-07,1.721455,1.507636
1998-09-15,1.689112,1.572732
1998-09-22,1.6027,1.636997
1998-09-29,1.541438,1.710147
1998-10-05,1.670926,1.747709
1998-10-12,1.704725,1.751761
1998-10-19,1.824704,1.737572
1998-10-27,2.020333,1.715042
1998-11-03,1.953986,1.707535
1998-11-09,1.757924,1.705006
1998-11-16,1.561414,1.701038
1998-11-23,1.39993,1.67998
1998-12-01,1.473873,1.627293
1998-12-08,1.648164,1.570165
1998-12-15,1.669015,1.527774
1998-12-21,1.635185,1.484593
1998-12-28,1.546144,1.427663
1999-01-04,1.439842,1.367521
1999-01-12,1.376397,1.318484
1999-01-19,1.17279,1.31598
1999-01-26,0.887564,1.300511
1999-02-01,0.932591,1.26351
1999-02-08,1.206827,1.21775
1999-02-16,1.646484,1.17085
1999-02-23,1.495961,1.158969
1999-03-02,1.213139,1.182055
1999-03-08,1.028003,1.204424
1999-03-15,0.954292,1.192412
1999-03-22,1.065864,1.119271
1999-03-30,1.095337,1.068249
1999-04-06,1.133911,1.039845
1999-04-13,1.098716,1.023763
1999-04-19,0.98822,1.003174
1999-04-26,1.036762,0.96194
1999-05-03,0.957503,0.923258
1999-05-11,0.88326,0.890652
1999-05-18,0.768997,0.856873
1999-05-24,0.694751,0.849254
1999-05-31,0.747199,0.83827
1999-06-07,0.840456,0.836803
1999-06-15,0.79471,0.851428
1999-06-22,0.919648,0.886225
1999-06-29,0.937903,0.938866
1999-07-05,0.944301,0.99734
1999-07-12,1.014884,1.064228
1999-07-19,1.082174,1.155412
1999-07-27,1.168519,1.251298
1999-08-03,1.273464,1.367659
1999-08-10,1.442449,1.463617
1999-08-16,1.61537,1.564569
1999-08-23,1.782621,1.682041
1999-08-31,1.985153,1.822251
1999-09-07,1.807923,1.969244
1999-09-14,1.923451,2.119206
1999-09-20,2.139416,2.248269
1999-09-27,2.430411,2.359236
1999-10-04,2.596402,2.423259
1999-10-12,2.79211,2.489844
1999-10-19,2.776937,2.545097
1999-10-26,2.781325,2.578109
1999-11-01,2.561356,2.579478
1999-11-08,2.407186,2.574922
1999-11-15,2.420725,2.54397
1999-11-23,2.436532,2.528994
1999-11-30,2.442732,2.497141
1999-12-06,2.555393,2.454089
1999-12-13,2.51354,2.420923
1999-12-20,2.642158,2.387927
1999-12-28,2.494643,2.367867
2000-01-03,2.173895,2.345681
2000-01-10,2.108692,2.281838
2000-01-17,2.123755,2.205453
2000-01-24,2.255994,2.120339
2000-01-31,2.243057,2.045985
2000-02-07,1.980803,1.991388
2000-02-14,1.826082,1.948563
2000-02-21,1.876131,1.916521
2000-02-28,1.825457,1.863689
2000-03-06,1.682524,1.811038
2000-03-13,1.723266,1.761843
2000-03-20,1.835374,1.720853
2000-03-27,1.780507,1.668923
2000-04-03,1.769197,1.613151
2000-04-10,1.538045,1.568074
2000-04-17,1.457173,1.509816
2000-04-24,1.408762,1.460645
2000-05-01,1.323511,1.432141
2000-05-08,1.276828,1.403066
2000-05-15,1.198945,1.384379
2000-05-22,1.392835,1.364523
2000-05-29,1.523972,1.3512
2000-06-05,1.507524,1.360706
2000-06-12,1.369862,1.39198
2000-06-19,1.278471,1.434043
2000-06-26,1.288849,1.455842
2000-07-03,1.409071,1.467724
2000-07-10,1.558291,1.505749
2000-07-17,1.577509,1.576437
2000-07-24,1.58903,1.663109
2000-07-31,1.630906,1.749317
2000-08-07,1.849752,1.814051
2000-08-14,2.006053,1.892906
2000-08-21,2.058516,2.006902
2000-08-28,2.064723,2.158076
2000-09-04,1.991676,2.318854
2000-09-11,2.267988,2.459205
2000-09-18,2.603472,2.569257
2000-09-25,2.949595,2.65428
2000-10-02,3.077909,2.737712
2000-10-09,3.112913,2.852379
2000-10-16,2.996524,2.939162
2000-10-23,2.823719,2.998759
2000-10-30,2.815611,3.01015
2000-11-06,3.023678,2.978446
2000-11-13,3.049038,2.916361
2000-11-20,3.139845,2.853002
2000-11-27,3.05211,2.810442
2000-12-04,2.792573,2.809796
2000-12-11,2.554153,2.772212
2000-12-18,2.426293,2.729329
2000-12-25,2.440676,2.668059
2001-01-01,2.723005,2.523601
2001-01-08,2.705975,2.476092
2001-01-16,2.649685,2.432452
2001-01-23,2.412373,2.386093
2001-01-30,2.276646,2.362425
2001-02-05,2.174082,2.321502
2001-02-12,2.077172,2.267158
2001-02-19,2.069804,2.199389
2001-02-27,2.173079,2.158615
2001-03-06,2.354703,2.13979
2001-03-12,2.216877,2.118326
2001-03-19,2.039766,2.095021
2001-03-26,2.045403,2.070494
2001-04-03,2.107226,2.029406
2001-04-10,1.980899,1.978636
2001-04-17,1.867429,1.949218
2001-04-23,1.849065,1.938824
2001-04-30,1.803288,1.926992
2001-05-07,1.897773,1.88702
2001-05-15,1.952117,1.850817
2001-05-22,1.946219,1.851619
2001-05-29,1.938916,1.887047
2001-06-04,1.747471,1.946799
2001-06-11,1.655074,2.013039
2001-06-19,1.874649,2.069921
2001-06-26,2.167917,2.130966
2001-07-03,2.341059,2.202769
2001-07-09,2.493932,2.299023
2001-07-16,2.464049,2.40165
2001-07-23,2.495627,2.473989
2001-07-31,2.58514,2.527264
2001-08-07,2.61376,2.599536
2001-08-14,2.578716,2.690207
2001-08-20,2.525701,2.806644
2001-08-27,2.647392,2.927424
2001-09-03,2.991508,3.036893
2001-09-11,3.30997,3.126886
2001-09-18,3.511985,3.205129
2001-09-24,3.582642,3.27698
2001-10-01,3.570361,3.36073
2001-10-08,3.423701,3.436998
2001-10-16,3.282898,3.485496
2001-10-23,3.172364,3.487973
2001-10-30,3.401141,3.451428
2001-11-05,3.677921,3.389504
2001-11-12,3.746456,3.38523
2001-11-19,3.534271,3.330285
2001-11-27,3.253744,3.302463
2001-12-04,3.013044,3.2436
2001-12-17,2.843342,2.994359
2001-12-24,2.949784,2.869119
2002-01-01,2.930235,2.778116
2002-01-08,2.860116,2.716648
2002-01-15,2.570336,2.696692
2002-01-21,2.532348,2.680236
2002-01-28,2.525726,2.654334
2002-02-04,2.521295,2.607529
2002-02-12,2.537047,2.553716
2002-02-19,2.69524,2.516958
2002-02-26,2.716663,2.466339
2002-03-04,2.508988,2.416369
2002-03-11,2.375805,2.357614
2002-03-18,2.239512,2.291199
2002-03-26,2.076778,2.201562
2002-04-02,2.075991,2.126314
2002-04-09,1.992505,2.084489
2002-04-15,1.939307,2.050295
2002-04-22,1.888509,2.006723
2002-04-30,2.03943,1.97267
2002-05-07,2.132565,1.939999
2002-05-14,2.068056,1.916034
2002-05-20,1.847363,1.913032
2002-05-27,1.770306,1.925407
2002-06-03,1.781946,1.915087
2002-06-11,1.776826,1.907354
2002-06-18,1.912286,1.919896
2002-06-25,1.999887,1.972155
2002-07-01,1.94655,2.066161
2002-07-08,2.062964,2.169186
2002-07-15,2.180935,2.280162
2002-07-23,2.317697,2.378415
2002-07-30,2.616356,2.473079
2002-08-05,2.709179,2.560346
2002-08-12,2.775606,2.656283
2002-08-19,2.796565,2.757325
2002-08-27,2.851859,2.83895
2002-09-03,2.731954,2.888736
2002-09-10,2.926398,2.94641
2002-09-16,3.090313,3.013977
2002-09-23,3.052322,3.105493
2002-09-30,3.064427,3.171437
2002-10-08,3.228248,3.213778
2002-10-15,3.383707,3.232258
2002-10-22,3.620207,3.238782
2002-10-28,3.445355,3.251467
2002-11-04,3.113026,3.250598
2002-11-12,3.092715,3.214676
2002-11-19,3.149028,3.155125
2002-11-26,3.166488,3.070825
2002-12-02,3.056608,2.997502
2002-12-09,2.904953,2.951917
2002-12-16,2.847745,2.89467
2002-12-24,2.861505,2.846176
2002-12-31,2.785447,2.814931
2003-01-07,2.702767,2.803888
2003-01-13,2.577491,2.800154
2003-01-20,2.712582,2.78484
2003-01-27,2.885279,2.739088
2003-02-04,2.957219,2.68868
2003-02-11,2.871347,2.641975
2003-02-17,2.70992,2.611139
2003-02-24,2.44974,2.565307
2003-03-03,2.331775,2.505932
2003-03-11,2.282426,2.439074
2003-03-18,2.299964,2.375986
2003-03-25,2.300094,2.310157
2003-03-31,2.350901,2.271042
2003-04-07,2.355499,2.248818
2003-04-14,2.303554,2.23832
2003-04-22,2.117458,2.228178
2003-04-29,2.097709,2.227544
2003-05-06,2.131756,2.205273
2003-05-12,2.187944,2.181863
2003-05-19,2.208688,2.160363
2003-05-27,2.294387,2.163723
2003-06-03,2.150459,2.177742
2003-06-10,2.144814,2.183042
2003-06-16,2.110049,2.19419
2003-06-23,2.147701,2.21304
2003-06-30,2.223877,2.231153
2003-07-08,2.179457,2.282964
2003-07-15,2.288279,2.331831
2003-07-22,2.378336,2.407479
2003-07-28,2.457405,2.498858
2003-08-04,2.61676,2.60895
2003-08-11,2.584612,2.74276
2003-08-19,2.790883,2.871786
2003-08-26,2.970115,2.992207
2003-09-02,3.214698,3.126134
2003-09-08,3.383751,3.254504
2003-09-15,3.449514,3.376817
2003-09-23,3.462123,3.478693
2003-09-30,3.662748,3.5725
2003-10-07,3.772089,3.635489
2003-10-13,3.685435,3.650058
2003-10-20,3.707762,3.664452
2003-10-27,3.814375,3.689743
2003-11-04,3.781605,3.656752
2003-11-11,3.514873,3.613233
2003-11-18,3.579058,3.58038
2003-12-01,3.398822,3.418249
2003-12-08,3.423933,3.332776
2003-12-16,3.422611,3.284792
2003-12-23,3.173904,3.241637
2003-12-29,3.051187,3.222051
2004-01-05,3.097822,3.166055
2004-01-12,3.130998,3.078793
2004-01-19,3.233818,2.976807
2004-01-26,3.06536,2.906862
2004-02-02,2.894861,2.870376
2004-02-09,2.638576,2.817565
2004-02-16,2.504735,2.73417
2004-02-23,2.544397,2.660856
2004-03-01,2.722821,2.621129
2004-03-08,2.622518,2.572982
2004-03-15,2.380446,2.542879
2004-03-22,2.573992,2.522356
2004-03-29,2.707811,2.503771
2004-04-05,2.461546,2.446119
2004-04-12,2.367646,2.386336
2004-04-19,2.320026,2.351121
2004-04-26,2.37713,2.29027
2004-05-03,2.20396,2.225459
2004-05-10,2.084469,2.19431
2004-05-17,2.063505,2.18443
2004-05-24,2.026334,2.194596
2004-05-31,2.124517,2.215427
2004-06-07,2.181199,2.269855
2004-06-14,2.278728,2.334281
2004-06-21,2.41152,2.395779
2004-06-28,2.564606,2.458239
2004-07-05,2.693816,2.513166
2004-07-12,2.664305,2.580049
2004-07-19,2.616983,2.67204
2004-07-26,2.588479,2.764629
2004-08-02,2.618855,2.844269
2004-08-09,2.783149,2.92573
2004-08-16,3.106644,3.026733
2004-08-23,3.244824,3.141803
2004-08-30,3.281366,3.262636
2004-09-06,3.426961,3.371958
2004-09-13,3.573339,3.480328
2004-09-20,3.652606,3.560822
2004-09-27,3.675979,3.612144
2004-10-04,3.602753,3.654351
2004-10-11,3.758476,3.676065
2004-10-18,3.831094,3.676607
2004-10-25,3.70672,3.650839
2004-11-01,3.661232,3.620828
2004-11-08,3.622387,3.606432
2004-11-15,3.578216,3.576842
2004-11-22,3.420689,3.535966
2004-11-29,3.405881,3.518574
2004-12-06,3.473188,3.500741
2004-12-13,3.49217,3.477242
2004-12-20,3.463214,3.427271
2004-12-27,3.550186,3.382496
2005-01-04,3.434395,3.317964
2005-01-11,3.178443,3.282201
2005-01-17,3.062492,3.233799
2005-01-24,3.17847,3.162216
2005-01-31,3.184343,3.144705
2005-02-08,3.206069,3.110819
2005-02-15,3.075993,3.096685
2005-02-22,2.977527,3.062309
2005-02-28,3.00461,2.997443
2005-03-07,3.129426,2.942556
2005-03-15,3.051239,2.889967
2005-03-22,2.753103,2.853754
2005-03-29,2.594682,2.824311
2005-04-04,2.690352,2.792611
2005-04-11,2.732772,2.74497
2005-04-18,2.750076,2.722815
2005-04-26,2.71254,2.735656
2005-05-03,2.719313,2.762224
2005-05-10,2.700657,2.783596
2005-05-16,2.85184,2.796279
2005-05-23,2.868675,2.810141
2005-05-30,2.833788,2.815459
2005-06-07,2.882709,2.829884
2005-06-14,2.846915,2.851521
2005-06-21,2.874836,2.864341
2005-06-27,2.760396,2.893105
2005-07-04,2.849141,2.941684
2005-07-12,2.895395,2.978274
2005-07-19,2.967212,3.023757
2005-07-26,3.127557,3.080293
2005-08-01,3.270999,3.167792
2005-08-08,3.212018,3.259861
2005-08-15,3.256259,3.359251
2005-08-23,3.38366,3.453502
2005-08-30,3.547891,3.494245
2005-09-06,3.677757,3.58751
2005-09-12,3.789906,3.688448
2005-09-19,3.815468,3.788129
2005-10-04,4.017121,3.935402
2005-10-11,4.01952,3.996259
2005-10-17,4.053707,4.059898
2005-10-24,4.058711,4.124343
2005-10-31,4.051024,4.135475
2005-11-08,4.164613,4.142294
2005-11-15,4.299021,4.143271
2005-11-22,4.331028,4.140346
2005-11-28,4.224533,4.12544
2005-12-05,4.078492,4.095155
2005-12-12,4.028308,4.032507
2005-12-20,4.027383,3.928091
2005-12-27,3.924561,3.814609
2006-01-03,3.77846,3.722315
2006-01-09,3.600781,3.631765
2006-01-16,3.359269,3.531714
2006-01-24,3.309691,3.426301
2006-01-31,3.393892,3.334631
2006-02-07,3.263543,3.256011
2006-02-13,3.127843,3.180161
2006-02-20,3.078674,3.113923
2006-02-27,3.099527,3.056436
2006-03-07,3.07088,2.997278
2006-03-14,2.918127,2.950967
2006-03-21,2.763132,2.929075
2006-03-27,2.79231,2.896846
2006-04-03,2.861471,2.862768
2006-04-10,2.846737,2.836866
2006-04-18,2.930816,2.845526
2006-04-25,2.788614,2.868614
2006-05-01,2.79282,2.890041
2006-05-08,2.83777,2.905775
2006-05-15,2.996063,2.925973
2006-05-23,2.970921,2.94295
2006-05-30,2.985161,2.978794
2006-06-06,3.00307,3.031898
2006-06-12,3.028524,3.078497
2006-06-19,3.083603,3.105785
2006-06-26,3.111215,3.151404
2006-07-04,3.270758,3.206685
2006-07-11,3.257154,3.253812
2006-07-18,3.241662,3.290717
2006-07-24,3.381489,3.325602
2006-07-31,3.482693,3.399355
2006-08-07,3.427206,3.47286
2006-08-15,3.360671,3.573726
2006-08-22,3.397573,3.691922
2006-08-28,3.774987,3.797795
2006-09-04,3.9323,3.86792
2006-09-11,4.164951,3.960938
2006-09-19,4.305428,4.078777
2006-09-26,4.33434,4.205558
2006-10-03,4.113818,4.29066
2006-10-09,4.264369,4.335455
2006-10-16,4.421221,4.359813
2006-10-23,4.538607,4.326501
2006-10-31,4.540904,4.270777
2006-11-20,4.072247,4.143601
2006-11-27,3.944275,4.043081
2006-12-05,3.982764,3.93334
2006-12-12,3.987486,3.895108
2006-12-19,3.938924,3.851816
2006-12-25,3.834964,3.791377
2007-01-01,3.772723,3.722082
2007-01-08,3.627485,3.647637
2007-01-16,3.505474,3.558367
2007-01-23,3.528302,3.470578
2007-01-30,3.320615,3.398549
2007-02-05,3.312757,3.352725
2007-02-12,3.184057,3.314502
2007-02-19,3.148829,3.273474
2007-02-27,3.186703,3.232867
2007-03-06,3.360305,3.220381
2007-03-12,3.28348,3.225954
2007-03-19,3.13622,3.247922
2007-03-26,3.162841,3.267903
2007-04-03,3.208238,3.274591
2007-04-10,3.362914,3.244213
2007-04-17,3.381768,3.215082
2007-04-23,3.328658,3.217957
2007-04-30,3.246897,3.21498
2007-05-07,3.086898,3.193586
2007-05-15,3.021302,3.152605
2007-05-22,3.162099,3.103838
2007-05-29,3.136048,3.080763
2007-06-04,3.015687,3.074658
2007-06-11,2.994085,3.07606
2007-06-19,2.94287,3.08783
2007-06-26,3.120985,3.086033
2007-07-03,3.191947,3.100886
2007-07-09,3.099514,3.137627
2007-07-16,3.127233,3.197504
2007-07-23,3.145924,3.27494
2007-07-31,3.269725,3.33304
2007-08-07,3.346361,3.379948
2007-08-14,3.532978,3.443182
2007-08-20,3.639789,3.52238
2007-08-27,3.643888,3.62041
2007-09-03,3.61412,3.711925
2007-09-11,3.66862,3.801768
2007-09-18,3.840015,3.879952
2007-09-24,4.028195,3.939112
2007-10-01,4.093361,4.002234
2007-10-08,4.154944,4.072005
2007-10-16,4.236633,4.153395
2007-10-23,4.172236,4.232501
2007-10-30,4.211983,4.293904
2007-11-05,4.242056,4.331671
2007-11-12,4.401134,4.33588
2007-11-19,4.551967,4.306142
2007-11-27,4.580821,4.264833
2007-12-04,4.433269,4.21587
2007-12-11,4.192819,4.172658
2007-12-17,3.968994,4.11006
2007-12-24,3.800459,4.026071
2008-01-01,3.771312,3.934331
2008-01-07,3.853145,3.843912
2008-01-14,3.837754,3.760776
2008-01-21,3.796064,3.706708
2008-01-28,3.755158,3.652453
2008-02-04,3.619506,3.594844
2008-02-11,3.444594,3.541924
2008-02-18,3.48238,3.509075
2008-02-25,3.312162,3.473338
2008-03-03,3.252834,3.437652
2008-03-10,3.376863,3.400314
2008-03-17,3.54211,3.398039
2008-03-24,3.474437,3.383348
2008-03-31,3.433977,3.381632
2008-04-07,3.283465,3.379913
2008-04-14,3.424124,3.412458
2008-04-21,3.350157,3.425298
2008-04-28,3.29672,3.441118
2008-05-05,3.237362,3.460533
2008-05-12,3.669769,3.481342
2008-05-19,3.657667,3.496091
2008-05-26,3.616818,3.528642
2008-06-02,3.608715,3.568767
2008-06-09,3.470744,3.624005
2008-06-16,3.556869,3.636877
2008-06-23,3.643118,3.65771
2008-06-30,3.657837,3.687602
2008-07-07,3.734512,3.724688
2008-07-14,3.78561,3.788073
2008-07-21,3.845168,3.855689
2008-07-28,3.885843,3.917637
2008-08-04,3.942486,3.995926
2008-08-11,4.041216,4.067053
2008-08-18,4.165411,4.134912
2008-08-25,4.200648,4.200042
2008-09-01,4.36244,4.274222
2008-09-08,4.374656,4.35998
2008-09-15,4.396344,4.431621
2008-09-22,4.431331,4.498472
2008-09-29,4.553463,4.551947
2008-10-06,4.714311,4.592175
2008-10-13,4.68599,4.637931
2008-10-20,4.767064,4.685294
2008-10-27,4.681928,4.737115
2008-11-03,4.724488,4.782222
2008-11-10,4.786456,4.791172
2008-11-17,4.822611,4.779778
2008-11-24,4.897722,4.732536
2008-12-01,4.959427,4.679824
2008-12-08,4.794861,4.674241
2008-12-15,4.583444,4.594738
2008-12-22,4.341891,4.5251
2008-12-29,4.207519,4.430577
2009-01-05,4.150433,4.206764
2009-01-12,4.265505,4.118643
2009-01-20,4.141538,4.04031
2009-01-27,4.044651,3.982124
2009-02-03,3.919131,3.967582
2009-02-09,3.878473,3.939507
2009-02-16,3.71523,3.904635
2009-02-23,3.74203,3.87759
2009-03-03,3.85125,3.86645
2009-03-10,3.897752,3.860186
2009-03-17,3.951659,3.849643
2009-03-23,3.898132,3.856258
2009-03-30,3.944398,3.857149
2009-04-07,3.862754,3.84865
2009-04-14,3.78358,3.832433
2009-04-21,3.774763,3.806402
2009-04-27,3.750052,3.782346
2009-05-04,3.774757,3.765326
2009-05-11,3.751798,3.76651
2009-05-19,3.717388,3.777072
2009-05-26,3.681626,3.795066
2009-06-02,3.79122,3.807391
2009-06-08,3.873405,3.815314
2009-06-15,3.878641,3.830136
2009-06-22,3.936704,3.872358
2009-06-30,3.860978,3.933589
2009-07-07,3.846067,3.98701
2009-07-13,3.885194,4.038483
2009-07-20,4.097384,4.102665
2009-07-27,4.232709,4.178442
2009-08-04,4.272009,4.280789
2009-08-11,4.336662,4.402105
2009-08-18,4.456275,4.537004
2009-08-24,4.618696,4.663628
2009-08-31,4.782105,4.777727
2009-09-07,4.937907,4.900878
2009-09-15,5.099288,5.012288
2009-09-22,5.237004,5.116719
2009-09-29,5.259594,5.20825
2009-10-05,5.380366,5.280514
2009-10-12,5.339355,5.33118
2009-10-19,5.396159,5.355907
2009-10-27,5.44247,5.360674
2009-11-03,5.432481,5.364417
2009-11-09,5.393901,5.340109
2009-11-16,5.321835,5.292423
2009-11-23,5.279908,5.251897
2009-12-01,5.293275,5.203031
2009-12-08,5.161592,5.139061
2009-12-15,4.910187,5.061347
2009-12-21,5.031424,4.981778
2009-12-28,5.002674,4.874799
2010-01-04,4.856753,4.752727
2010-01-12,4.69447,4.64503
2010-01-19,4.605718,4.590268
2010-01-26,4.317097,4.544274
2010-02-01,4.194628,4.497268
2010-02-08,4.192316,4.448373
2010-02-16,4.417336,4.402124
2010-02-23,4.61747,4.354847
2010-03-02,4.579624,4.327796
2010-03-08,4.416696,4.318435
2010-03-15,4.278229,4.301014
2010-03-22,4.180226,4.263607
2010-03-30,4.07364,4.200723
2010-04-06,4.110381,4.135002
2010-04-13,4.035526,4.097549
2010-04-19,4.080673,4.094205
2010-04-26,4.051509,4.101511
2010-05-03,3.988134,4.132988
2010-05-11,4.079621,4.160229
2010-05-18,4.248135,4.195626
2010-05-24,4.245985,4.233549
2010-05-31,4.356929,4.277594
2010-06-07,4.355546,4.332069
2010-06-15,4.354106,4.382093
2010-06-22,4.421978,4.411304
2010-06-29,4.44791,4.436678
2010-07-05,4.478411,4.441754
2010-07-12,4.529837,4.468991
2010-07-19,4.511031,4.504325
2010-07-27,4.474356,4.538268
2010-08-03,4.402609,4.567194
2010-08-10,4.600677,4.602902
2010-08-16,4.67212,4.638663
2010-08-23,4.727465,4.681883
2010-08-31,4.708237,4.734444
2010-09-07,4.799788,4.802387
2010-09-14,4.851688,4.864725
2010-09-20,4.900004,4.932978
2010-09-27,4.947412,5.014007
2010-10-04,5.014091,5.086534
2010-10-12,5.161722,5.141947
2010-10-19,5.286395,5.178329
2010-10-26,5.456723,5.198062
2010-11-01,5.360982,5.187189
2010-11-08,5.298501,5.168388
2010-11-15,5.179134,5.12879
2010-11-23,5.077597,5.076825
2010-11-30,4.849555,5.008724
2010-12-06,4.844883,4.939259
2010-12-13,4.805343,4.857893
2010-12-20,4.818706,4.787505
2010-12-28,4.843818,4.723582
2011-01-04,4.735795,4.663641
2011-01-11,4.566208,4.588877
2011-01-17,4.545642,4.513025
2011-01-24,4.50229,4.428543
2011-01-31,4.310087,4.339285
2011-02-08,4.172004,4.262657
2011-02-15,4.122674,4.195749
2011-02-22,4.058371,4.1075
2011-02-28,4.040493,4.015817
2011-03-07,4.046146,3.950234
2011-03-15,3.964035,3.911812
2011-03-22,3.751397,3.870673
2011-03-29,3.677149,3.830494
2011-04-04,3.719835,3.775751
2011-04-11,3.826206,3.72529
2011-04-18,3.752426,3.692155
2011-04-26,3.696758,3.697841
2011-05-03,3.547804,3.708442
2011-05-10,3.592,3.724107
2011-05-16,3.665817,3.740331
2011-05-23,3.802576,3.775552
2011-05-30,3.772555,3.828087
2011-06-07,3.860823,3.892571
2011-06-14,3.972225,3.942032
2011-06-21,4.069414,3.986043
2011-06-27,4.169566,4.03184
2011-07-04,4.128162,4.10196
2011-07-12,4.037154,4.181417
2011-07-19,4.061909,4.268544
2011-07-26,4.214747,4.360157
2011-08-01,4.403642,4.453438
2011-08-08,4.575929,4.555051
2011-08-15,4.75637,4.663094
2011-08-23,4.893928,4.777252
2011-08-30,5.009097,4.891788
2011-09-06,5.04268,5.006045
2011-09-12,5.009538,5.117149
2011-09-19,5.089333,5.213407
2011-09-26,5.24557,5.288407
2011-10-04,5.431956,5.337169
2011-10-11,5.575872,5.360944
2011-10-17,5.622684,5.379506
2011-10-24,5.568933,5.392393
2011-10-31,5.447949,5.394686
2011-11-08,5.256663,5.379857
2011-11-15,5.176597,5.350236
2011-11-22,5.205314,5.317373
2011-11-28,5.266204,5.283147
2011-12-05,5.298498,5.269762
2011-12-12,5.309278,5.268398
2011-12-20,5.326926,5.265174
2011-12-27,5.26089,5.274651
2012-01-02,5.327492,5.270445
2012-01-09,5.244382,5.252238
2012-01-16,5.147583,5.229475
2012-01-23,5.290606,5.203791
2012-01-30,5.228346,5.167431
2012-02-06,5.134641,5.110282
2012-02-13,5.104409,5.064159
2012-02-20,5.095767,5.028729
2012-02-27,4.933653,4.97616
2012-03-05,4.81315,4.936513
2012-03-12,4.829274,4.895976
2012-03-19,4.82871,4.847121
2012-03-26,4.817491,4.8116
2012-04-02,4.871523,4.790513
2012-04-09,4.769809,4.78325
2012-04-16,4.664709,4.782167
2012-04-23,4.776084,4.764941
2012-04-30,4.743868,4.760215
2012-05-07,4.747786,4.767541
2012-05-14,4.819525,4.795063
2012-05-21,4.673672,4.837118
2012-05-28,4.77496,4.870412
2012-06-04,4.937452,4.906976
2012-06-11,5.01751,4.966853
2012-06-18,5.043204,5.034881
2012-06-25,5.075734,5.135801
2012-07-02,5.072942,5.228879
2012-07-09,5.286681,5.306147
2012-07-16,5.43177,5.37595
2012-07-23,5.581959,5.440871
2012-07-30,5.612654,5.507538
2012-08-06,5.632866,5.588394
2012-08-13,5.64574,5.665152
2012-08-20,5.627497,5.743342
2012-08-27,5.675731,5.829874
2012-09-03,5.80065,5.933426
2012-09-10,5.977504,6.039507
2012-09-17,6.135476,6.147202
2012-09-24,6.360744,6.249042
2012-10-01,6.544625,6.340776
2012-10-08,6.587592,6.414526
2012-10-15,6.614996,6.468558
2012-10-22,6.544055,6.491465
2012-10-29,6.501338,6.495243
2012-11-05,6.464399,6.487596
2012-11-12,6.4638,6.459227
2012-11-19,6.341634,6.409101
2012-11-26,6.394749,6.372054
2012-12-03,6.475799,6.355893
2012-12-10,6.332277,6.316766
2012-12-17,6.163857,6.256702
2012-12-24,6.210631,6.201579
2013-01-01,6.151383,6.098021
2013-01-08,5.983289,6.03744
2013-01-15,5.900645,5.984772
2013-01-21,6.016881,5.904473
2013-01-28,6.025204,5.876176
2013-02-04,5.847632,5.822335
2013-02-12,5.742513,5.778076
2013-02-19,5.56824,5.747011
2013-02-26,5.649797,5.699547
2013-03-04,5.666811,5.65884
2013-03-11,5.584956,5.608161
2013-03-18,5.621065,5.554933
2013-03-26,5.589705,5.51526
2013-04-09,5.442197,5.426436
2013-04-15,5.316696,5.387008
2013-04-22,5.250849,5.333408
2013-04-30,5.321152,5.280995
2013-05-07,5.284864,5.258743
2013-05-14,5.269538,5.214207
2013-05-20,5.192264,5.190272
2013-05-27,5.170399,5.183936
2013-06-03,5.080724,5.181597
2013-06-11,5.041381,5.182676
2013-06-18,5.101276,5.188166
2013-06-25,5.193826,5.210294
2013-07-01,5.300097,5.248579
2013-07-08,5.294578,5.295509
2013-07-15,5.318947,5.348806
2013-07-23,5.391419,5.397194
2013-07-30,5.514962,5.456543
2013-08-05,5.503097,5.518842
2013-08-12,5.521048,5.546875
2013-08-19,5.536776,5.66156
2013-08-27,5.727962,5.759893
2013-09-03,5.860794,5.850038
2013-09-16,6.236423,6.04969
2013-09-23,6.178084,6.165995
2013-09-30,6.236125,6.268398
2013-10-08,6.278396,6.346712
2013-10-15,6.342962,6.355961
2013-10-22,6.467213,6.369152
2013-10-28,6.547186,6.39211
2013-11-04,6.48731,6.393674
2013-11-12,6.429947,6.363063
2013-11-19,6.355148,6.321015
2013-11-26,6.3847,6.269997
2013-12-02,6.250207,6.223073
2013-12-09,6.00289,6.169476
2013-12-16,5.964535,6.109572
2013-12-24,6.008053,6.043983
2013-12-31,6.12487,5.975623
2014-01-07,6.004935,5.899083
2014-01-13,5.890809,5.868553
2014-01-20,5.764844,5.852463
2014-01-27,5.769467,5.82228
2014-02-04,5.561341,5.78801
2014-02-11,5.728121,5.751955
2014-02-17,5.819729,5.710823
2014-02-24,5.736403,5.676065
2014-03-03,5.816438,5.641863
2014-03-11,5.680443,5.62101
2014-03-18,5.520617,5.573506
2014-03-25,5.452026,5.505431
2014-03-31,5.461646,5.445057
2014-04-07,5.373665,5.368402
2014-04-14,5.300588,5.29858
2014-04-22,5.207054,5.246185
2014-04-29,5.193031,5.208826
2014-05-06,5.126545,5.1779
2014-05-12,5.052042,5.168987
2014-05-19,5.04907,5.17796
2014-05-27,5.115793,5.205731
2014-06-03,5.183314,5.251646
2014-06-10,5.293448,5.326522
2014-06-16,5.381342,5.391796
2014-06-23,5.456991,5.474211
2014-06-30,5.60627,5.558236
2014-07-08,5.800427,5.638626
2014-07-15,5.63951,5.729794
2014-07-22,5.790803,5.826551
2014-07-28,5.872018,5.934203
2014-08-04,5.906824,6.025693
2014-08-11,6.113958,6.104022
2014-08-19,6.252153,6.196449
2014-08-26,6.425865,6.283926
2014-09-02,6.429678,6.370899
2014-09-08,6.505391,6.469317
2014-09-15,6.471348,6.560767
2014-09-23,6.578097,6.637399
2014-09-30,6.654773,6.683305
2014-10-07,6.792585,6.723916
2014-10-13,6.937011,6.750932
2014-10-20,6.941839,6.765831
2014-10-27,6.839023,6.751814
2014-11-04,6.795174,6.739314
2014-11-11,6.748536,6.741742
2014-11-18,6.605443,6.749437
2014-11-24,6.451944,6.734134
2014-12-01,6.542267,6.70152
2014-12-08,6.81444,6.666955
2014-12-16,7.006271,6.636871
2014-12-23,6.804109,6.62136
2014-12-29,6.545499,6.626052
2015-01-05,6.484086,6.621799
2015-01-12,6.477784,6.59061
2015-01-20,6.465842,6.532965
2015-01-27,6.494174,6.497764
2015-02-03,6.503984,6.489643
2015-02-09,6.53374,6.474582
2015-02-16,6.487463,6.438773
2015-02-23,6.487303,6.403168
2015-03-03,6.472411,6.36456
2015-03-10,6.348537,6.324876
2015-03-17,6.155505,6.281078
2015-03-23,6.145394,6.239942
2015-03-30,6.146705,6.199442
2015-04-07,6.146822,6.160557
2015-04-14,6.139565,6.118333
2015-04-21,6.117237,6.088495
2015-04-27,6.122805,6.069077
2015-05-04,6.122446,6.063871
2015-05-11,5.96852,6.058781
2015-05-19,5.886958,6.071956
2015-05-26,5.970637,6.099584
2015-06-02,6.099848,6.130696
2015-06-08,6.101013,6.175942
2015-06-15,6.25814,6.248909
2015-06-22,6.365888,6.34215
2015-06-30,6.402815,6.43928
2015-07-07,6.529655,6.527286
2015-07-13,6.625226,6.62464
2015-07-20,6.726127,6.713558
2015-07-27,6.844804,6.81826
2015-08-04,6.891906,6.942109
2015-08-11,6.977196,7.058658
2015-08-18,7.058409,7.175053
2015-08-24,7.308206,7.275294
2015-08-31,7.517455,7.369887
2015-09-07,7.578593,7.467463
2015-09-15,7.672779,7.569333
2015-09-22,7.628299,7.685629
2015-09-29,7.696143,7.773609
2015-10-05,7.770084,7.823356
2015-10-12,7.894033,7.842487
2015-10-19,8.105068,7.831812
2015-10-27,8.100027,7.82517
2015-11-03,7.965181,7.830384
2015-11-09,7.750771,7.814295
2015-11-16,7.576705,7.775564
2015-11-23,7.568519,7.702268
2015-12-01,7.74307,7.595911
2015-12-08,7.625279,7.49361
2015-12-15,7.545454,7.429039
2015-12-21,7.445403,7.411366
2015-12-28,7.142817,7.390282
2016-01-04,7.044477,7.346273
2016-01-11,7.16963,7.310416
2016-01-18,7.417641,7.275913
2016-01-25,7.378768,7.241298
2016-02-01,7.346988,7.241245
2016-02-08,7.302567,7.240101
2016-02-15,7.234929,7.214097
2016-02-22,7.133863,7.156664
2016-02-29,7.14234,7.096355
2016-03-07,7.034178,7.024441
2016-03-14,6.935603,6.935558
2016-03-21,6.900737,6.861594
2016-03-28,6.835993,6.794982
2016-04-04,6.699757,6.716694
2016-04-11,6.50262,6.646755
2016-04-18,6.569257,6.586561
2016-04-25,6.534353,6.531851
2016-05-02,6.43775,6.483051
2016-05-09,6.404729,6.465307
2016-05-16,6.393857,6.478539
2016-05-23,6.408344,6.489862
2016-05-30,6.396787,6.516076
2016-06-06,6.540069,6.552178
2016-06-13,6.621706,6.588182
2016-06-20,6.671161,6.623752
2016-06-27,6.770282,6.655472
2016-07-04,6.762662,6.689439
2016-07-11,6.728767,6.711985
2016-07-18,6.713986,6.734431
2016-07-25,6.693824,6.762638
2016-08-01,6.702492,6.812496
2016-08-08,6.742988,6.888224
2016-08-15,6.823715,6.974505
2016-08-22,6.925025,7.066962
2016-08-29,7.219009,7.162643
2016-09-05,7.444206,7.249862
2016-09-12,7.505299,7.346779
2016-09-19,7.546102,7.453918
2016-09-26,7.554952,7.558658
2016-10-03,7.487459,7.633991
2016-10-10,7.615247,7.679497
2016-10-17,7.787962,7.733421
2016-10-24,7.86769,7.792222
2016-10-31,7.897,7.831614
2016-11-07,7.853764,7.85935
2016-11-14,7.990608,7.864781
2016-11-21,8.07531,7.827215
2016-11-28,7.909488,7.776992
2016-12-05,7.737077,7.761991
2016-12-12,7.664127,7.670733
2016-12-19,7.449866,7.557514
2016-12-26,7.415686,7.440909
2017-01-03,7.123698,7.21309
2017-01-09,7.084859,7.093842
2017-01-16,7.142473,6.992092
2017-01-24,7.022656,6.903811
2017-01-31,6.801356,6.880675
2017-02-07,6.710145,6.837442
2017-02-13,6.635864,6.797188
2017-02-20,6.709435,6.748775
2017-02-27,6.69559,6.727815
2017-03-07,6.734597,6.722981
2017-03-14,6.722577,6.72238
2017-03-21,6.706756,6.719305
2017-03-27,6.834015,6.705898
2017-04-03,6.757851,6.680996
2017-04-10,6.704735,6.647378
2017-04-18,6.608187,6.598232
2017-04-25,6.588779,6.550993
2017-05-01,6.471468,6.492106
2017-05-08,6.432034,6.448008
2017-05-15,6.280261,6.413739
2017-05-23,6.281605,6.407196
2017-05-30,6.304035,6.40825
2017-06-06,6.360968,6.430674
2017-06-12,6.396313,6.449035
2017-06-19,6.549301,6.494967
2017-06-26,6.598265,6.558288
2017-07-04,6.673284,6.640896
2017-07-11,6.597283,6.735278
2017-07-18,6.693646,6.83835
2017-07-24,6.851495,6.925703
2017-07-31,7.047505,7.014935
2017-08-07,7.210409,7.110931
2017-08-15,7.323962,7.230455
2017-08-22,7.335477,7.354308
2017-08-28,7.401358,7.454256
2017-09-04,7.537243,7.532404
2017-09-11,7.673004,7.60502
2017-09-19,7.80832,7.675047
2017-09-26,7.751023,7.752515
2017-10-03,7.750838,7.827465
2017-10-09,7.863953,7.88426
2017-10-16,7.954209,7.926679
2017-10-23,8.032685,7.955949
2017-10-31,8.075915,7.98746
2017-11-07,8.048392,8.018962
2017-11-14,8.054779,8.038196
2017-11-20,8.071744,8.027335
2017-11-27,8.034627,7.9769
2017-12-05,8.034352,7.905629
2017-12-12,8.037062,7.825563
2017-12-19,7.856459,7.74373
2017-12-25,7.578774,7.663463
2018-01-01,7.434471,7.591791
2018-01-08,7.327797,7.504506
2018-01-16,7.31828,7.399196
2018-01-23,7.349342,7.291457
2018-01-30,7.389577,7.201494
2018-02-05,7.248796,7.136732
2018-02-12,7.089271,7.092778
2018-02-19,6.886807,7.045895
2018-02-27,6.769108,6.985511
2018-03-06,6.851612,6.916326
2018-03-12,6.932214,6.859821
2018-03-19,6.896325,6.809018
2018-03-26,6.805886,6.780295
2018-04-03,6.766913,6.756344
2018-04-10,6.740257,6.718426
2018-04-17,6.632043,6.689421
2018-04-23,6.628298,6.659727
2018-04-30,6.553545,6.646682
2018-05-07,6.510349,6.645024
2018-05-15,6.671173,6.656883
2018-05-22,6.62908,6.659111
2018-05-29,6.688478,6.663078
2018-06-04,6.751991,6.691681
2018-06-11,6.846987,6.742227
2018-06-19,6.652098,6.782897
2018-06-26,6.664,6.840666
2018-07-03,6.810971,6.892907
2018-07-09,6.965267,6.948095
2018-07-16,7.037198,7.003344
2018-07-23,7.149006,7.087974
2018-07-31,7.158642,7.191269
2018-08-07,7.248684,7.298825
2018-08-14,7.344229,7.417173
2018-08-20,7.41377,7.535124
2018-08-27,7.593651,7.665005
2018-09-03,7.778983,7.80563
2018-09-11,8.030393,7.922085
2018-09-18,8.098756,8.031581
2018-09-24,8.317937,8.14264
2018-10-01,8.424268,8.238881
2018-10-08,8.296776,8.312175
2018-10-16,8.329699,8.345625
2018-10-23,8.413298,8.356647
2018-10-30,8.45982,8.338626
2018-11-05,8.438625,8.3083
2018-11-12,8.331445,8.27733
2018-11-19,8.19796,8.237108
2018-11-27,8.155742,8.178477
2018-12-04,8.151334,8.098711
2018-12-11,8.018049,8.01518
2018-12-17,7.967698,7.963834
2018-12-24,7.885618,7.928123
2019-01-01,7.741928,7.892713
2019-01-08,7.686842,7.850408
2019-01-15,7.869337,7.810205
2019-01-21,7.876558,7.757545
2019-01-28,7.837056,7.7193
2019-02-04,7.770582,7.716471
2019-02-12,7.656226,7.700904
2019-02-19,7.49376,7.671254
2019-02-26,7.541407,7.638891
2019-03-11,7.562303,7.538616
2019-03-18,7.632138,7.4893
2019-03-26,7.617657,7.461392
2019-04-02,7.49097,7.442814
2019-04-09,7.314468,7.445214
2019-04-15,7.261698,7.442028
2019-04-22,7.270498,7.416112
2019-04-30,7.392781,7.393683
2019-05-07,7.464413,7.369559
2019-05-14,7.533625,7.370058
2019-05-20,7.398893,7.389409
2019-05-27,7.415802,7.412016
2019-06-03,7.273856,7.435377
2019-06-11,7.318955,7.460872
2019-06-18,7.435855,7.487949
2019-06-25,7.473965,7.518711
2019-07-01,7.603032,7.553482
2019-07-08,7.693861,7.627563
2019-07-15,7.777318,7.725323
2019-07-23,7.675757,7.828364
2019-07-30,7.728735,7.942323
2019-08-05,7.940588,8.04842
2019-08-12,8.198794,8.162034
2019-08-19,8.363227,8.279239
2019-08-27,8.499599,8.411151
2019-09-03,8.557902,8.523429
2019-09-10,8.716384,8.617386
2019-09-16,8.832163,8.683062
2019-09-23,8.86297,8.729124
2019-09-30,8.739235,8.757528
2019-10-08,8.786201,8.792464
2019-10-15,8.789876,8.818648
2019-10-22,8.777786,8.826885
2019-10-28,8.755239,8.81834
2019-11-04,8.872319,8.815352
2019-11-12,8.952039,8.805345
2019-11-19,8.906301,8.781225
2019-11-26,8.786063,8.731369
2019-12-02,8.712343,8.68639
2019-12-09,8.696134,8.608757
2019-12-16,8.572797,8.500794
2019-12-24,8.329081,8.387715
2019-12-31,8.350433,8.297473
2020-01-06,8.173622,8.245614
2020-01-13,7.980367,8.181254
2020-01-20,7.888595,8.084423
2020-01-27,7.973882,8.024926
2020-02-17,7.894977,7.876032
2020-02-24,7.912607,7.824651
2020-03-02,7.917497,7.773261
2020-03-09,7.829393,7.764681
2020-03-16,7.71527,7.749859
2020-03-23,7.528928,7.703679
2020-03-30,7.614154,7.672108
2020-04-06,7.704623,7.649717
2020-04-13,7.631277,7.641811
2020-04-20,7.479358,7.638609
2020-04-27,7.628475,7.656452
2020-05-04,7.715971,7.658724
2020-05-11,7.758239,7.66078
2020-05-18,7.686459,7.664394
2020-05-25,7.689508,7.699479
2020-06-01,7.634603,7.729954
2020-06-08,7.723132,7.758633
2020-06-15,7.663796,7.77946
2020-06-22,7.795129,7.820022
2020-06-29,7.90275,7.870707
2020-07-06,7.974079,7.932938
2020-07-13,7.94568,7.983852
2020-07-20,8.051522,8.052364
2020-07-27,8.145671,8.117601
2020-08-03,8.194686,8.192798
2020-08-10,8.181351,8.279968
2020-08-17,8.280403,8.383272
2020-08-24,8.382267,8.475583
2020-08-31,8.579519,8.563628
2020-09-07,8.758615,8.663035
2020-09-14,8.875411,8.772945
2020-09-21,8.882327,8.889224
2020-09-28,8.938071,9.001782
2020-10-05,9.08935,9.097095
2020-10-12,9.17054,9.157119
2020-10-19,9.32692,9.1831
2020-10-26,9.395289,9.188148
2020-11-02,9.437332,9.176552
2020-11-09,9.298831,9.14893
2020-11-16,9.109243,9.103018
2020-11-23,8.927758,9.029143
2020-11-30,8.833709,8.957079
2020-12-07,8.840745,8.897048
2020-12-14,8.757335,8.830859
2020-12-21,8.662043,8.782551
2020-12-28,8.746718,8.753252
2021-01-04,8.769324,8.722229
2021-01-12,8.722776,8.672863
2021-01-19,8.693364,8.615803
2021-01-26,8.74919,8.536322
2021-02-01,8.677082,8.461774
2021-02-08,8.362404,8.370985
2021-02-16,8.205568,8.288044
2021-02-23,8.11087,8.212135
2021-03-02,7.865389,8.145965
2021-03-08,7.952218,8.090973
2021-03-15,7.976311,8.081298
2021-03-22,8.010184,8.088338
2021-03-30,8.153662,8.090979
2021-04-06,8.182154,8.109585
2021-04-13,8.275326,8.115552
2021-04-19,8.268924,8.115683
2021-04-26,8.134644,8.118515
2021-05-03,8.032839,8.085339
2021-05-11,8.005928,8.044631
2021-05-18,7.977486,8.007966
2021-05-24,8.035671,7.995509
2021-05-31,7.855078,8.004506
2021-06-07,7.815779,8.031796
2021-06-15,7.945342,8.074581
2021-06-22,8.156812,8.130393
2021-06-29,8.215622,8.194142
2021-07-05,8.278442,8.294637
2021-07-12,8.390995,8.416574
2021-07-19,8.479795,8.531428
2021-07-27,8.609409,8.599877
2021-08-03,8.759541,8.6674
2021-08-10,8.913213,8.752116
2021-08-16,8.979021,8.846368
2021-08-23,8.772857,8.952042
2021-08-31,8.823324,9.048211
2021-09-07,9.040891,9.134983
2021-09-14,9.239263,9.207887
2021-09-20,9.430855,9.28767
2021-09-27,9.474933,9.393474
2021-10-04,9.540493,9.486029
2021-10-12,9.569349,9.54392
2021-10-19,9.697064,9.558511
2021-10-26,9.725095,9.553562
2021-11-01,9.656322,9.566037
2021-11-08,9.561908,9.567116
2021-11-15,9.370582,9.532625
2021-11-23,9.386313,9.461804
2021-11-30,9.587206,9.378462
2021-12-06,9.550207,9.317683
2021-12-13,9.25893,9.27297
2021-12-20,9.059677,9.240088
2021-12-28,8.975018,9.196406
2022-01-04,9.109307,9.130294
2022-01-11,9.159488,9.060359
2022-01-17,9.074645,9.003012
2022-01-24,8.993171,8.942827
2022-01-31,8.992201,8.873474
2022-02-08,8.920789,8.775398
2022-02-15,8.74281,8.677874
2022-02-22,8.518011,8.591799
2022-02-28,8.350841,8.517391
2022-03-07,8.226623,8.46051
2022-03-15,8.281772,8.404576
2022-03-22,8.299976,8.355968
2022-03-29,8.3235,8.335786
2022-04-04,8.480264,8.331453
2022-04-11,8.41739,8.332931
2022-04-18,8.30534,8.316327
2022-04-26,8.33637,8.289021
2022-05-03,8.311845,8.263382
2022-05-10,8.239922,8.22971
2022-05-16,8.132336,8.207425
2022-05-23,8.054222,8.218942
2022-05-30,8.092753,8.236073
2022-06-07,8.177209,8.265422
2022-06-14,8.216828,8.323903
2022-06-21,8.408993,8.388557
2022-06-27,8.490549,8.461565
2022-07-04,8.575989,8.534906
2022-07-12,8.766246,8.60115
2022-07-19,8.714226,8.678291
2022-07-26,8.711288,8.763611
2022-08-01,8.75283,8.857439
2022-08-08,8.773405,8.946552
2022-08-15,8.911092,9.030417
2022-08-23,9.176871,9.128939
2022-08-30,9.335002,9.231206
2022-09-06,9.378009,9.348034
2022-09-12,9.521031,9.474704
2022-09-19,9.600927,9.578467
2022-09-26,9.631685,9.65263
2022-10-04,9.804281,9.705705
2022-10-11,9.913437,9.74378
2022-10-17,9.844961,9.751173
2022-10-24,9.844339,9.732214
2022-10-31,9.812675,9.704816
2022-11-08,9.720681,9.66091
2022-11-15,9.587569,9.626949
2022-11-22,9.430301,9.620973
2022-11-28,9.3851,9.616887
2022-12-05,9.40913,9.58003
2022-12-12,9.607781,9.545065
2022-12-20,9.791177,9.535684
2022-12-27,9.807569,9.529617
2023-01-03,9.480966,9.520155
2023-01-09,9.405993,9.490105
2023-01-16,9.503143,9.421677
2023-01-24,9.375693,9.319187
2023-01-31,9.299943,9.215191
2023-02-07,9.138679,9.149724
2023-02-13,8.991929,9.087888
2023-02-20,8.868769,9.003482
2023-02-27,8.871605,8.904094
2023-03-07,8.891766,8.81242
2023-03-14,8.849462,8.746269
2023-03-21,8.743493,8.692493
2023-03-27,8.481204,8.649048
2023-04-03,8.474873,8.623338
2023-04-10,8.543319,8.59719
2023-04-18,8.507949,8.574251
2023-04-25,8.477761,8.579942
2023-05-01,8.64022,8.631216
2023-05-08,8.65643,8.683025
2023-05-15,8.643007,8.720936
2023-05-23,8.794713,8.762397
2023-05-30,8.942672,8.815042
2023-06-06,8.94115,8.866837
2023-06-12,8.884518,8.925761
2023-06-19,8.881103,8.991478
2023-06-26,8.951568,9.054135
2023-07-04,9.106374,9.10906
2023-07-11,9.18674,9.205612
2023-07-18,9.234468,9.316555
2023-07-24,9.358622,9.424058
2023-07-31,9.436998,9.530129
2023-08-07,9.810119,9.625225
2023-08-15,9.883006,9.718618
2023-08-22,9.848626,9.821394
2023-08-28,9.90621,9.935896
2023-09-04,9.962233,10.068403
2023-09-11,10.02728,10.179147
2023-09-19,10.159452,10.300395
2023-09-26,10.38914,10.402
2023-10-03,10.629563,10.471672
2023-10-09,10.806815,10.514241
2023-10-16,10.974233,10.538865
2023-10-23,10.763077,10.540138
2023-10-31,10.533255,10.503733
2023-11-07,10.345355,10.43713
2023-11-14,10.248897,10.353043
2023-11-20,10.17091,10.246123
2023-11-27,10.061493,10.157592
2023-12-05,10.030137,10.095962
2023-12-12,10.050028,10.046798
2023-12-19,10.011957,10.00221
2023-12-25,9.966293,9.984493
2024-01-01,9.978585,9.962838
2024-01-08,9.902878,9.914458
2024-01-15,9.847609,9.87364
2024-01-22,10.011455,9.852787
2024-01-29,9.866594,9.839197
2024-02-05,9.594722,9.817373
2024-02-12,9.682664,9.802847
2024-02-19,9.82428,9.797213
2024-02-26,9.843982,9.762522
2024-03-04,9.782171,9.719484
2024-03-11,9.772142,9.690296
2024-03-18,9.796909,9.652085
2024-03-25,9.699234,9.596616
2024-04-01,9.479254,9.545323
2024-04-08,9.332024,9.502983
2024-04-15,9.338771,9.458997
2024-04-22,9.32506,9.405849
2024-04-29,9.382344,9.36525
2024-05-06,9.401107,9.345048
2024-05-13,9.376272,9.359648
2024-05-20,9.318576,9.363654
2024-05-27,9.33384,9.372526
2024-06-03,9.297443,9.373843
2024-06-10,9.463421,9.39387
2024-06-17,9.374825,9.391143
2024-06-24,9.404906,9.392704
2024-07-01,9.394198,9.385875
2024-07-08,9.581344,9.38562
2024-07-15,9.351734,9.386903
2024-07-22,9.332621,9.420454
2024-07-29,9.272387,9.475203
2024-08-05,9.295147,9.537422
2024-08-12,9.474967,9.583949
2024-08-19,9.676779,9.649709
2024-08-26,9.897648,9.718249
2024-09-02,9.954176,9.814105
2024-09-09,10.000079,9.94401
2024-09-16,9.943578,10.07466
2024-09-23,9.949476,10.192399
2024-09-30,10.135099,10.2704
2024-10-07,10.464288,10.3313
2024-10-14,10.650815,10.398105
2024-10-21,10.73643,10.474081
2024-10-28,10.599662,10.538486
2024-11-04,10.502277,10.572415
2024-11-11,10.60132,10.570271
2024-11-18,10.62736,10.573363
2024-11-25,10.52912,10.570363
2024-12-02,10.440462,10.547786
2024-12-09,10.444998,10.553475
2024-12-16,10.678637,10.503926
2024-12-23,10.709428,10.427882
2024-12-30,10.396477,10.337625
2025-01-07,10.20493,10.137586
2025-01-13,10.019005,10.010824
2025-01-20,9.807061,9.901357
2025-01-27,9.628024,9.841723
2025-02-04,9.657126,9.83074
2025-02-11,9.664539,9.761623
2025-02-17,9.833695,9.71039
2025-02-24,9.919407,9.673552
2025-03-03,9.742876,9.661347
2025-03-11,9.582871,9.627103
2025-03-18,9.55791,9.583141
2025-03-25,9.475523,9.489028
2025-03-31,9.518179,9.381918
2025-04-07,9.34893,9.309183
2025-04-14,9.268876,9.259311
2025-04-22,8.986678,9.214268
2025-04-29,8.955417,9.188155
2025-05-06,9.088259,9.163751
2025-05-12,9.134028,9.154778
2025-05-19,9.152522,9.146255
2025-05-27,9.240501,9.142829
2025-06-03,9.298548,9.162078
2025-06-10,9.268172,9.156532
2025-06-16,9.192169,9.172259
2025-06-23,8.955842,9.182726
2025-06-30,9.12866,9.199781
2025-07-08,9.038344,9.249888
2025-07-15,9.27557,9.247602
2025-07-22,9.24673,9.255521
2025-07-28,9.394,9.305468
2025-08-04,9.749503,9.340829
