Source,Target,Type,Weight,Sentiment
acunninghammp,hbhstockton,retweet,1,0.6697
acunninghammp,jeremycorbyn,retweet,1,0.5106
acunninghammp,stockton_townfc,retweet,1,0.6705
afzal4gorton,mcrmomentum,retweet,1,0.6229
alanbrownsnp,lovenewmilns,retweet,1,0.9258
albertowen2020,albertowen2020,retweet,1,0.9656
albertowen2020,jeremy_miles,retweet,1,0.0
albertowen2020,labour_history,retweet,1,0.0
alecshelbrooke,bmgray007,retweet,1,-0.296
alecshelbrooke,drcarolinej,retweet,1,0.8481
alewermbe,kateandrs,retweet,1,-0.5577
alewermbe,nptonpolice,retweet,1,0.9153
alexburghart,conservatives,retweet,1,0.4927
alexburghart,keithrbarber,retweet,1,0.2732
alexnorrisnn,nodfauk,retweet,1,0.8316
alexsobel,_bvdm,retweet,1,-0.6908
alexsobel,botzarelli,retweet,1,0.7755
alexsobel,dprpdz,retweet,1,-0.3612
alexsobel,fionavenner,retweet,1,0.5574
alexsobel,gbbasketball,retweet,1,0.0
alexsobel,jewishlabour,retweet,1,0.7506
alexsobel,leedsclimatecom,retweet,1,0.0
alexsobel,nath_brudenell,retweet,1,0.467
alexsobel,openlabour,retweet,1,0.5848
alexsobel,sam_jja,retweet,1,0.5955
alison_mcgovern,erika_rushton,retweet,1,0.81
alison_mcgovern,rachelwardbooks,retweet,1,0.7783
alisonthewliss,anguscmillar,retweet,1,0.802
alisonthewliss,murphyniallgla,retweet,1,0.9626
alisonthewliss,naburn2,retweet,1,0.81
alisonthewliss,rescue_uk,retweet,1,-0.9274
alisonthewliss,sunrisedances,retweet,1,0.8327
alisonthewliss,tahir_mohammed,retweet,1,-0.34
alisonthewliss,thesnp,retweet,1,-0.434
alisonthewliss,wass2020,retweet,1,0.4404
alistairburtuk,asteiner,retweet,1,0.7517
alistairburtuk,jamesfrith,retweet,1,0.0
alistairburtuk,matthewrycroft1,retweet,1,-0.1761
alistairburtuk,peterjsalisbury,retweet,1,-0.3818
alistairburtuk,sarahwollaston,retweet,1,0.7968
alistairburtuk,stotfoldfc,retweet,1,0.0
alistairburtuk,tilly_trailer,retweet,1,0.6249
amberrudduk,amberrudduk,retweet,1,0.91
amcarmichaelmp,re_tidal,retweet,1,0.128
andrealeadsom,beisgovuk,retweet,2,0.0
andrealeadsom,lukegraystone,retweet,1,0.8217
andrealeadsom,talkradio,retweet,1,0.5569
andrew4pendle,iom_mozambique,retweet,1,0.0
andrew4pendle,ugandamfa,retweet,1,0.6124
andrewbowie_mp,laurencefindlay,retweet,1,0.9457
andrewbowie_mp,mrjkilcoyne,retweet,1,-0.1027
andrewbowie_mp,tasoadvisory,retweet,1,0.7574
andrewrosindell,ukintanzania,retweet,1,0.8655
andymcdonaldmp,tom_watson,retweet,1,0.0516
angelacrawley30,irishbird8,retweet,1,0.0
angelaeagle,englandcricket,retweet,1,0.0
angelaeagle,hopenothate,retweet,1,-0.1779
angelarayner,cwunews,retweet,1,0.743
angelarayner,labournorthwest,retweet,1,0.5994
angelarayner,labourpress,retweet,1,-0.8074
angelarayner,numenini,retweet,1,0.5461
angelarayner,sfielding90,retweet,1,0.8911
angelarayner,siangriffiths6,retweet,1,0.0534
angelasmithmp,fgabikay,retweet,1,0.2023
angusmacneilsnp,alasdairstephen,retweet,1,0.0
angusmacneilsnp,bbcalba,retweet,1,0.4019
angusmacneilsnp,berthanpete,retweet,1,0.5719
angusmacneilsnp,brexit_sham,retweet,1,-0.2263
angusmacneilsnp,chrismceleny,retweet,1,0.6428
angusmacneilsnp,davidrobbo66,retweet,1,0.2263
angusmacneilsnp,dickwinchester,retweet,1,0.1124
angusmacneilsnp,indycrowdscot,retweet,1,-0.4767
angusmacneilsnp,innealadair,retweet,1,-0.7351
angusmacneilsnp,neilsocialist,retweet,1,0.6369
angusmacneilsnp,nikitatharkin,retweet,1,0.7351
angusmacneilsnp,rxangus,retweet,1,0.4404
angusmacneilsnp,yesscot,retweet,1,0.7184
anna_soubry,nickboles,retweet,1,-0.296
annamcmorrin,fiona_stewart,retweet,1,0.9485
annamcmorrin,welshlabour,retweet,1,0.9246
annaturley,bickerrecord,retweet,1,0.6249
annaturley,communityld,retweet,1,0.6239
annaturley,duzza180,retweet,1,0.8268
annaturley,hoppy1848,retweet,1,-0.6249
annaturley,janeygodley,retweet,1,0.5093
annaturley,jorichardskent,retweet,1,-0.7351
annaturley,labour4animals,retweet,1,0.6046
annaturley,nhsarchie,retweet,1,0.7845
annaturley,politicsjoe_uk,retweet,1,0.7269
annaturley,samsoprano30,retweet,1,0.4404
annaturley,sandra4646,retweet,1,-0.3111
annaturley,untypicalboro,retweet,1,0.6124
annietrev,10downingstreet,retweet,1,0.4019
annietrev,conservatives,retweet,1,0.6369
barrysheerman,anna_soubry,retweet,1,-0.6124
barrysheerman,barackobama,retweet,1,0.2732
barrysheerman,hocpress,retweet,1,0.8777
barrysheerman,hollylynch5,retweet,2,-0.1096
barrysheerman,ofocbrexit,retweet,1,0.6696
barrysheerman,richardgcorbett,retweet,1,-0.7387
barrysheerman,rogerhelmermep,retweet,1,-0.784
barrysheerman,suekilcoyne,retweet,1,0.0
barrysheerman,universitiesuk,retweet,1,-0.5255
bbradley_mans,lucyallan,retweet,1,0.1531
bbradley_mans,martinclifford1,retweet,1,0.3182
benmlake,cangenpcllannon,retweet,1,0.8779
benmlake,keithmorrisaber,retweet,1,-0.25
benmlake,plaidceredigion,retweet,1,0.8829
benpbradshaw,markeuromark,retweet,1,-0.2401
benpbradshaw,stephenfrogers,retweet,1,-0.8047
bill_esterson,annaturley,retweet,1,0.34
bill_esterson,bill_esterson,retweet,2,-0.2792
bill_esterson,ianmurraymp,retweet,1,-0.2057
bill_esterson,labourlist,retweet,1,-0.4767
bill_esterson,labournorthwest,retweet,1,0.9151
bill_esterson,lindsaymelia,retweet,1,0.0
bobblackman,borisjohnson,retweet,1,0.7184
bobblackman,glaconservative,retweet,1,-0.1531
borisjohnson,10downingstreet,retweet,3,0.31883333333333336
brandonlewis,cchqpress,retweet,1,-0.6271
brandonlewis,emilyhewertson,retweet,1,-0.5719
brandonlewis,gavinwilliamson,retweet,1,0.9358
brandonlewis,greatyarmouthbc,retweet,1,0.9001
cajardinemp,chukaumunna,retweet,1,0.1779
cajardinemp,jamescoxld,retweet,1,0.4199
cajardinemp,jrwallace54,retweet,1,0.8271
carolinelucas,owenjones84,retweet,1,-0.743
carolynharris24,aberavonwaspi,retweet,1,0.6801
carolynharris24,francescrook,retweet,1,0.0
carolynharris24,fussydolphin,retweet,1,0.0
carolynharris24,gamblewithlives,retweet,1,0.8715
carolynharris24,gamfamcharity,retweet,1,0.0
carolynharris24,geraldine_mck,retweet,1,0.5719
carolynharris24,lizperkinspost,retweet,1,0.3612
carolynharris24,nicknongambler,retweet,1,-0.577
carolynharris24,raysofsunshine,retweet,1,0.9767
carolynharris24,steven_stokes,retweet,1,0.9349
carolynharris24,suenowers1,retweet,1,-0.4767
carolynharris24,swanseaonline10,retweet,1,-0.6124
carolynharris24,tozagurl,retweet,1,0.6808
carolynharris24,welshlabdeputy,retweet,1,0.8399
catharinehoey,arlenefosteruk,retweet,1,0.8977
catharinehoey,jamie_gwyrdd,retweet,1,0.6688
catharinehoey,maximusfishing,retweet,1,0.4019
catherinewest1,chefconsultant,retweet,1,0.836
cgreenuk,10downingstreet,retweet,1,-0.5574
cgreenuk,ghrmanchester,retweet,1,0.5859
cgreenuk,karldholbrook,retweet,1,0.3802
cgreenuk,nickymorgan01,retweet,1,0.9557
chionwurah,jude_kd,retweet,1,0.2263
chionwurah,newcastlecc,retweet,1,0.8316
chionwurah,northumbriapol,retweet,1,-0.6369
chionwurah,woolhatwoman,retweet,1,0.5499
chrism4chester,sdoughtymp,retweet,1,0.3802
chrisstephens,brianrjohnso,retweet,1,0.4404
chukaumunna,indyvoices,retweet,2,-0.22135000000000002
chukaumunna,johnmcdonnellmp,retweet,1,0.1779
chukaumunna,libdempress,retweet,1,0.0
chukaumunna,libdems,retweet,1,-0.4215
chukaumunna,remainernow,retweet,1,0.6825
chukaumunna,rowenamason,retweet,1,0.6808
cj_dinenage,aliciajones_02,retweet,1,0.8172
cj_dinenage,dawndonja,retweet,1,0.9274
cliveefford,bishopsouthwark,retweet,1,0.8878
cmonaghansnp,roadwarrior29,retweet,1,0.2263
colin_j_clark,scotchwhiskyswa,retweet,1,0.9493
conorburnsuk,susanbromley16,retweet,1,0.3612
conormcginn,whatsonsthelens,retweet,1,0.3802
coyleneil,bishopsouthwark,retweet,1,0.1901
coyleneil,housingactionsl,retweet,1,0.0
cphilpofficial,johndoc10002801,retweet,1,-0.0972
cpjelmore,bbcr4today,retweet,1,-0.5945
cpjelmore,lgbtlabourwales,retweet,1,0.9769
cpjelmore,rhsp27,retweet,1,0.2023
cpjelmore,scottishfabians,retweet,1,0.9081
cpjelmore,themoneycharity,retweet,1,0.784
cpjelmore,will_hingley,retweet,1,0.8074
craig4nwarks,stevebakerhw,retweet,1,0.0
cskidmoreuk,arronthind,retweet,1,0.8248
cskidmoreuk,croydonhealth,retweet,1,0.5574
cskidmoreuk,dhscgovuk,retweet,1,0.7845
cwhittaker_mp,jakeberry,retweet,1,0.8442
damiancollins,feargal_sharkey,retweet,1,0.3612
damiancollins,profcarroll,retweet,1,0.6597
damiangreen,thatcheriteandy,retweet,1,0.8316
danielzeichner,commonstrans,retweet,1,0.0
danirowley,dohoodle,retweet,1,0.168
danirowley,rlong_bailey,retweet,1,-0.743
danirowley,unisonlaboursco,retweet,1,-0.7351
danjarvismp,danjarvismp,retweet,1,0.0
danjarvismp,gargarin,retweet,1,0.0
danjarvismp,katerusby,retweet,1,0.8519
danjarvismp,njd1112,retweet,1,0.25
danjarvismp,opinionyp,retweet,1,-0.4588
darrenpjones,areeqchowdhury,retweet,1,0.3382
darrenpjones,itvnews,retweet,1,0.9223
david_duguid,alanbrownsnp,retweet,1,0.4019
david_duguid,ianduncanhmg,retweet,1,0.9571
daviddavismp,mpiainds,retweet,1,-0.4767
davidgauke,huwmerriman,retweet,1,0.2732
davidlinden,ayestotheright,retweet,1,0.5707
davidlinden,kenny_murray,retweet,1,-0.2732
davidrutley,william_wragg,retweet,1,0.4404
dawnbutlerbrent,actionjackson,retweet,1,0.9347
dawnbutlerbrent,essence,retweet,1,0.6114
debbie_abrahams,albabe1969,retweet,1,0.4926
debbie_abrahams,biensoeur,retweet,1,0.5972
debbie_abrahams,debbie_abrahams,retweet,1,0.2023
debbie_abrahams,lucympowell,retweet,1,-0.1655
debbie_abrahams,sdoughtymp,retweet,1,0.0
debbie_abrahams,upasnakakroo,retweet,1,0.0
deidrebrock,melaniebrockjpn,retweet,1,-0.5093
deidrebrock,skylinefilmtv,retweet,1,0.0387
derbychrisw,ca_timb,retweet,1,0.8271
derbychrisw,thecanaryuk,retweet,1,-0.4215
derekthomasuk,bbccornwall,retweet,1,-0.25
derekthomasuk,stevedouble,retweet,1,0.9231
dianajohnsonmp,abscultured,retweet,1,0.7712
dianajohnsonmp,cexhcc,retweet,1,0.0
dianajohnsonmp,dhammikax,retweet,1,0.2732
dianajohnsonmp,headstarthull,retweet,1,0.9282
dianajohnsonmp,hulltourguide,retweet,1,-0.8591
dianajohnsonmp,humberbeat,retweet,1,0.4404
dianajohnsonmp,ipprnorth,retweet,1,0.5719
dlidington,chrisphillips76,retweet,1,0.8122
dlidington,thistlejohn,retweet,1,0.8765
dougchapmansnp,ballotboxscot,retweet,1,0.0
dougchapmansnp,benmacpherson,retweet,1,0.0
dougchapmansnp,dunfermlinepol,retweet,1,0.6369
dougchapmansnp,usainscotland,retweet,1,0.8356
dr_philippaw,54kdoctors,retweet,1,0.0
dr_philippaw,advocateindian,retweet,1,0.4019
dr_philippaw,alijmcc,retweet,1,-0.8558
dr_philippaw,andrewremaineu,retweet,1,-0.5239
dr_philippaw,bnorval48,retweet,1,-0.3595
dr_philippaw,childofalba,retweet,1,0.6369
dr_philippaw,davebrowntoons,retweet,1,0.0
dr_philippaw,doufous,retweet,1,-0.4939
dr_philippaw,dy0b1,retweet,1,0.0
dr_philippaw,fsb_drichardson,retweet,1,0.7003
dr_philippaw,imillar13,retweet,1,0.2263
dr_philippaw,johniduffy,retweet,1,-0.2003
dr_philippaw,jomartin_path,retweet,1,0.9516
dr_philippaw,kkaaazz14,retweet,1,-0.296
dr_philippaw,mae_carson2,retweet,1,-0.6351
dr_philippaw,mrmalky,retweet,1,-0.3843
dr_philippaw,murrinholi,retweet,1,-0.507
dr_philippaw,politicsscot,retweet,1,0.9038
dr_philippaw,remainernow,retweet,1,0.2648
dr_philippaw,scuffsy,retweet,1,0.5777
dr_philippaw,sergi0068,retweet,1,0.0
dr_philippaw,sheilam19534814,retweet,1,-0.1027
drcarolinej,conservatives,retweet,1,0.5994
drlisacameronmp,weshredpaper,retweet,1,0.6908
drrosena,lukepollard,retweet,1,-0.7717
drrosena,schooltruth,retweet,1,0.4754
eddiehughes4wn,beisgovuk,retweet,1,-0.765
eddiehughes4wn,bloxwichacademy,retweet,1,0.9273
eddiehughes4wn,brandonlewis,retweet,1,0.8519
eddiehughes4wn,mrharrycole,retweet,1,0.5859
edvaizey,jonathanbadyal,retweet,1,0.2732
edvaizey,keithnicholdcms,retweet,1,-0.1682
edvaizey,los_fisher,retweet,1,0.4215
edvaizey,unescouk,retweet,1,0.7783
edvaizey,wdcacomms,retweet,1,0.9169
edwardjdavey,bestforbritain,retweet,1,-0.2924
edwardjdavey,edwardjdavey,retweet,2,-0.23450000000000001
edwardjdavey,ruthreed01,retweet,1,0.5093
edwardjdavey,saleyhaahsan,retweet,1,0.5093
eleanor4epping,elnews_,retweet,1,0.6124
eleanor_smith55,gazebotheatre,retweet,1,0.7625
eleanor_smith55,kingsschoolwlv,retweet,2,0.1366
eleanor_smith55,labourhometeam,retweet,1,0.4588
emmadentcoad,insidehousing,retweet,1,-0.7506
emmahardymp,_esp_2012,retweet,1,0.4576
emmahardymp,ahmadiyyauk,retweet,1,0.6597
emmalewellbuck,steviecairns,retweet,1,0.3089
faisal__rashid,whhnhs,retweet,1,-0.296
frankfieldteam,leadersgbni,retweet,1,0.5267
gareththomasmp,bestforbritain,retweet,1,-0.5563
gareththomasmp,peymasad,retweet,1,0.0258
gareththomasmp,sdoughtymp,retweet,1,-0.4303
garystreeterswd,swrailtaskforce,retweet,1,0.6486
gavnewlandssnp,bbcnewsnight,retweet,1,0.0
gavnewlandssnp,dmrussell62,retweet,1,0.0
gavnewlandssnp,douglasdaniel,retweet,1,-0.7506
gavnewlandssnp,lisawil66103501,retweet,1,0.4926
gavnewlandssnp,mackiejonathan,retweet,1,0.7158
gavnewlandssnp,rcarers,retweet,1,0.7096
georgefreemanmp,georgefreemanmp,retweet,1,0.6239
georgefreemanmp,isabelhardman,retweet,1,0.802
georgefreemanmp,jocoxfoundation,retweet,2,-0.62635
georgefreemanmp,wearebrightblue,retweet,1,0.4939
geraintdaviesmp,geraintdaviesmp,retweet,1,-0.4238
geraldjoneslab,gwentpcc,retweet,1,0.7717
geraldjoneslab,idsheadteacher,retweet,1,0.0
geraldjoneslab,safercaerphilly,retweet,1,0.0
gillfurnissmp,tracybrabin,retweet,1,0.9451
gloriadepiero,owenjones84,retweet,1,0.286
gordonmarsden,blackpoolsthlab,retweet,1,0.8271
gordonmarsden,chrispwebb,retweet,1,-0.1513
gordonmarsden,fetransforms,retweet,1,0.6597
gordonmarsden,gmbnwi,retweet,1,0.0
gordonmarsden,gordonmarsden,retweet,1,0.1027
gordonmarsden,labourpress,retweet,2,-0.14369999999999997
gordonmarsden,neilsmithgmb,retweet,1,0.8118
gradysnp,adamfiddle,retweet,1,-0.1298
gradysnp,bobdorissnp,retweet,1,0.6044
gradysnp,goforgow,retweet,1,0.9042
gradysnp,johncummingsnp,retweet,1,0.9272
grahamemorris,eastdurhamtrust,retweet,1,0.8684
grahamemorris,emmadentcoad,retweet,1,0.5106
grahamemorris,gletherby,retweet,1,0.3612
grahamemorris,karen_karenelee,retweet,1,0.4019
grahamemorris,rtherapy4life,retweet,2,0.09559999999999996
grahamstuart,damionapotter,retweet,1,0.0
greghands,greghammond66,retweet,1,0.3106
greghands,yankeebravo,retweet,1,0.4939
guyopperman,conservatives,retweet,1,-0.4767
guyopperman,guyopperman,retweet,2,0.11425
guyopperman,john_fusionpr,retweet,1,0.7783
gwynnemp,bubblejet,retweet,1,0.4753
gwynnemp,colmmcgiv,retweet,1,0.8271
gwynnemp,duchessmuse,retweet,1,0.4404
gwynnemp,mikestevensbbc,retweet,1,0.0
gwynnemp,richardwatts01,retweet,1,0.5994
hackneyabbott,jeremycorbyn,retweet,1,-0.3336
hackneyabbott,labourhometeam,retweet,1,-0.7501
halfon4harlowmp,bbcpolitics,retweet,1,0.7184
halfon4harlowmp,cmonehen,retweet,1,0.9217
halfon4harlowmp,halfon4harlowmp,retweet,2,0.26554999999999995
halfon4harlowmp,longbeach54620,retweet,1,0.6705
hammersmithandy,lbhf,retweet,1,0.9287
hammersmithandy,robertjeevans,retweet,1,0.2425
hannahb4livimp,alisonthewliss,retweet,1,0.5267
hannahb4livimp,britishbakeoff,retweet,1,0.5528
hannahb4livimp,eliz_lloyd,retweet,1,0.4404
hannahb4livimp,ianblackford_mp,retweet,1,0.6124
hannahb4livimp,lauramonty4,retweet,1,0.8477
heatherwheeler,borisjohnson,retweet,1,0.5994
heatherwheeler,southderbysasp,retweet,1,0.8655
heidiallen75,davidpnolan,retweet,1,-0.1779
heidiallen75,joswinson,retweet,1,0.7713
heidiallen75,mafevema,retweet,1,0.0
heidiallen75,sajidjavid,retweet,1,-0.7096
helengoodmanba,peston,retweet,1,-0.4767
helengoodmanba,tom_watson,retweet,1,0.0
helenhayes_,mayorsfund,retweet,1,0.902
henrysmithuk,olivetreecsc,retweet,1,0.8622
hilarybennmp,frankiemac9,retweet,1,-0.101
hilarybennmp,southleedslife,retweet,1,0.5994
hollylynch5,opinionyp,retweet,1,0.3182
hugoswire,borisjohnson,retweet,1,0.7096
hugoswire,conservatives,retweet,1,0.8402
hywelplaidcymru,alunffredplaid,retweet,1,0.0
hywelplaidcymru,alunplaidcymru,retweet,1,-0.7579
hywelplaidcymru,brynllys1,retweet,1,0.0772
hywelplaidcymru,christiandunn,retweet,1,0.6351
hywelplaidcymru,cwmnifranwen,retweet,1,0.0
hywelplaidcymru,dafyddtrystan,retweet,1,0.4927
hywelplaidcymru,delythjewellam,retweet,1,0.0
hywelplaidcymru,euflagmafia,retweet,1,0.5106
hywelplaidcymru,manonradge,retweet,1,0.3527
hywelplaidcymru,we_ownit,retweet,1,0.4199
ianblackford_mp,ali__samson,retweet,1,0.3612
ianlaverymp,jopike3,retweet,1,0.9287
ianmurraymp,wornoutmumhack,retweet,1,0.4019
imran_hussainmp,unisonyh,retweet,1,0.8955
iowbobseely,andrew_adonis,retweet,1,-0.1557
iowbobseely,haynesdeborah,retweet,1,0.8126
iowbobseely,isabeloakeshott,retweet,1,0.8858
iowbobseely,jack_whitewood,retweet,1,0.0
iowbobseely,southernwater,retweet,1,0.9231
j_donaldson_mp,colmdore,retweet,1,-0.8549
j_donaldson_mp,duponline,retweet,1,0.4019
j_donaldson_mp,matthewotoole2,retweet,1,0.2263
j_donaldson_mp,ririshregiment,retweet,1,0.8934
jackdromeymp,cummins23,retweet,1,0.4404
jackdromeymp,jackdromeymp,retweet,1,-0.1955
jamescleverly,cchqpress,retweet,1,-0.6271
jamescleverly,conservatives,retweet,2,0.7544
jamescleverly,elconservatives,retweet,1,0.8555
jamescleverly,essexpoliceuk,retweet,1,0.4019
jamescleverly,jajtyrrell,retweet,1,0.9606
jamescleverly,jsinghsohal,retweet,1,0.0
jamescleverly,matthewstadlen,retweet,1,-0.3612
jamescleverly,ryanhensonuk,retweet,1,0.9771
jamescleverly,streathamcons,retweet,1,0.8658
jamesduddridge,fabianpicardo,retweet,1,0.9365
jamesfrith,bill_esterson,retweet,1,0.9168
jamesfrith,david_conn,retweet,1,0.7003
jamesfrith,tongemichael,retweet,1,0.9001
jeffsmithetc,opinionyp,retweet,1,0.3182
jennychapman,tracksdarlo,retweet,1,0.8442
jesse_norman,jsheappey,retweet,1,0.8908
jessicamordenmp,_dylanmoore,retweet,1,0.9136
jessicamordenmp,welshcycling,retweet,1,0.7579
jessphillips,clivetyldesley,retweet,1,-0.3182
jessphillips,janerockhouse,retweet,1,0.5719
jessphillips,jessphillips,retweet,1,-0.6207
jessphillips,lewis_alee,retweet,1,0.5719
jessphillips,marycreagh_,retweet,1,0.7959
jessphillips,sarahchampionmp,retweet,1,-0.6597
jessphillips,supergutman,retweet,1,0.0
jessphillips,thehouse_mag,retweet,1,0.4019
jimfromoldham,joplattleigh,retweet,1,-0.1027
joannaccherry,jj_bruce,retweet,1,0.0
joannaccherry,joycemcm,retweet,1,-0.25
joannaccherry,nicolasturgeon,retweet,1,-0.743
joannaccherry,yesscot,retweet,1,0.6486
joanryanenfield,_lfi,retweet,1,0.8271
joanryanenfield,siobhain_mc,retweet,1,-0.5983
john2win,david_cameron,retweet,1,0.6915
john2win,journostephen,retweet,1,0.6486
johnmcdonnellmp,labouranimalrg,retweet,1,-0.8264
johnnymerceruk,beargrylls,retweet,1,0.8172
johnnymerceruk,btharris93,retweet,1,0.0
johnnymerceruk,jamesrbuk,retweet,1,0.4939
johnnymerceruk,piersmorgan,retweet,1,0.9337
johnnymerceruk,tgifridaysuk,retweet,1,0.0
jonashworth,nellyeborall,retweet,1,0.0
joplattleigh,alisonmc_f,retweet,1,0.606
joplattleigh,labourbythemany,retweet,1,0.9041
jostevenslabour,cardiff4eu,retweet,2,0.0421
jostevenslabour,cdfmuseandviews,retweet,1,0.4767
jostevenslabour,commonsdcms,retweet,1,0.3182
jostevenslabour,forourplanetnow,retweet,1,0.0
jostevenslabour,jason_kint,retweet,1,0.4926
joswinson,kristinssharp,retweet,1,0.8172
jreynoldsmp,bee_fleece,retweet,1,-0.4939
jreynoldsmp,davidamunday,retweet,1,0.6476
jreynoldsmp,tobybaxendale,retweet,1,0.5994
jsheappey,tylerpk,retweet,1,-0.5267
julianknight15,blythematters,retweet,1,0.5411
julianknight15,jgforsyth,retweet,1,-0.2732
julianknight15,montie,retweet,1,0.7591
julianknight15,robertjenrick,retweet,1,0.7712
julianknight15,thepaulfaulkner,retweet,1,0.802
justinmadders,r_mawhinney,retweet,1,0.0516
justinmadders,sales2great,retweet,1,0.2023
justintomlinson,petewebber1,retweet,1,0.4767
karen_karenelee,hackneyabbott,retweet,1,-0.6399
karen_karenelee,riccardolat0rre,retweet,1,0.1761
karen_karenelee,slugcampaign,retweet,1,0.5678
karenpbuckmp,louhaigh,retweet,1,0.4215
karinsmyth,tresacic,retweet,1,0.6908
karinsmyth,ukpatchwork,retweet,1,0.7964
karlturnermp,cfno1leftbehind,retweet,1,-0.0258
karlturnermp,emmagadie2009,retweet,1,0.9622
karlturnermp,therfl,retweet,1,0.5081
kate_hollernmp,doctor_oxford,retweet,1,0.8459
kategreensu,bbcnews,retweet,1,-0.4549
kategreensu,elenicourea,retweet,1,0.872
kategreensu,ukparliament,retweet,1,0.2023
keeleymp,barefeetadam,retweet,1,0.4019
keeleymp,joepike,retweet,1,-0.5106
keeleymp,keeleymp,retweet,1,-0.2732
keeleymp,sarasiobhan,retweet,1,0.296
keeleymp,shellparsons,retweet,1,0.9747
keeleymp,wendyburn,retweet,1,0.0
kerrymp,09twiggy,retweet,1,0.0
kerrymp,annesnelgrove,retweet,1,0.3367
kerrymp,bham_foe,retweet,1,0.2732
kerrymp,kathrynrolfe1,retweet,1,0.34
kerrymp,thangammp,retweet,1,0.6705
kevin_j_foster,aland_tda,retweet,2,0.588
kevin_j_foster,ashingtonlad74,retweet,1,0.3612
kevin_j_foster,bayonetmediauk,retweet,1,-0.3182
kevin_j_foster,danwnews,retweet,1,-0.0793
kevin_j_foster,jamesru5531l,retweet,1,0.7269
kevin_j_foster,sajidjavid,retweet,1,0.4215
kevin_j_foster,samanthapengil3,retweet,1,0.4404
kevinbrennanmp,fmwales,retweet,1,-0.8316
kevinbrennanmp,paulwaugh,retweet,1,0.0516
kevinbrennanmp,tom_watson,retweet,1,0.0
kevinhollinrake,thelpdf,retweet,1,0.7269
labourlewis,audreymagel,retweet,1,0.8999
labourlewis,elliechowns,retweet,1,0.7263
labourlewis,eloisetodd,retweet,1,0.0
labourlewis,labourlewis,retweet,1,0.0
labourlewis,polprofsteve,retweet,1,-0.189
labourlewis,thecanaryuk,retweet,1,0.0
laboursj,channel4news,retweet,1,0.0
laboursj,danpaulsimmons,retweet,1,0.2732
laboursj,drfrancesryan,retweet,1,0.8666
laurasmithcrewe,laurasmithcrewe,retweet,1,0.9246
laylamoran,tesfenews,retweet,1,-0.2263
lesleylaird,chionwurah,retweet,1,-0.5719
liambyrnemp,birminghamucu,retweet,1,0.9403
liambyrnemp,edgbaston,retweet,1,0.8188
liambyrnemp,liambyrnemp,retweet,3,0.40009999999999996
liambyrnemp,sanjeetabains,retweet,1,-0.3818
liliangreenwood,aslefunion,retweet,1,-0.8442
liliangreenwood,khan4wollaton,retweet,1,0.6588
liliangreenwood,sdoughtymp,retweet,1,0.4003
liliangreenwood,stushurlock,retweet,1,0.0
liliangreenwood,trentuni,retweet,1,0.0
lordianaustin,acwailing,retweet,1,0.0
lordianaustin,convivir,retweet,1,0.4019
lordianaustin,james_clancy19,retweet,1,-0.4767
lordianaustin,kathiedrinan,retweet,1,0.6369
lordianaustin,paulbranditv,retweet,1,-0.3885
lordianaustin,socialistdawn,retweet,1,0.0
lordianaustin,utopian_red,retweet,1,-0.8053
lordjohnmann,rachelrileyrr,retweet,1,-0.4459
lordwalney,hennybraund,retweet,1,0.6908
louhaigh,jackbuck123,retweet,1,-0.6661
louhaigh,jamie_s88,retweet,1,0.7184
louhaigh,misterrisk1,retweet,1,0.0258
louhaigh,pfew_chair,retweet,1,-0.2732
lsrplaid,adamprice,retweet,1,0.836
lsrplaid,alunplaidcymru,retweet,1,0.4574
lsrplaid,cronfagws,retweet,1,0.0
lsrplaid,gethingw,retweet,1,0.0
lsrplaid,llyrgruffydd,retweet,1,0.4404
lsrplaid,lsuzydavies,retweet,1,0.7964
lsrplaid,nationalwales,retweet,1,0.7845
lsrplaid,saraholytrinity,retweet,1,0.0
lsrplaid,yesllundain,retweet,1,-0.1027
lucianaberger,bbcnewsnight,retweet,1,0.0571
lucianaberger,bobyflop,retweet,1,0.0
lucianaberger,lovewavertree,retweet,1,0.5859
lucianaberger,the3million,retweet,1,-0.3818
lucianaberger,victorialive,retweet,1,0.0
lucyallan,lucyallan,retweet,2,0.031799999999999995
lucyallan,mhclg,retweet,1,0.4019
lucyallan,robertjenrick,retweet,1,0.7269
lucyallan,waspi_campaign,retweet,1,0.4019
lucympowell,ukparliament,retweet,1,0.0
lukegrahamuk,beisgovuk,retweet,1,0.1779
lukegrahamuk,thesnp,retweet,2,-0.3182
lukehall,changegrowlive,retweet,1,0.3612
lukehall,mrharrycole,retweet,1,0.5563
lukepollard,kathyhar,retweet,1,0.4019
lynbrownmp,kateaustin496,retweet,1,0.8225
lynbrownmp,maspatel01,retweet,1,0.9761
madeleinemoon,mariecuriepa,retweet,1,0.4019
madeleinemoon,terrychristian,retweet,1,0.5719
marcus4nuneaton,10downingstreet,retweet,1,0.2247
marcus4nuneaton,nuneatonmems,retweet,1,0.3818
marcusfysh,beccyryan,retweet,1,0.0
marcusfysh,chasdavey19,retweet,1,0.9737
marcusfysh,djafothergill,retweet,1,0.6588
marcusfysh,yeovilcollege,retweet,1,0.9022
marionfellows,cftrust,retweet,1,0.4767
marionfellows,mfctrust,retweet,1,0.7096
marklancastermk,bletchleypark,retweet,1,-0.5994
marshadecordova,fulhamfc,retweet,1,0.5574
marshadecordova,ukpatchwork,retweet,1,0.7964
martinjdocherty,clydesidermag,retweet,1,0.4451
martinjdocherty,coinneachmac,retweet,1,0.7243
marycreagh_,pickardje,retweet,1,-0.5269
maryrobinson01,maryrobinson01,retweet,2,0.8834
matthancock,georgefreemanmp,retweet,1,0.9621
matthancock,shaunlintern,retweet,1,-0.1361
mattwarman,fenbeagle,retweet,1,0.0
mattwarman,nickymorgan01,retweet,1,0.3182
mattwarman,rachelmann123,retweet,1,0.5789
meaglemp,1lynniewilliams,retweet,1,0.5994
meaglemp,benjamin__bland,retweet,1,0.3382
meaglemp,guardian,retweet,1,0.5719
meaglemp,thehouse_mag,retweet,1,0.4019
mgreenwoodww,labourpress,retweet,2,-0.71265
mgreenwoodww,pensbyschool,retweet,1,0.5374
michael4mdnp,librarywimborne,retweet,1,0.685
michael4mdnp,samanthalouemma,retweet,1,0.6588
michaelgove,2markdavid,retweet,1,0.5994
michaelgove,willquince,retweet,1,0.5859
mike_fabricant,crisyorke,retweet,1,0.9321
mike_fabricant,dhscgovuk,retweet,1,0.7351
mike_fabricant,lichfield_phil,retweet,1,0.3818
mike_fabricant,waileeho,retweet,1,0.0
mikeamesburymp,johnmcdonnellmp,retweet,1,0.7003
mikeamesburymp,labourpress,retweet,1,-0.8074
mikegapes,ianbirrell,retweet,1,-0.4767
mikegapes,lionelbarber,retweet,1,0.6369
mikegapes,ofocbrexit,retweet,1,-0.4019
mikegapes,williamsjon,retweet,1,0.0772
mimsdavies,beisgovuk,retweet,1,0.4215
mimsdavies,defragovuk,retweet,1,0.4767
mimsdavies,dhscgovuk,retweet,1,0.6597
mimsdavies,eastleighbc,retweet,1,0.6705
mimsdavies,sou_airport,retweet,1,-0.8122
mimsdavies,swaneastleigh,retweet,1,0.0
mtpennycook,mtpennycook,retweet,1,0.4588
nadams,latikambourke,retweet,1,0.0
nadhimzahawi,10downingstreet,retweet,3,0.45313333333333333
nadhimzahawi,beisgovuk,retweet,2,-0.33115
nadhimzahawi,bopanc,retweet,1,-0.5859
nadhimzahawi,concotzias,retweet,1,0.7964
nadhimzahawi,domgiles1,retweet,1,0.0
nadhimzahawi,feweek,retweet,2,0.23835
nadhimzahawi,halfon4harlowmp,retweet,1,-0.228
nadhimzahawi,jamescleverly,retweet,1,0.6705
nadhimzahawi,sajidjavid,retweet,1,0.5346
nadhimzahawi,sonapublishing,retweet,1,0.8478
nadhimzahawi,stratforddc,retweet,1,0.6249
nadhimzahawi,yougovamerica,retweet,1,0.0
nadinedorries,dhscgovuk,retweet,1,0.8672
nazshahbfd,jawadsohrab,retweet,1,0.4767
neildotobrien,amjonno,retweet,1,0.0
neilgraysnp,cnewarthill,retweet,1,0.8398
neill_bob,lbofbromley,retweet,1,0.0
neill_bob,tonykent_writes,retweet,1,0.8885
niagriffithmp,forwardassist1,retweet,1,0.34
nicdakin55,alhouldsworth,retweet,1,-0.296
nicdakin55,jessicamordenmp,retweet,1,-0.5422
nicdakin55,paulscunny,retweet,1,0.5308
nicdakin55,seandunderdale,retweet,1,0.5216
nickboles,alistairburtuk,retweet,1,0.128
nickhurduk,hospulster,retweet,1,0.765
nicktorfaen,karlturnermp,retweet,1,0.6908
nickymorgan01,usambuk,retweet,1,0.3182
nigeldoddsdup,anborough,retweet,1,0.4019
normanlamb,beckymalby,retweet,1,0.7964
normanlamb,defragovuk,retweet,1,0.6908
normanlamb,hargreavesrobin,retweet,1,0.7579
normanlamb,iangould5,retweet,1,0.4199
normanlamb,jamestitcombe,retweet,1,-0.8817
normanlamb,newangliaenergy,retweet,1,0.8748
normanlamb,pfrench123,retweet,1,0.6705
normanlamb,socfuture,retweet,1,0.9555
nsoames,10downingstreet,retweet,1,0.0
nsoames,anandmenon1,retweet,1,0.8271
nsoames,charles_hendry,retweet,1,0.5719
nsoames,goedhuis_laura,retweet,1,-0.4588
nsoames,jimmyrdee,retweet,1,0.0
nsoames,katieculture,retweet,1,0.0
nsoames,matthancock,retweet,1,0.0
nsoames,ruthdavidsonpc,retweet,1,0.836
nsoames,wabbey,retweet,1,0.0
nus_ghani,jamescleverly,retweet,1,0.0
nus_ghani,lucyallan,retweet,1,0.7965
oliverhealduk,commonsefra,retweet,1,-0.0516
onnmel,fascinatorfun,retweet,1,0.8555
onnmel,gillameeno,retweet,1,-0.8227
owenpaterson,racingtv,retweet,1,0.5719
patmcfaddenmp,sicklecelluk,retweet,1,-0.2846
paulasherriff,arron_banks,retweet,1,-0.3462
paulasherriff,labourpress,retweet,1,-0.8384
paulasherriff,lizorme,retweet,1,0.4023
paulblomfieldmp,suzikaz,retweet,1,0.0352
pauljsweeney,alansherry1,retweet,1,0.8481
pauljsweeney,alasdairsoussi,retweet,1,-0.1779
pauljsweeney,anndranicolson,retweet,1,0.4019
pauljsweeney,baaadbitch,retweet,1,-0.128
pauljsweeney,cathcartlabour,retweet,1,0.5849
pauljsweeney,david_jamieson7,retweet,1,0.3291
pauljsweeney,eloisetodd,retweet,1,0.8357
pauljsweeney,getglesgamoving,retweet,1,0.6588
pauljsweeney,glasgowheritage,retweet,1,-0.7081
pauljsweeney,grahamogilvy,retweet,1,0.0
pauljsweeney,ianyorston,retweet,1,-0.1171
pauljsweeney,irene89383961,retweet,1,0.0772
pauljsweeney,liannweir,retweet,1,0.7574
pauljsweeney,liberaldespot,retweet,1,0.6486
pauljsweeney,maureen_sharkey,retweet,1,0.4019
pauljsweeney,nitishramparsad,retweet,1,0.8873
pauljsweeney,pauljsweeney,retweet,4,0.14905000000000002
pauljsweeney,redflag3rd,retweet,1,0.0
pauljsweeney,savesauchiehall,retweet,1,0.3182
pauljsweeney,stuart_stumcg,retweet,1,0.8126
pauljsweeney,thinksharpe,retweet,1,-0.7515
pauljsweeney,unisonlaboursco,retweet,1,0.015
pauljsweeney,yesmaryhill,retweet,1,0.0
pennymordaunt,mikesellerspip,retweet,1,0.4404
pennymordaunt,portsmouthproud,retweet,1,0.7777
peter_dowd,bbcpolitics,retweet,1,0.4404
peter_dowd,dianeroscoe2,retweet,1,0.7096
peter_dowd,labourpress,retweet,1,0.0534
peterboneuk,bbc5live,retweet,1,0.3701
peterboneuk,votepursglove,retweet,1,0.7901
petergrantmp,erikgeddes,retweet,1,0.6786
petergrantmp,feorlean,retweet,2,-0.2934
petergrantmp,iainmacwhirter,retweet,1,-0.8602
petergrantmp,ianmurraymp,retweet,1,0.7506
petergrantmp,plaid_cymru,retweet,1,-0.296
petergrantmp,tomfrench85,retweet,1,-0.8074
peterkyle,ishousecroft,retweet,1,0.807
peterkyle,mikeajturner,retweet,1,0.3612
peterkyle,peterkyle,retweet,1,-0.0182
peterkyle,unwinstanley,retweet,1,-0.3612
peterkyle,wesstreeting,retweet,1,-0.4588
peternorthdevon,torypresssw,retweet,1,0.6249
petewishart,tammcturk,retweet,1,0.5719
philipdaviesuk,brexitbrit,retweet,1,0.0772
philipdaviesuk,dcbmep,retweet,1,0.3818
philipdaviesuk,esthermcvey1,retweet,1,0.4019
philipdaviesuk,nw_darrenh,retweet,1,0.7964
philwilsonxmp,joswinson,retweet,1,0.3612
preetkgillmp,ageukcampaigns,retweet,1,0.25
preetkgillmp,britainelects,retweet,1,0.0
preetkgillmp,camtrev31,retweet,1,-0.3415
preetkgillmp,dnepo,retweet,1,-0.5789
preetkgillmp,harborne_jayne,retweet,1,0.7334
preetkgillmp,mr_w_carpenter,retweet,1,0.0
preetkgillmp,steve_mccabe,retweet,1,0.8481
preetkgillmp,whfgarden,retweet,1,0.8271
rachelreevesmp,jazz_o72,retweet,1,0.7316
realstephenkerr,stirling_tories,retweet,1,0.2942
realstephenkerr,stirlingcarers,retweet,1,0.9214
rebeccaharrismp,10downingstreet,retweet,1,0.0
rebeccaharrismp,carriesymonds,retweet,1,0.0
rebeccaharrismp,defragovuk,retweet,1,0.8555
rebeccaharrismp,georgefreemanmp,retweet,1,-0.1531
rebeccaharrismp,halfon4harlowmp,retweet,1,0.8591
rebeccaharrismp,nus_ghani,retweet,1,0.0
redditchrachel,amberrudduk,retweet,1,0.6588
redditchrachel,cllrjuliet,retweet,1,0.9318
redditchrachel,mash1973,retweet,1,0.3182
rees4neath,fmwales,retweet,1,-0.4019
rees4neath,jothomas4cw,retweet,1,0.6588
rees4neath,pastyturner,retweet,1,0.7579
rees4neath,theladywilcox,retweet,1,0.802
rees4neath,welshlabour,retweet,1,-0.1027
rhonddabryant,bbcnickrobinson,retweet,1,0.8402
rhonddabryant,grahamsmith_,retweet,1,-0.3182
rhonddabryant,mickantoniw1,retweet,1,0.4588
rhonddabryant,revdavidcoles,retweet,1,-0.5511
rhonddabryant,tom_watson,retweet,1,0.0
richardgrahamuk,davidedrew,retweet,1,0.5719
richardgrahamuk,sclubbethan,retweet,1,0.4767
richardhrbenyon,alastairbruce_,retweet,1,0.128
richardhrbenyon,zacgoldsmith,retweet,1,0.6808
robertbuckland,hmpps,retweet,1,0.4019
robertbuckland,wiltspolicedh,retweet,1,0.8718
robertjenrick,10downingstreet,retweet,1,0.2247
robertjenrick,mhclg,retweet,2,0.42955
robertsyms,nickgillespie,retweet,1,0.3716
rogergodsiff,faisal__rashid,retweet,1,0.2748
ronniecowan,gmbscotorg,retweet,1,0.656
ronniecowan,ststephenshs,retweet,1,-0.2617
ronniecowan,yesinverclyde,retweet,1,-0.4588
rorystewartuk,kmerrin,retweet,1,0.7906
rorystewartuk,mykelo,retweet,1,0.3612
rorystewartuk,noname11134528,retweet,1,0.3612
rossthomson_abz,stephenkerrmsp,retweet,1,0.8402
rthondavehanson,nwaleslocaltv,retweet,1,0.8122
rupahuq,lqhomesmatter,retweet,1,0.9118
rupahuq,scnathan,retweet,1,0.0
rupahuq,suewood60,retweet,1,0.6369
rushanaraali,lewis_goodall,retweet,1,0.128
ruthcadbury,chousescandal,retweet,1,0.8953
ruthcadbury,mulberrycentre,retweet,1,0.8805
ruthcadbury,sadiqkhan,retweet,1,0.9186
sajidjavid,conservatives,retweet,1,0.5634
sajidjavid,ruthdavidsonpc,retweet,1,0.2732
sandbach,naffraf,retweet,1,0.0
sandbach,resurgentsheep,retweet,1,0.4019
sandbach,teddys_wish,retweet,1,0.8555
sarahchampionmp,chappers7922,retweet,1,0.8122
sarahchampionmp,jcstaff_,retweet,1,-0.1531
sarahchampionmp,nordicmodelnow,retweet,1,-0.8591
sarahchampionmp,oneandonlymr0,retweet,1,-0.5267
sarahchampionmp,sarahchampionmp,retweet,1,0.4939
sarahchampionmp,thirtyoneeight,retweet,1,0.4215
sarahchampionmp,wendy_cooksey,retweet,1,0.6249
sarahwollaston,brexpatshov,retweet,1,0.7783
sarahwollaston,libdems,retweet,1,0.0
sarahwollaston,rorystewartuk,retweet,1,0.5719
sdoughtymp,cardiff4eu,retweet,1,0.69
sdoughtymp,cardiffcouncil,retweet,1,0.7096
sdoughtymp,glamorganshire,retweet,1,0.9371
sdoughtymp,lgbtlabourwales,retweet,1,0.9324
sdoughtymp,lucianaberger,retweet,1,-0.3182
sdoughtymp,ojlontweets,retweet,1,0.4019
sdoughtymp,richardgcorbett,retweet,1,-0.7781
seemamalhotra1,helenbrits,retweet,1,0.5389
seemamalhotra1,km_finlayson,retweet,1,0.7959
seemamalhotra1,labourroyall,retweet,1,-0.0258
seemamalhotra1,sdoughtymp,retweet,1,-0.4122
shaileshvara,borisjohnson,retweet,1,0.6369
shaileshvara,cabinetofficeuk,retweet,1,0.3818
sharonhodgsonmp,jeremycorbyn,retweet,1,-0.296
sharonhodgsonmp,lindsaygrahamuk,retweet,1,0.0
sharonhodgsonmp,shieldsbrief,retweet,1,0.7286
sharonhodgsonmp,victorialive,retweet,1,0.0258
simon4ndorset,listentoalfred,retweet,1,0.4019
simonclarkemp,carolewatkins44,retweet,1,0.0
simonclarkemp,conservatives,retweet,1,-0.3724
simonclarkemp,fmconservatives,retweet,1,-0.5106
simonclarkemp,steve_hawkes,retweet,1,0.3197
siobhain_mc,adesola86,retweet,1,0.0
siobhain_mc,unsrilanka,retweet,1,0.7845
stellacreasy,_elvishpresley_,retweet,1,-0.1043
stellacreasy,julie4north,retweet,1,0.7644
stellacreasy,shirkerism,retweet,1,0.4215
stellacreasy,wkgrainger1,retweet,1,0.872
stephengethins,c_malexander,retweet,1,0.3343
stephengethins,gerryhassan,retweet,1,0.0
stephenmorganmp,cllrtomhayes,retweet,1,0.4019
stephenmorganmp,labourpress,retweet,1,-0.3818
stephenmorganmp,royalnavy,retweet,1,0.0
stephenmorganmp,victoriousfest,retweet,1,0.4939
stephentwigg,sneweyy,retweet,1,-0.8807
stevebakerhw,10downingstreet,retweet,2,-0.2113
stevebakerhw,dfid_uk,retweet,1,-0.5859
stevebakerhw,dominicraab,retweet,1,0.7845
stevebakerhw,frasernelson,retweet,1,-0.296
stevebakerhw,prosperityuk_,retweet,1,0.6705
stevebakerhw,robertjenrick,retweet,1,0.8519
stevebakerhw,standup4brexit,retweet,1,0.5423
stevebakerhw,tradegovuk,retweet,1,0.5994
stevebakerhw,ukhomeoffice,retweet,1,0.0
stevebakerhw,usambuk,retweet,1,0.7184
stevedouble,tonyjolagoodman,retweet,1,-0.4767
stevereedmp,stevebarclay,retweet,1,0.0
stewartmcdonald,bbcscotlandnews,retweet,1,0.4019
stewartmcdonald,broadcastscot,retweet,1,0.4199
stewartmcdonald,calumrkerr,retweet,1,0.8016
stewartmcdonald,jamieglackin1,retweet,1,0.0
stewartmcdonald,jessphillips,retweet,1,-0.4497
stewartmcdonald,somewhereedi,retweet,1,-0.7769
stewartmcdonald,tomfrench85,retweet,1,-0.886
stewartmcdonald,ukpatchwork,retweet,1,0.7964
stewartmcdonald,yuenok,retweet,1,0.8113
suehayman1,angelarayner,retweet,1,0.5574
suehayman1,annamcmorrin,retweet,1,0.8442
suehayman1,lukepollard,retweet,1,0.0
suehayman1,skynews,retweet,1,0.3182
suehayman1,vettimesuk,retweet,1,-0.4228
tandhesi,amritmaanldn,retweet,1,0.2732
tandhesi,atiqahmdbhatti,retweet,1,0.9186
tandhesi,jameshockaday_,retweet,1,0.0
tandhesi,nspauk,retweet,1,0.9612
tandhesi,satyendra7,retweet,1,0.8779
tandhesi,tourdehajj,retweet,1,0.8316
thangammp,ancientpasttime,retweet,1,0.8977
thangammp,lina26186036,retweet,1,-0.2263
thangammp,margaretkeenan,retweet,1,0.8584
thangammp,thangammp,retweet,1,0.716
thangammp,ukpatchwork,retweet,1,0.7964
thelma_dwalker,labourbythemany,retweet,1,0.1984
thelma_dwalker,lemnsissay,retweet,1,0.0
theresecoffey,10downingstreet,retweet,1,0.3952
theresecoffey,conservatives,retweet,1,-0.7906
theresecoffey,envagencynw,retweet,1,0.3612
theresecoffey,judithshallow,retweet,1,0.7845
theresecoffey,markglennmurphy,retweet,1,0.4019
theresecoffey,naomihodges28,retweet,1,-0.5267
thomasbrake,joswinson,retweet,1,-0.3107
timfarron,mattietk,retweet,1,-0.0772
timloughton,emharris33,retweet,2,0.774
timloughton,georgefreemanmp,retweet,1,0.296
tobyperkinsmp,aarondfirth,retweet,1,0.3818
tom_watson,dannyjpalmer,retweet,1,0.0
tom_watson,itvnews,retweet,1,0.4019
tom_watson,tom_watson,retweet,1,0.9287
tomtugendhat,faz_net,retweet,1,-0.8316
tomtugendhat,feweek,retweet,1,0.7269
tomtugendhat,haynesdeborah,retweet,1,0.2732
tomtugendhat,lordrickettsp,retweet,1,-0.1531
tomtugendhat,lukegrahamuk,retweet,1,0.8126
tomtugendhat,normanlamb,retweet,1,0.3597
tomtugendhat,proftimbale,retweet,1,0.6808
tomtugendhat,ric_cole,retweet,1,-0.5574
tomtugendhat,ukhomeoffice,retweet,1,0.7506
toniaantoniazzi,annclwyd,retweet,1,0.743
toniaantoniazzi,briangr59263249,retweet,1,0.0
toniaantoniazzi,cllrastevens,retweet,1,0.0
toniaantoniazzi,elenicourea,retweet,1,0.0
toniaantoniazzi,elliereeves,retweet,1,0.3182
toniaantoniazzi,gmbwsw,retweet,1,0.7345
toniaantoniazzi,guardian,retweet,1,0.0
toniaantoniazzi,jmac_wir,retweet,1,0.0
toniaantoniazzi,louhaigh,retweet,1,-0.2716
toniaantoniazzi,refillgower,retweet,1,0.7783
toniaantoniazzi,scarlets_ladies,retweet,1,0.8934
toniaantoniazzi,scott_arthur,retweet,1,0.7345
toniaantoniazzi,simon4ndorset,retweet,1,0.2732
toniaantoniazzi,swpswansea,retweet,1,0.7749
tony4rochdale,hellomarkc,retweet,1,-0.3182
tony4rochdale,jemsoc,retweet,1,0.765
tony4rochdale,rochdalecom,retweet,1,0.8934
tpearce003,belvederelabour,retweet,1,0.0
tpearce003,c_quigley,retweet,1,0.8387
tpearce003,drew1403,retweet,1,0.0
tpearce003,lbofbexley,retweet,1,0.4767
tpearce003,tpearce003,retweet,2,0.3592
tracey_crouch,nicevennett,retweet,1,0.8402
tracey_crouch,paulgermaney,retweet,1,0.8271
trussliz,euroguido,retweet,1,0.784
vernon_coaker,mos_politics,retweet,1,0.0379
vickyford,accandyprophet,retweet,1,0.8502
vickyford,s2tee30,retweet,1,0.5106
vickyfoxcroft,addeys300,retweet,1,0.8779
vickyfoxcroft,croftonparklife,retweet,1,0.0772
victoriaprentis,andrewbowie_mp,retweet,1,0.9078
victoriaprentis,brunoholthof,retweet,1,0.6908
votepursglove,corbybc,retweet,1,0.6467
votepursglove,impossible_elf,retweet,1,0.0258
votepursglove,jamescleverly,retweet,1,0.0
votepursglove,justwhous,retweet,1,0.0
votepursglove,mickhux,retweet,1,-0.296
votepursglove,piperpaul280172,retweet,1,0.7506
votepursglove,seanyboy_e,retweet,1,-0.3804
votepursglove,stubailie,retweet,2,0.6657
votepursglove,tonypddd,retweet,1,0.0
wera_hobhouse,luisaporritt,retweet,1,-0.7783
wesstreeting,chunkymark,retweet,1,0.743
wesstreeting,echonickg,retweet,1,0.6808
wesstreeting,elhap,retweet,1,0.9593
wesstreeting,jenlloyd001,retweet,1,0.0
wesstreeting,lmharpin,retweet,1,0.0
wesstreeting,sdoughtymp,retweet,1,-0.3947
wesstreeting,weggis66,retweet,2,0.62615
willquince,alliburkephoto,retweet,1,0.0
willquince,colchesterviews,retweet,2,0.0
willquince,colu_official,retweet,1,0.3802
willquince,conservatives,retweet,1,0.891
willquince,jackdwest,retweet,1,0.7344
willquince,mhclg,retweet,1,0.128
willquince,sandrasmithmnd,retweet,1,0.0
willquince,tymperleys,retweet,1,0.0
willquince,ukdean1970,retweet,1,-0.1361
yasminqureshimp,boo_global,retweet,1,0.4951
zacgoldsmith,ascension_gov,retweet,1,0.9732
