Parent_Location,Region,Topic,Popularity
worldwide,Kiribati,climate_change,0.0
worldwide,Tuvalu,climate_change,0.0
worldwide,Solomon Islands,climate_change,0.0
worldwide,Marshall Islands,climate_change,0.0
worldwide,Vanuatu,climate_change,0.0
worldwide,Micronesia,climate_change,0.0
worldwide,Tonga,climate_change,0.0
worldwide,Fiji,climate_change,0.0
worldwide,Samoa,climate_change,0.0
worldwide,Bhutan,climate_change,0.0
worldwide,Papua New Guinea,climate_change,0.0
worldwide,Eritrea,climate_change,0.0
worldwide,Palau,climate_change,0.0
worldwide,American Samoa,climate_change,0.0
worldwide,Lesotho,climate_change,0.0
worldwide,Zimbabwe,climate_change,100.0
worldwide,Cook Islands,climate_change,0.0
worldwide,Belize,climate_change,0.0
worldwide,Philippines,climate_change,85.0
worldwide,Ethiopia,climate_change,83.0
worldwide,Malawi,climate_change,0.0
worldwide,Eswatini,climate_change,0.0
worldwide,Dominica,climate_change,0.0
worldwide,Svalbard & Jan Mayen,climate_change,0.0
worldwide,Nauru,climate_change,0.0
worldwide,Rwanda,climate_change,0.0
worldwide,Guyana,climate_change,0.0
worldwide,Nepal,climate_change,65.0
worldwide,Botswana,climate_change,0.0
worldwide,Nicaragua,climate_change,64.0
worldwide,St Vincent & the Grenadines,climate_change,0.0
worldwide,Gambia,climate_change,0.0
worldwide,Zambia,climate_change,0.0
worldwide,Sierra Leone,climate_change,0.0
worldwide,Grenada,climate_change,0.0
worldwide,Liberia,climate_change,0.0
worldwide,Jamaica,climate_change,56.0
worldwide,Mauritius,climate_change,0.0
worldwide,Namibia,climate_change,0.0
worldwide,Comoros,climate_change,0.0
worldwide,Ghana,climate_change,51.0
worldwide,Montserrat,climate_change,0.0
worldwide,Uganda,climate_change,49.0
worldwide,Northern Mariana Islands,climate_change,0.0
worldwide,São Tomé & Príncipe,climate_change,0.0
worldwide,Kenya,climate_change,49.0
worldwide,South Africa,climate_change,49.0
worldwide,Niger,climate_change,0.0
worldwide,Maldives,climate_change,0.0
worldwide,Cameroon,climate_change,0.0
worldwide,Ecuador,climate_change,46.0
worldwide,South Sudan,climate_change,0.0
worldwide,Trinidad & Tobago,climate_change,0.0
worldwide,Tanzania,climate_change,45.0
worldwide,El Salvador,climate_change,45.0
worldwide,Cape Verde,climate_change,0.0
worldwide,St Lucia,climate_change,0.0
worldwide,Burkina Faso,climate_change,0.0
worldwide,New Zealand,climate_change,42.0
worldwide,Seychelles,climate_change,0.0
worldwide,Cuba,climate_change,0.0
worldwide,Somalia,climate_change,0.0
worldwide,Mozambique,climate_change,0.0
worldwide,Burundi,climate_change,0.0
worldwide,Honduras,climate_change,40.0
worldwide,Antigua & Barbuda,climate_change,0.0
worldwide,Australia,climate_change,39.0
worldwide,Timor-Leste,climate_change,0.0
worldwide,St Kitts & Nevis,climate_change,0.0
worldwide,Madagascar,climate_change,0.0
worldwide,Panama,climate_change,36.0
worldwide,Peru,climate_change,36.0
worldwide,US Virgin Islands,climate_change,0.0
worldwide,Barbados,climate_change,0.0
worldwide,Anguilla,climate_change,0.0
worldwide,Falkland Islands (Islas Malvinas),climate_change,0.0
worldwide,Pakistan,climate_change,34.0
worldwide,Chad,climate_change,0.0
worldwide,Brunei,climate_change,0.0
worldwide,Togo,climate_change,0.0
worldwide,Costa Rica,climate_change,33.0
worldwide,British Virgin Islands,climate_change,0.0
worldwide,Nigeria,climate_change,33.0
worldwide,Bangladesh,climate_change,32.0
worldwide,Guatemala,climate_change,32.0
worldwide,Canada,climate_change,31.0
worldwide,Mexico,climate_change,31.0
worldwide,Bahamas,climate_change,0.0
worldwide,Bolivia,climate_change,30.0
worldwide,Myanmar (Burma),climate_change,0.0
worldwide,Benin,climate_change,0.0
worldwide,Equatorial Guinea,climate_change,0.0
worldwide,Singapore,climate_change,29.0
worldwide,Isle of Man,climate_change,0.0
worldwide,Dominican Republic,climate_change,29.0
worldwide,Turks & Caicos Islands,climate_change,0.0
worldwide,United Arab Emirates,climate_change,29.0
worldwide,Haiti,climate_change,0.0
worldwide,Gabon,climate_change,0.0
worldwide,Djibouti,climate_change,0.0
worldwide,India,climate_change,28.0
worldwide,Bermuda,climate_change,0.0
worldwide,Central African Republic,climate_change,0.0
worldwide,Cayman Islands,climate_change,0.0
worldwide,Cambodia,climate_change,0.0
worldwide,Congo - Brazzaville,climate_change,0.0
worldwide,Guam,climate_change,0.0
worldwide,United Kingdom,climate_change,26.0
worldwide,Oman,climate_change,0.0
worldwide,Sri Lanka,climate_change,25.0
worldwide,Lebanon,climate_change,0.0
worldwide,United States,climate_change,24.0
worldwide,Guinea-Bissau,climate_change,0.0
worldwide,Greenland,climate_change,0.0
worldwide,Puerto Rico,climate_change,0.0
worldwide,Ireland,climate_change,24.0
worldwide,Côte d’Ivoire,climate_change,0.0
worldwide,St Helena,climate_change,0.0
worldwide,Indonesia,climate_change,23.0
worldwide,Colombia,climate_change,23.0
worldwide,Senegal,climate_change,0.0
worldwide,Qatar,climate_change,0.0
worldwide,Hong Kong,climate_change,22.0
worldwide,Albania,climate_change,0.0
worldwide,Malta,climate_change,0.0
worldwide,Sint Maarten,climate_change,0.0
worldwide,Guernsey,climate_change,0.0
worldwide,Suriname,climate_change,0.0
worldwide,Mongolia,climate_change,0.0
worldwide,Venezuela,climate_change,21.0
worldwide,Jersey,climate_change,0.0
worldwide,Bahrain,climate_change,0.0
worldwide,Iceland,climate_change,0.0
worldwide,Mali,climate_change,0.0
worldwide,Gibraltar,climate_change,0.0
worldwide,Luxembourg,climate_change,0.0
worldwide,Uzbekistan,climate_change,0.0
worldwide,Chile,climate_change,19.0
worldwide,Afghanistan,climate_change,0.0
worldwide,Vietnam,climate_change,19.0
worldwide,Norway,climate_change,18.0
worldwide,Malaysia,climate_change,18.0
worldwide,Congo - Kinshasa,climate_change,0.0
worldwide,South Korea,climate_change,17.0
worldwide,Faroe Islands,climate_change,0.0
worldwide,Egypt,climate_change,17.0
worldwide,Caribbean Netherlands,climate_change,0.0
worldwide,Jordan,climate_change,0.0
worldwide,Angola,climate_change,0.0
worldwide,Cyprus,climate_change,0.0
worldwide,Laos,climate_change,0.0
worldwide,Kuwait,climate_change,0.0
worldwide,Paraguay,climate_change,0.0
worldwide,Uruguay,climate_change,0.0
worldwide,Andorra,climate_change,0.0
worldwide,Aruba,climate_change,0.0
worldwide,Finland,climate_change,15.0
worldwide,Portugal,climate_change,14.0
worldwide,Morocco,climate_change,14.0
worldwide,Spain,climate_change,14.0
worldwide,Switzerland,climate_change,13.0
worldwide,Tunisia,climate_change,0.0
worldwide,Sweden,climate_change,13.0
worldwide,Denmark,climate_change,13.0
worldwide,Guinea,climate_change,0.0
worldwide,Curaçao,climate_change,0.0
worldwide,Taiwan,climate_change,12.0
worldwide,St Martin,climate_change,0.0
worldwide,Macao,climate_change,0.0
worldwide,Thailand,climate_change,12.0
worldwide,Georgia,climate_change,0.0
worldwide,Kyrgyzstan,climate_change,0.0
worldwide,Tajikistan,climate_change,0.0
worldwide,Algeria,climate_change,11.0
worldwide,Mayotte,climate_change,0.0
worldwide,Argentina,climate_change,11.0
worldwide,San Marino,climate_change,0.0
worldwide,Austria,climate_change,11.0
worldwide,Belgium,climate_change,11.0
worldwide,Libya,climate_change,0.0
worldwide,Netherlands,climate_change,11.0
worldwide,Western Sahara,climate_change,0.0
worldwide,Kazakhstan,climate_change,11.0
worldwide,Germany,climate_change,11.0
worldwide,Mauritania,climate_change,0.0
worldwide,Latvia,climate_change,0.0
worldwide,Monaco,climate_change,0.0
worldwide,Palestine,climate_change,0.0
worldwide,Brazil,climate_change,10.0
worldwide,New Caledonia,climate_change,0.0
worldwide,Turkmenistan,climate_change,0.0
worldwide,Saudi Arabia,climate_change,10.0
worldwide,Sudan,climate_change,0.0
worldwide,Liechtenstein,climate_change,0.0
worldwide,Greece,climate_change,10.0
worldwide,St Barthélemy,climate_change,0.0
worldwide,French Polynesia,climate_change,0.0
worldwide,Iraq,climate_change,10.0
worldwide,Italy,climate_change,10.0
worldwide,Armenia,climate_change,0.0
worldwide,North Macedonia,climate_change,0.0
worldwide,Slovenia,climate_change,0.0
worldwide,China,climate_change,10.0
worldwide,Montenegro,climate_change,0.0
worldwide,Lithuania,climate_change,0.0
worldwide,Estonia,climate_change,0.0
worldwide,French Guiana,climate_change,0.0
worldwide,Azerbaijan,climate_change,0.0
worldwide,Moldova,climate_change,0.0
worldwide,Åland Islands,climate_change,0.0
worldwide,St Pierre & Miquelon,climate_change,0.0
worldwide,Czechia,climate_change,8.0
worldwide,Hungary,climate_change,7.0
worldwide,Guadeloupe,climate_change,0.0
worldwide,Kosovo,climate_change,0.0
worldwide,Japan,climate_change,7.0
worldwide,Martinique,climate_change,0.0
worldwide,Réunion,climate_change,0.0
worldwide,France,climate_change,6.0
worldwide,Israel,climate_change,6.0
worldwide,Croatia,climate_change,0.0
worldwide,Slovakia,climate_change,0.0
worldwide,Romania,climate_change,6.0
worldwide,Belarus,climate_change,0.0
worldwide,Bosnia & Herzegovina,climate_change,0.0
worldwide,Türkiye,climate_change,6.0
worldwide,Serbia,climate_change,0.0
worldwide,Poland,climate_change,5.0
worldwide,Bulgaria,climate_change,0.0
worldwide,Yemen,climate_change,0.0
worldwide,Syria,climate_change,0.0
worldwide,Iran,climate_change,3.0
worldwide,Russia,climate_change,3.0
worldwide,Ukraine,climate_change,2.0
worldwide,Christmas Island,climate_change,0.0
worldwide,British Indian Ocean Territory,climate_change,0.0
worldwide,Vatican City,climate_change,0.0
worldwide,Cocos (Keeling) Islands,climate_change,0.0
worldwide,South Georgia & South Sandwich Islands,climate_change,0.0
worldwide,Norfolk Island,climate_change,0.0
worldwide,Niue,climate_change,0.0
worldwide,US Outlying Islands,climate_change,0.0
worldwide,Antarctica,climate_change,0.0
worldwide,Wallis & Futuna,climate_change,0.0
worldwide,Bouvet Island,climate_change,0.0
worldwide,Heard & McDonald Islands,climate_change,0.0
worldwide,Pitcairn Islands,climate_change,0.0
worldwide,North Korea,climate_change,0.0
worldwide,Tokelau,climate_change,0.0
worldwide,French Southern Territories,climate_change,0.0
US,Vermont,climate_change,100.0
US,District of Columbia,climate_change,93.0
US,Maine,climate_change,81.0
US,Alaska,climate_change,74.0
US,Hawaii,climate_change,70.0
US,Montana,climate_change,68.0
US,Washington,climate_change,66.0
US,Maryland,climate_change,66.0
US,Iowa,climate_change,64.0
US,Rhode Island,climate_change,64.0
US,Colorado,climate_change,64.0
US,Connecticut,climate_change,63.0
US,New Hampshire,climate_change,63.0
US,California,climate_change,62.0
US,Massachusetts,climate_change,62.0
US,New York,climate_change,60.0
US,North Carolina,climate_change,60.0
US,New Mexico,climate_change,59.0
US,Virginia,climate_change,59.0
US,South Dakota,climate_change,59.0
US,Utah,climate_change,58.0
US,Wisconsin,climate_change,58.0
US,Delaware,climate_change,56.0
US,New Jersey,climate_change,56.0
US,Arizona,climate_change,56.0
US,Oregon,climate_change,56.0
US,Minnesota,climate_change,55.0
US,Wyoming,climate_change,55.0
US,Pennsylvania,climate_change,54.0
US,Idaho,climate_change,54.0
US,Indiana,climate_change,53.0
US,Michigan,climate_change,52.0
US,Illinois,climate_change,50.0
US,Kansas,climate_change,50.0
US,Kentucky,climate_change,49.0
US,North Dakota,climate_change,48.0
US,Arkansas,climate_change,48.0
US,Ohio,climate_change,48.0
US,Nebraska,climate_change,47.0
US,Nevada,climate_change,46.0
US,Missouri,climate_change,45.0
US,Oklahoma,climate_change,45.0
US,Texas,climate_change,45.0
US,West Virginia,climate_change,45.0
US,Florida,climate_change,44.0
US,South Carolina,climate_change,44.0
US,Georgia,climate_change,44.0
US,Louisiana,climate_change,44.0
US,Alabama,climate_change,41.0
US,Mississippi,climate_change,40.0
US,Tennessee,climate_change,38.0
UK,Wales,climate_change,100.0
UK,England,climate_change,85.0
UK,Scotland,climate_change,81.0
UK,Northern Ireland,climate_change,67.0
worldwide,Comoros,global_warming,0.0
worldwide,Vanuatu,global_warming,0.0
worldwide,Ecuador,global_warming,100.0
worldwide,Kiribati,global_warming,0.0
worldwide,Niger,global_warming,0.0
worldwide,Haiti,global_warming,0.0
worldwide,Chad,global_warming,0.0
worldwide,Gabon,global_warming,0.0
worldwide,El Salvador,global_warming,74.0
worldwide,Madagascar,global_warming,0.0
worldwide,Congo - Brazzaville,global_warming,0.0
worldwide,Togo,global_warming,0.0
worldwide,Peru,global_warming,64.0
worldwide,Burundi,global_warming,0.0
worldwide,Central African Republic,global_warming,0.0
worldwide,Côte d’Ivoire,global_warming,59.0
worldwide,Mozambique,global_warming,58.0
worldwide,Djibouti,global_warming,0.0
worldwide,Mexico,global_warming,57.0
worldwide,São Tomé & Príncipe,global_warming,0.0
worldwide,Cape Verde,global_warming,0.0
worldwide,Burkina Faso,global_warming,0.0
worldwide,Congo - Kinshasa,global_warming,53.0
worldwide,Cameroon,global_warming,53.0
worldwide,Indonesia,global_warming,49.0
worldwide,Senegal,global_warming,49.0
worldwide,Guatemala,global_warming,48.0
worldwide,Benin,global_warming,0.0
worldwide,Honduras,global_warming,46.0
worldwide,Panama,global_warming,46.0
worldwide,Venezuela,global_warming,45.0
worldwide,St Barthélemy,global_warming,0.0
worldwide,Morocco,global_warming,41.0
worldwide,Nicaragua,global_warming,40.0
worldwide,Thailand,global_warming,40.0
worldwide,Mali,global_warming,0.0
worldwide,Dominican Republic,global_warming,39.0
worldwide,Puerto Rico,global_warming,39.0
worldwide,Colombia,global_warming,38.0
worldwide,Mayotte,global_warming,0.0
worldwide,South Korea,global_warming,37.0
worldwide,Solomon Islands,global_warming,0.0
worldwide,Costa Rica,global_warming,35.0
worldwide,Angola,global_warming,0.0
worldwide,Papua New Guinea,global_warming,0.0
worldwide,Svalbard & Jan Mayen,global_warming,0.0
worldwide,Guinea,global_warming,0.0
worldwide,Oman,global_warming,31.0
worldwide,Bolivia,global_warming,30.0
worldwide,Western Sahara,global_warming,0.0
worldwide,Brazil,global_warming,29.0
worldwide,Algeria,global_warming,28.0
worldwide,Japan,global_warming,28.0
worldwide,Türkiye,global_warming,27.0
worldwide,Guinea-Bissau,global_warming,0.0
worldwide,Tonga,global_warming,0.0
worldwide,Chile,global_warming,24.0
worldwide,St Martin,global_warming,0.0
worldwide,French Polynesia,global_warming,0.0
worldwide,Equatorial Guinea,global_warming,0.0
worldwide,Mongolia,global_warming,0.0
worldwide,French Guiana,global_warming,0.0
worldwide,New Caledonia,global_warming,0.0
worldwide,Bhutan,global_warming,0.0
worldwide,Albania,global_warming,0.0
worldwide,Mauritania,global_warming,0.0
worldwide,Fiji,global_warming,0.0
worldwide,Marshall Islands,global_warming,0.0
worldwide,Guadeloupe,global_warming,0.0
worldwide,Greenland,global_warming,0.0
worldwide,Palau,global_warming,0.0
worldwide,Martinique,global_warming,0.0
worldwide,St Pierre & Miquelon,global_warming,0.0
worldwide,Samoa,global_warming,0.0
worldwide,Cuba,global_warming,0.0
worldwide,Tunisia,global_warming,16.0
worldwide,Jordan,global_warming,16.0
worldwide,Paraguay,global_warming,0.0
worldwide,Réunion,global_warming,0.0
worldwide,France,global_warming,14.0
worldwide,Rwanda,global_warming,0.0
worldwide,Uruguay,global_warming,14.0
worldwide,Timor-Leste,global_warming,0.0
worldwide,Portugal,global_warming,14.0
worldwide,Taiwan,global_warming,14.0
worldwide,American Samoa,global_warming,0.0
worldwide,Norway,global_warming,13.0
worldwide,Sierra Leone,global_warming,0.0
worldwide,Belize,global_warming,0.0
worldwide,Argentina,global_warming,12.0
worldwide,Zimbabwe,global_warming,0.0
worldwide,Bahrain,global_warming,0.0
worldwide,Macao,global_warming,0.0
worldwide,Vietnam,global_warming,12.0
worldwide,Belgium,global_warming,12.0
worldwide,Uzbekistan,global_warming,0.0
worldwide,Denmark,global_warming,11.0
worldwide,Kazakhstan,global_warming,11.0
worldwide,Mauritius,global_warming,0.0
worldwide,Philippines,global_warming,11.0
worldwide,Lesotho,global_warming,0.0
worldwide,Ethiopia,global_warming,0.0
worldwide,Hong Kong,global_warming,10.0
worldwide,St Helena,global_warming,0.0
worldwide,Luxembourg,global_warming,0.0
worldwide,Lebanon,global_warming,0.0
worldwide,Georgia,global_warming,0.0
worldwide,Gambia,global_warming,0.0
worldwide,Malaysia,global_warming,9.0
worldwide,Palestine,global_warming,0.0
worldwide,Moldova,global_warming,0.0
worldwide,Guyana,global_warming,0.0
worldwide,Kyrgyzstan,global_warming,0.0
worldwide,Switzerland,global_warming,9.0
worldwide,Sudan,global_warming,0.0
worldwide,Namibia,global_warming,0.0
worldwide,United Arab Emirates,global_warming,9.0
worldwide,Laos,global_warming,0.0
worldwide,Turkmenistan,global_warming,0.0
worldwide,Eswatini,global_warming,0.0
worldwide,South Sudan,global_warming,0.0
worldwide,Egypt,global_warming,8.0
worldwide,St Vincent & the Grenadines,global_warming,0.0
worldwide,Malawi,global_warming,0.0
worldwide,Botswana,global_warming,0.0
worldwide,Libya,global_warming,0.0
worldwide,Latvia,global_warming,0.0
worldwide,Andorra,global_warming,0.0
worldwide,Israel,global_warming,7.0
worldwide,Zambia,global_warming,0.0
worldwide,Kuwait,global_warming,0.0
worldwide,Bangladesh,global_warming,7.0
worldwide,Liechtenstein,global_warming,0.0
worldwide,Nepal,global_warming,0.0
worldwide,Maldives,global_warming,0.0
worldwide,Liberia,global_warming,0.0
worldwide,Uganda,global_warming,0.0
worldwide,Saudi Arabia,global_warming,7.0
worldwide,Czechia,global_warming,7.0
worldwide,Spain,global_warming,6.0
worldwide,Dominica,global_warming,0.0
worldwide,Seychelles,global_warming,0.0
worldwide,Kosovo,global_warming,0.0
worldwide,Cyprus,global_warming,0.0
worldwide,Germany,global_warming,6.0
worldwide,Afghanistan,global_warming,0.0
worldwide,Slovakia,global_warming,0.0
worldwide,Azerbaijan,global_warming,0.0
worldwide,Suriname,global_warming,0.0
worldwide,Hungary,global_warming,6.0
worldwide,Syria,global_warming,0.0
worldwide,South Africa,global_warming,6.0
worldwide,Estonia,global_warming,0.0
worldwide,Austria,global_warming,6.0
worldwide,Tajikistan,global_warming,0.0
worldwide,Ghana,global_warming,0.0
worldwide,Italy,global_warming,5.0
worldwide,India,global_warming,5.0
worldwide,Jamaica,global_warming,0.0
worldwide,Romania,global_warming,5.0
worldwide,Armenia,global_warming,0.0
worldwide,Iceland,global_warming,0.0
worldwide,Montenegro,global_warming,0.0
worldwide,Sweden,global_warming,5.0
worldwide,Aruba,global_warming,0.0
worldwide,Qatar,global_warming,0.0
worldwide,Belarus,global_warming,0.0
worldwide,Brunei,global_warming,0.0
worldwide,Somalia,global_warming,0.0
worldwide,North Macedonia,global_warming,0.0
worldwide,Yemen,global_warming,0.0
worldwide,Lithuania,global_warming,0.0
worldwide,Myanmar (Burma),global_warming,0.0
worldwide,Turks & Caicos Islands,global_warming,0.0
worldwide,Canada,global_warming,4.0
worldwide,Monaco,global_warming,0.0
worldwide,Northern Mariana Islands,global_warming,0.0
worldwide,San Marino,global_warming,0.0
worldwide,Netherlands,global_warming,4.0
worldwide,St Lucia,global_warming,0.0
worldwide,Trinidad & Tobago,global_warming,0.0
worldwide,Tanzania,global_warming,0.0
worldwide,China,global_warming,4.0
worldwide,Grenada,global_warming,0.0
worldwide,Antigua & Barbuda,global_warming,0.0
worldwide,Pakistan,global_warming,4.0
worldwide,Slovenia,global_warming,0.0
worldwide,Russia,global_warming,3.0
worldwide,Curaçao,global_warming,0.0
worldwide,Iraq,global_warming,0.0
worldwide,Cambodia,global_warming,0.0
worldwide,St Kitts & Nevis,global_warming,0.0
worldwide,Croatia,global_warming,0.0
worldwide,Kenya,global_warming,0.0
worldwide,Poland,global_warming,3.0
worldwide,US Virgin Islands,global_warming,0.0
worldwide,Ukraine,global_warming,3.0
worldwide,Iran,global_warming,3.0
worldwide,Faroe Islands,global_warming,0.0
worldwide,Singapore,global_warming,0.0
worldwide,Bosnia & Herzegovina,global_warming,0.0
worldwide,Bulgaria,global_warming,0.0
worldwide,Nigeria,global_warming,0.0
worldwide,Greece,global_warming,0.0
worldwide,Finland,global_warming,0.0
worldwide,Åland Islands,global_warming,0.0
worldwide,Bahamas,global_warming,0.0
worldwide,Sri Lanka,global_warming,0.0
worldwide,Barbados,global_warming,0.0
worldwide,New Zealand,global_warming,0.0
worldwide,Serbia,global_warming,0.0
worldwide,United States,global_warming,2.0
worldwide,Cayman Islands,global_warming,0.0
worldwide,Australia,global_warming,2.0
worldwide,Sint Maarten,global_warming,0.0
worldwide,Isle of Man,global_warming,0.0
worldwide,United Kingdom,global_warming,2.0
worldwide,Jersey,global_warming,0.0
worldwide,Malta,global_warming,0.0
worldwide,Guam,global_warming,0.0
worldwide,Ireland,global_warming,0.0
worldwide,Bermuda,global_warming,0.0
worldwide,Guernsey,global_warming,0.0
worldwide,Tokelau,global_warming,0.0
worldwide,Niue,global_warming,0.0
worldwide,Caribbean Netherlands,global_warming,0.0
worldwide,Cook Islands,global_warming,0.0
worldwide,Tuvalu,global_warming,0.0
worldwide,Christmas Island,global_warming,0.0
worldwide,South Georgia & South Sandwich Islands,global_warming,0.0
worldwide,Montserrat,global_warming,0.0
worldwide,British Indian Ocean Territory,global_warming,0.0
worldwide,US Outlying Islands,global_warming,0.0
worldwide,Heard & McDonald Islands,global_warming,0.0
worldwide,Eritrea,global_warming,0.0
worldwide,Norfolk Island,global_warming,0.0
worldwide,Vatican City,global_warming,0.0
worldwide,French Southern Territories,global_warming,0.0
worldwide,Antarctica,global_warming,0.0
worldwide,British Virgin Islands,global_warming,0.0
worldwide,North Korea,global_warming,0.0
worldwide,Falkland Islands (Islas Malvinas),global_warming,0.0
worldwide,Micronesia,global_warming,0.0
worldwide,Wallis & Futuna,global_warming,0.0
worldwide,Anguilla,global_warming,0.0
worldwide,Pitcairn Islands,global_warming,0.0
worldwide,Bouvet Island,global_warming,0.0
worldwide,Nauru,global_warming,0.0
worldwide,Gibraltar,global_warming,0.0
worldwide,Cocos (Keeling) Islands,global_warming,0.0
US,Virginia,global_warming,100.0
US,California,global_warming,45.0
US,Oregon,global_warming,36.0
US,North Carolina,global_warming,31.0
US,Hawaii,global_warming,30.0
US,Georgia,global_warming,28.0
US,Texas,global_warming,27.0
US,Arizona,global_warming,27.0
US,Florida,global_warming,27.0
US,Alaska,global_warming,26.0
US,Washington,global_warming,26.0
US,Vermont,global_warming,26.0
US,Maryland,global_warming,26.0
US,Indiana,global_warming,26.0
US,Delaware,global_warming,25.0
US,New Mexico,global_warming,25.0
US,New York,global_warming,24.0
US,Colorado,global_warming,24.0
US,New Jersey,global_warming,24.0
US,Utah,global_warming,22.0
US,Mississippi,global_warming,22.0
US,Louisiana,global_warming,22.0
US,Rhode Island,global_warming,22.0
US,Oklahoma,global_warming,22.0
US,South Carolina,global_warming,22.0
US,Nevada,global_warming,22.0
US,Iowa,global_warming,22.0
US,Massachusetts,global_warming,22.0
US,Maine,global_warming,21.0
US,Connecticut,global_warming,21.0
US,Arkansas,global_warming,21.0
US,Ohio,global_warming,21.0
US,District of Columbia,global_warming,20.0
US,South Dakota,global_warming,20.0
US,Kansas,global_warming,20.0
US,Nebraska,global_warming,19.0
US,Pennsylvania,global_warming,19.0
US,North Dakota,global_warming,19.0
US,Idaho,global_warming,19.0
US,New Hampshire,global_warming,19.0
US,Michigan,global_warming,19.0
US,Montana,global_warming,18.0
US,Kentucky,global_warming,18.0
US,Wyoming,global_warming,18.0
US,West Virginia,global_warming,18.0
US,Alabama,global_warming,18.0
US,Illinois,global_warming,17.0
US,Wisconsin,global_warming,16.0
US,Minnesota,global_warming,16.0
US,Missouri,global_warming,15.0
US,Tennessee,global_warming,15.0
UK,England,global_warming,100.0
UK,Wales,global_warming,70.0
UK,Northern Ireland,global_warming,40.0
UK,Scotland,global_warming,40.0
