Parent_Location,City,Topic,Popularity
worldwide,Suva,climate_change,0.0
worldwide,Tabuk,climate_change,0.0
worldwide,Thimphu,climate_change,0.0
worldwide,Legazpi City,climate_change,0.0
worldwide,Butuan City,climate_change,0.0
worldwide,La Trinidad,climate_change,0.0
worldwide,Lucena,climate_change,0.0
worldwide,Porac,climate_change,0.0
worldwide,Batangas,climate_change,0.0
worldwide,Zamboanga,climate_change,0.0
worldwide,Wageningen,climate_change,0.0
worldwide,Maseru,climate_change,0.0
worldwide,Iloilo City,climate_change,0.0
worldwide,Naga,climate_change,0.0
worldwide,Mansfield,climate_change,0.0
worldwide,Farnborough,climate_change,0.0
worldwide,Malabon,climate_change,0.0
worldwide,Lipa,climate_change,0.0
worldwide,Amherst,climate_change,0.0
worldwide,Cagayan de Oro,climate_change,0.0
worldwide,Corvallis,climate_change,0.0
worldwide,Patan,climate_change,0.0
worldwide,Cabuyao,climate_change,0.0
worldwide,San Jose del Monte City,climate_change,0.0
worldwide,General Trias,climate_change,0.0
worldwide,Boulder,climate_change,0.0
worldwide,East Lansing,climate_change,0.0
worldwide,General Santos City,climate_change,0.0
worldwide,Lilongwe,climate_change,0.0
worldwide,Ithaca,climate_change,0.0
worldwide,Harare,climate_change,0.0
worldwide,Dasmariñas,climate_change,0.0
worldwide,Marikina,climate_change,0.0
worldwide,Carmona,climate_change,0.0
worldwide,Calamba,climate_change,0.0
worldwide,Davao City,climate_change,100.0
worldwide,Antipolo,climate_change,0.0
worldwide,Baguio,climate_change,0.0
worldwide,Lapu-Lapu City,climate_change,0.0
worldwide,College Park,climate_change,0.0
worldwide,Caloocan,climate_change,0.0
worldwide,Angono,climate_change,0.0
worldwide,Soshanguve,climate_change,0.0
worldwide,Tarlac City,climate_change,0.0
worldwide,Princeton,climate_change,0.0
worldwide,Cainta,climate_change,0.0
worldwide,Addis Ababa,climate_change,0.0
worldwide,Durban,climate_change,0.0
worldwide,Davis,climate_change,0.0
worldwide,Bacolod,climate_change,0.0
worldwide,Cebu City,climate_change,93.0
worldwide,Kumasi,climate_change,0.0
worldwide,Imus,climate_change,0.0
worldwide,Mandaue City,climate_change,0.0
worldwide,Canberra,climate_change,0.0
worldwide,Valenzuela,climate_change,0.0
worldwide,Malolos,climate_change,0.0
worldwide,Georgetown,climate_change,0.0
worldwide,Superior,climate_change,0.0
worldwide,Berkeley,climate_change,0.0
worldwide,Berea,climate_change,0.0
worldwide,Burlington,climate_change,0.0
worldwide,Pokhara,climate_change,0.0
worldwide,Flagstaff,climate_change,0.0
worldwide,Manila,climate_change,83.0
worldwide,Kathmandu,climate_change,0.0
worldwide,Angeles,climate_change,0.0
worldwide,Gaborone,climate_change,0.0
worldwide,Soweto,climate_change,0.0
worldwide,Freetown,climate_change,0.0
worldwide,State College,climate_change,0.0
worldwide,Bacoor,climate_change,0.0
worldwide,Quezon City,climate_change,79.0
worldwide,Riobamba,climate_change,0.0
worldwide,Lusaka,climate_change,0.0
worldwide,Kigali,climate_change,0.0
worldwide,Wellington,climate_change,0.0
worldwide,Las Pinas,climate_change,0.0
worldwide,San Pedro,climate_change,0.0
worldwide,Muntinlupa,climate_change,0.0
worldwide,Makati,climate_change,76.0
worldwide,Kingston,climate_change,0.0
worldwide,Oxford,climate_change,0.0
worldwide,Port Louis,climate_change,0.0
worldwide,Mabalacat,climate_change,0.0
worldwide,Tumbes,climate_change,0.0
worldwide,Richards Bay,climate_change,0.0
worldwide,Taguig,climate_change,0.0
worldwide,Monrovia,climate_change,0.0
worldwide,Pretoria,climate_change,70.0
worldwide,New Haven,climate_change,0.0
worldwide,Fairfax,climate_change,0.0
worldwide,Carrboro,climate_change,0.0
worldwide,Guelph,climate_change,0.0
worldwide,Managua,climate_change,0.0
worldwide,Bozeman,climate_change,0.0
worldwide,Blacksburg,climate_change,0.0
worldwide,Silver Spring,climate_change,0.0
worldwide,Pasig,climate_change,0.0
worldwide,Bloomington,climate_change,0.0
worldwide,Missoula,climate_change,0.0
worldwide,Oakville,climate_change,0.0
worldwide,Yaoundé,climate_change,0.0
worldwide,Windhoek,climate_change,0.0
worldwide,Greenbelt,climate_change,0.0
worldwide,Shillong,climate_change,0.0
worldwide,Exeter,climate_change,0.0
worldwide,Dehradun,climate_change,0.0
worldwide,Hobart,climate_change,0.0
worldwide,Centurion,climate_change,0.0
worldwide,Pasay,climate_change,0.0
worldwide,Parañaque,climate_change,0.0
worldwide,Chagford,climate_change,0.0
worldwide,Peterborough,climate_change,0.0
worldwide,Markham,climate_change,0.0
worldwide,Victoria,climate_change,0.0
worldwide,Quetta,climate_change,0.0
worldwide,Piura,climate_change,0.0
worldwide,Kampala,climate_change,0.0
worldwide,Norman,climate_change,0.0
worldwide,Chapel Hill,climate_change,0.0
worldwide,Iowa City,climate_change,0.0
worldwide,Jammu,climate_change,0.0
worldwide,Guayaquil,climate_change,0.0
worldwide,Harrisonburg,climate_change,0.0
worldwide,Loja,climate_change,0.0
worldwide,Trujillo,climate_change,0.0
worldwide,Santa Barbara,climate_change,0.0
worldwide,Newmarket,climate_change,0.0
worldwide,Morgantown,climate_change,0.0
worldwide,Cambridge,climate_change,0.0
worldwide,Cambridge,climate_change,0.0
worldwide,Villa María del Triunfo,climate_change,0.0
worldwide,Athens,climate_change,0.0
worldwide,Mandaluyong,climate_change,0.0
worldwide,Milton,climate_change,0.0
worldwide,Johannesburg,climate_change,59.0
worldwide,Kingston,climate_change,0.0
worldwide,Brampton,climate_change,0.0
worldwide,San Ramon,climate_change,0.0
worldwide,Comayaguela,climate_change,0.0
worldwide,Washington,climate_change,58.0
worldwide,Ouagadougou,climate_change,0.0
worldwide,Fort Collins,climate_change,0.0
worldwide,Westport,climate_change,0.0
worldwide,Cuenca,climate_change,0.0
worldwide,Srinagar,climate_change,0.0
worldwide,Santo Domingo,climate_change,0.0
worldwide,Hyderabad,climate_change,57.0
worldwide,Kitchener,climate_change,0.0
worldwide,Richmond Hill,climate_change,0.0
worldwide,Eugene,climate_change,0.0
worldwide,Monterey,climate_change,0.0
worldwide,Cuttack,climate_change,0.0
worldwide,Ottawa,climate_change,56.0
worldwide,Nairobi,climate_change,56.0
worldwide,Chiclayo,climate_change,0.0
worldwide,Ann Arbor,climate_change,0.0
worldwide,Cusco,climate_change,0.0
worldwide,Texcoco,climate_change,0.0
worldwide,Accra,climate_change,55.0
worldwide,Bethesda,climate_change,0.0
worldwide,Patiala,climate_change,0.0
worldwide,Tacna,climate_change,0.0
worldwide,Gainesville,climate_change,0.0
worldwide,Whitby,climate_change,0.0
worldwide,Auckland,climate_change,55.0
worldwide,Sylhet,climate_change,0.0
worldwide,Somerville,climate_change,0.0
worldwide,Arlington,climate_change,0.0
worldwide,Vacoas-Phoenix,climate_change,0.0
worldwide,Vaughan,climate_change,0.0
worldwide,San Marcos,climate_change,0.0
worldwide,Galgate,climate_change,0.0
worldwide,Kharagpur,climate_change,0.0
worldwide,McLean,climate_change,0.0
worldwide,Burlington,climate_change,0.0
worldwide,Ate,climate_change,0.0
worldwide,Rawalpindi,climate_change,0.0
worldwide,Saint Catharines,climate_change,0.0
worldwide,Amritsar,climate_change,0.0
worldwide,Marietta-Alderwood,climate_change,0.0
worldwide,Jalandhar,climate_change,0.0
worldwide,Littleton,climate_change,0.0
worldwide,Islamabad,climate_change,0.0
worldwide,Hamilton,climate_change,0.0
worldwide,Port Elizabeth,climate_change,0.0
worldwide,Varanasi,climate_change,0.0
worldwide,Cape Town,climate_change,52.0
worldwide,Barry,climate_change,0.0
worldwide,Honolulu,climate_change,0.0
worldwide,London,climate_change,51.0
worldwide,Waterloo,climate_change,0.0
worldwide,Thunder Bay,climate_change,0.0
worldwide,College Station,climate_change,0.0
worldwide,Plymouth,climate_change,0.0
worldwide,Syracuse,climate_change,0.0
worldwide,Bandar Seri Begawan,climate_change,0.0
worldwide,Thornton,climate_change,0.0
worldwide,Aurora,climate_change,0.0
US,Aubrey,climate_change,0.0
US,Orono,climate_change,0.0
US,Durham,climate_change,100.0
US,Mansfield,climate_change,0.0
US,Frankfort,climate_change,0.0
US,Hanover,climate_change,0.0
US,Amherst,climate_change,0.0
US,Corvallis,climate_change,0.0
US,Stanford,climate_change,0.0
US,Boulder,climate_change,83.0
US,East Lansing,climate_change,0.0
US,Ithaca,climate_change,0.0
US,East Riverdale,climate_change,0.0
US,Houghton,climate_change,0.0
US,College Park,climate_change,0.0
US,Princeton,climate_change,0.0
US,Davis,climate_change,71.0
US,Oxford,climate_change,0.0
US,Elmsford,climate_change,0.0
US,Pullman,climate_change,0.0
US,Northfield,climate_change,0.0
US,Montpelier,climate_change,0.0
US,Superior,climate_change,0.0
US,Berkeley,climate_change,63.0
US,Santa Cruz,climate_change,0.0
US,Burlington,climate_change,0.0
US,Flagstaff,climate_change,0.0
US,Drexel,climate_change,0.0
US,Boone,climate_change,0.0
US,South Kingstown,climate_change,0.0
US,West Lafayette,climate_change,0.0
US,State College,climate_change,0.0
US,Moscow,climate_change,0.0
US,Allendale Charter Township,climate_change,0.0
US,Albany,climate_change,57.0
US,Stony Brook,climate_change,0.0
US,Los Altos,climate_change,0.0
US,Laramie,climate_change,0.0
US,New Paltz,climate_change,0.0
US,Clemson,climate_change,0.0
US,Athens,climate_change,0.0
US,New Haven,climate_change,52.0
US,Fairfax,climate_change,0.0
US,Carrboro,climate_change,0.0
US,Waterville,climate_change,0.0
US,Urbana,climate_change,0.0
US,El Cerrito,climate_change,0.0
US,Idaho Springs,climate_change,0.0
US,Ames,climate_change,0.0
US,Bozeman,climate_change,0.0
US,Cheswold,climate_change,0.0
US,Blacksburg,climate_change,0.0
US,Silver Spring,climate_change,0.0
US,Bloomington,climate_change,0.0
US,Missoula,climate_change,0.0
US,Greenbelt,climate_change,0.0
US,Winona,climate_change,0.0
US,Wellesley,climate_change,0.0
US,Keene,climate_change,0.0
US,Claremont,climate_change,0.0
US,Oberlin,climate_change,0.0
US,Normal,climate_change,0.0
US,Champaign,climate_change,0.0
US,Durango,climate_change,0.0
US,Norman,climate_change,0.0
US,Chapel Hill,climate_change,0.0
US,Iowa City,climate_change,0.0
US,Harrisonburg,climate_change,0.0
US,Felton,climate_change,0.0
US,Santa Barbara,climate_change,45.0
US,Morgantown,climate_change,0.0
US,Rexburg,climate_change,0.0
US,Cambridge,climate_change,44.0
US,Athens,climate_change,0.0
US,Northampton,climate_change,0.0
US,Concord,climate_change,0.0
US,San Ramon,climate_change,0.0
US,Washington,climate_change,43.0
US,Fort Collins,climate_change,43.0
US,Westport,climate_change,0.0
US,Lexington,climate_change,0.0
US,Eugene,climate_change,42.0
US,Monterey,climate_change,0.0
US,Montgomery,climate_change,0.0
US,Logan,climate_change,0.0
US,Mountain House,climate_change,0.0
US,Ann Arbor,climate_change,42.0
US,San Luis Obispo,climate_change,0.0
US,Salinas,climate_change,0.0
US,Bethesda,climate_change,0.0
US,Rockville,climate_change,0.0
US,Evanston,climate_change,0.0
US,Towson,climate_change,0.0
US,Morro Bay,climate_change,0.0
US,Fitchburg,climate_change,0.0
US,Gainesville,climate_change,41.0
US,Oakton,climate_change,0.0
US,Cedar Falls,climate_change,0.0
US,Stevens Point,climate_change,0.0
US,Somerville,climate_change,0.0
US,Pinecrest,climate_change,0.0
US,Mount Pleasant,climate_change,0.0
US,Arlington,climate_change,40.0
US,Olympia,climate_change,0.0
US,San Marcos,climate_change,0.0
US,McLean,climate_change,0.0
US,South Brunswick Township,climate_change,0.0
US,Marietta-Alderwood,climate_change,0.0
US,Andover,climate_change,0.0
US,Essex,climate_change,0.0
US,Littleton,climate_change,0.0
US,Hilo,climate_change,0.0
US,Estero,climate_change,0.0
US,Mercer Island,climate_change,0.0
US,Fairbanks,climate_change,0.0
US,Kent,climate_change,0.0
US,Statesboro,climate_change,0.0
US,Ypsilanti,climate_change,0.0
US,New Canaan,climate_change,0.0
US,Honolulu,climate_change,38.0
US,Arlington,climate_change,38.0
US,Potomac,climate_change,0.0
US,College Station,climate_change,0.0
US,Merced,climate_change,0.0
US,Syracuse,climate_change,38.0
US,Thornton,climate_change,0.0
US,Maplewood,climate_change,0.0
US,Moorhead,climate_change,0.0
US,West Windsor Township,climate_change,0.0
US,Oakland,climate_change,38.0
US,Monroe,climate_change,0.0
US,Malibu,climate_change,0.0
US,Tigard,climate_change,0.0
US,Tallahassee,climate_change,37.0
US,Centertown,climate_change,0.0
US,Chico,climate_change,0.0
US,Brookline,climate_change,0.0
US,Tucson,climate_change,36.0
US,Sammamish,climate_change,0.0
US,Bangor,climate_change,0.0
US,Clayton,climate_change,0.0
US,Oakland charter Township,climate_change,0.0
US,Glassboro,climate_change,0.0
US,Belmont,climate_change,0.0
US,Irvine,climate_change,36.0
US,Durham,climate_change,36.0
US,Madison,climate_change,36.0
US,Wahiawa,climate_change,0.0
US,San Rafael,climate_change,0.0
US,Lewiston,climate_change,0.0
US,Santa Fe,climate_change,0.0
US,Pleasanton,climate_change,36.0
US,Santa Rosa,climate_change,0.0
US,Cotati,climate_change,0.0
US,Menlo Park,climate_change,0.0
US,Goleta,climate_change,0.0
US,Reston,climate_change,35.0
US,Carlisle,climate_change,0.0
US,Hayward,climate_change,0.0
US,University Park,climate_change,0.0
US,Odessa,climate_change,0.0
US,Stillwater,climate_change,0.0
US,Lawrence,climate_change,0.0
US,Albany,climate_change,35.0
US,Saint Paul,climate_change,35.0
US,Charlottesville,climate_change,0.0
US,Hamden,climate_change,0.0
US,Aspen Hill,climate_change,0.0
US,Wheaton-Glenmont,climate_change,0.0
US,Murphysboro,climate_change,0.0
US,Starkville,climate_change,0.0
US,Council Bluffs,climate_change,0.0
US,Providence,climate_change,35.0
US,Bellingham,climate_change,0.0
US,Cupertino,climate_change,0.0
US,Westfield,climate_change,0.0
US,Beltsville,climate_change,0.0
US,Portland,climate_change,34.0
US,Columbia,climate_change,0.0
US,Provo,climate_change,0.0
US,Montclair,climate_change,0.0
US,Catonsville,climate_change,0.0
US,Greenwich,climate_change,0.0
US,Worcester,climate_change,0.0
US,Beverly,climate_change,0.0
US,Annapolis,climate_change,0.0
US,Kaysville,climate_change,0.0
US,Salem,climate_change,0.0
US,West Haven,climate_change,0.0
US,Renton,climate_change,0.0
US,Allen,climate_change,0.0
US,Highlands Ranch,climate_change,0.0
US,Catalina Foothills,climate_change,0.0
US,Pleasant Hill,climate_change,0.0
US,La Habra,climate_change,0.0
US,Richland,climate_change,0.0
US,Mahwah,climate_change,0.0
US,Elk Grove,climate_change,0.0
US,Duluth,climate_change,0.0
US,DeKalb,climate_change,0.0
UK,Crumlin,climate_change,0.0
UK,Chorley,climate_change,0.0
UK,Redcar,climate_change,0.0
UK,Stithians,climate_change,0.0
UK,Winchester,climate_change,0.0
UK,Farnborough,climate_change,100.0
UK,Bridge of Allan,climate_change,0.0
UK,Haverfordwest,climate_change,0.0
UK,Leuchars,climate_change,0.0
UK,Carmarthen,climate_change,0.0
UK,Abingdon,climate_change,0.0
UK,Falmouth,climate_change,0.0
UK,Tregaron,climate_change,0.0
UK,Beaconsfield,climate_change,0.0
UK,Skipton,climate_change,0.0
UK,Moffat,climate_change,0.0
UK,Conwy,climate_change,0.0
UK,Dumfries,climate_change,0.0
UK,Coleraine,climate_change,0.0
UK,Bangor,climate_change,0.0
UK,Newtown,climate_change,0.0
UK,Macclesfield,climate_change,0.0
UK,Long Ashton,climate_change,65.0
UK,Lancaster,climate_change,0.0
UK,Oxford,climate_change,63.0
UK,Esh Winning,climate_change,62.0
UK,Stirling,climate_change,0.0
UK,Crockenhill,climate_change,0.0
UK,Winsley,climate_change,0.0
UK,Warwick,climate_change,0.0
UK,Lewes,climate_change,0.0
UK,Saint Andrews,climate_change,0.0
UK,Mabe Burnthouse,climate_change,0.0
UK,Pontyberem,climate_change,0.0
UK,Lechlade-on-Thames,climate_change,0.0
UK,Exeter,climate_change,55.0
UK,Forfar,climate_change,0.0
UK,Chagford,climate_change,54.0
UK,Sketty,climate_change,0.0
UK,Fulford,climate_change,0.0
UK,Whitland,climate_change,0.0
UK,Tadcaster,climate_change,0.0
UK,Hereford,climate_change,0.0
UK,Stokesley,climate_change,0.0
UK,Bath,climate_change,0.0
UK,Penryn,climate_change,0.0
UK,Godalming,climate_change,0.0
UK,Harpenden,climate_change,53.0
UK,Carterton,climate_change,0.0
UK,Newmachar,climate_change,0.0
UK,Ystrad Mynach,climate_change,0.0
UK,Berkhamsted,climate_change,0.0
UK,Inverness,climate_change,51.0
UK,Cambridge,climate_change,51.0
UK,Pangbourne,climate_change,0.0
UK,Templecombe,climate_change,0.0
UK,Durham,climate_change,0.0
UK,Egremont,climate_change,0.0
UK,Wem,climate_change,0.0
UK,Cowbridge,climate_change,0.0
UK,Peterlee,climate_change,0.0
UK,Beverley,climate_change,0.0
UK,Aberystwyth,climate_change,0.0
UK,Ipsden,climate_change,0.0
UK,Uppingham,climate_change,0.0
UK,Salford,climate_change,0.0
UK,Balerno,climate_change,0.0
UK,Loughborough,climate_change,0.0
UK,Egham,climate_change,0.0
UK,Wendover,climate_change,0.0
UK,Amersham,climate_change,0.0
UK,Rugby,climate_change,0.0
UK,Caerphilly,climate_change,0.0
UK,Galgate,climate_change,0.0
UK,Kirkwall,climate_change,0.0
UK,Woking,climate_change,45.0
UK,Henfield,climate_change,0.0
UK,Cosby,climate_change,0.0
UK,Newton Abbot,climate_change,0.0
UK,Kingston upon Thames,climate_change,0.0
UK,Hertford,climate_change,0.0
UK,Newcastle-under-Lyme,climate_change,0.0
UK,Balsham,climate_change,0.0
UK,Meldreth,climate_change,0.0
UK,Barry,climate_change,44.0
UK,Consett,climate_change,0.0
UK,Plymouth,climate_change,43.0
UK,Earley,climate_change,0.0
UK,Tonbridge,climate_change,0.0
UK,Otley,climate_change,0.0
UK,Rayne,climate_change,0.0
UK,Kennington,climate_change,0.0
UK,Street,climate_change,0.0
UK,Totnes,climate_change,0.0
UK,Killearn,climate_change,0.0
UK,Finchampstead,climate_change,0.0
UK,Newick,climate_change,0.0
UK,Sutton Scotney,climate_change,0.0
UK,Merthyr Tydfil,climate_change,0.0
UK,Sarratt,climate_change,0.0
UK,Maple Cross,climate_change,0.0
UK,Aldbourne,climate_change,0.0
UK,Stornoway,climate_change,0.0
UK,Swansea,climate_change,0.0
UK,Bathford,climate_change,41.0
UK,Carshalton,climate_change,0.0
UK,Ebbw Vale,climate_change,0.0
UK,Herne Bay,climate_change,0.0
UK,Maidenhead,climate_change,0.0
UK,Bassaleg,climate_change,0.0
UK,Bridgend,climate_change,0.0
UK,Silverdale,climate_change,0.0
UK,New Alresford,climate_change,0.0
UK,Shrewsbury,climate_change,0.0
UK,Ripon,climate_change,0.0
UK,Hurstpierpoint,climate_change,0.0
UK,Neath,climate_change,0.0
UK,Richmond,climate_change,0.0
UK,Bedlinog,climate_change,0.0
UK,Churt,climate_change,0.0
UK,Saint Just,climate_change,0.0
UK,Cirencester,climate_change,0.0
UK,Creigiau,climate_change,0.0
UK,Thornhill,climate_change,0.0
UK,Buckland,climate_change,0.0
UK,Bristol,climate_change,38.0
UK,Lampeter,climate_change,0.0
UK,Llangefni,climate_change,0.0
UK,Hirwaun,climate_change,0.0
UK,Coldstream,climate_change,0.0
UK,Letterston,climate_change,0.0
UK,Wingrave,climate_change,0.0
UK,Oxted,climate_change,0.0
UK,Giggleswick,climate_change,0.0
UK,Iver,climate_change,0.0
UK,Rotherham,climate_change,0.0
UK,Bracknell,climate_change,0.0
UK,Sandhurst,climate_change,0.0
UK,Brighton,climate_change,37.0
UK,Huntingdon,climate_change,0.0
UK,Tregarth,climate_change,0.0
UK,Norwich,climate_change,37.0
UK,Llandudno,climate_change,0.0
UK,Wokingham,climate_change,0.0
UK,Petersfield,climate_change,0.0
UK,Coventry,climate_change,36.0
UK,Guilsfield,climate_change,0.0
UK,Liphook,climate_change,0.0
UK,Great Missenden,climate_change,0.0
UK,Lerwick,climate_change,0.0
UK,Pinner,climate_change,0.0
UK,Great Bookham,climate_change,0.0
UK,Ambrosden,climate_change,0.0
UK,Englefield Green,climate_change,0.0
UK,Kerry,climate_change,0.0
UK,Uley,climate_change,0.0
UK,Walton-on-Thames,climate_change,0.0
UK,Maidstone,climate_change,0.0
UK,Guildford,climate_change,35.0
UK,Efail Isaf,climate_change,0.0
UK,Rassau,climate_change,0.0
UK,Weymouth,climate_change,0.0
UK,Staplehurst,climate_change,0.0
UK,Kingsbridge,climate_change,0.0
UK,Chichester,climate_change,0.0
UK,Launton,climate_change,0.0
UK,West Kingsdown,climate_change,0.0
UK,Chelmsford,climate_change,0.0
UK,Pirbright,climate_change,0.0
UK,Bushey,climate_change,0.0
UK,Cardiff,climate_change,34.0
UK,Solihull,climate_change,34.0
UK,York,climate_change,34.0
UK,Reading,climate_change,34.0
UK,Bradford-on-Avon,climate_change,0.0
UK,Skewen,climate_change,0.0
UK,Truro,climate_change,0.0
UK,Edinburgh,climate_change,34.0
UK,Ickenham,climate_change,0.0
UK,Marlborough,climate_change,0.0
UK,Stamford,climate_change,0.0
UK,Peasedown Saint John,climate_change,0.0
UK,Weston,climate_change,0.0
UK,Molesey,climate_change,0.0
UK,Much Hadham,climate_change,0.0
UK,Charlton Kings,climate_change,0.0
UK,Resolven,climate_change,0.0
UK,Chinnor,climate_change,0.0
UK,Stoke Gifford,climate_change,0.0
UK,Surbiton,climate_change,0.0
UK,Wrexham,climate_change,0.0
UK,Knowle,climate_change,0.0
UK,Harrow,climate_change,34.0
UK,Milton Keynes,climate_change,34.0
UK,Stafford,climate_change,0.0
UK,Wigan,climate_change,0.0
UK,Darlington,climate_change,0.0
UK,Helions Bumpstead,climate_change,0.0
UK,Hatton,climate_change,0.0
UK,Kirkintilloch,climate_change,0.0
worldwide,Tula,global_warming,0.0
worldwide,Pasaje Canton,global_warming,0.0
worldwide,Poza Rica de Hidalgo,global_warming,0.0
worldwide,Tlaxcala,global_warming,0.0
worldwide,Muntilan,global_warming,0.0
worldwide,Cuenca,global_warming,100.0
worldwide,Mejayan,global_warming,0.0
worldwide,Ambato,global_warming,0.0
worldwide,Kebumen,global_warming,0.0
worldwide,Buleleng,global_warming,0.0
worldwide,El Porvenir,global_warming,0.0
worldwide,Jatiroto,global_warming,0.0
worldwide,N'Djamena,global_warming,0.0
worldwide,Machala,global_warming,0.0
worldwide,Milpitas,global_warming,0.0
worldwide,Toluca,global_warming,89.0
worldwide,Sragen,global_warming,0.0
worldwide,Demak,global_warming,0.0
worldwide,Boyolali,global_warming,0.0
worldwide,Tegucigalpa,global_warming,0.0
worldwide,Guaymas,global_warming,0.0
worldwide,Wonogiri,global_warming,0.0
worldwide,Loja,global_warming,0.0
worldwide,Tulancingo,global_warming,0.0
worldwide,Port Vila,global_warming,0.0
worldwide,Purworejo,global_warming,0.0
worldwide,Rembang,global_warming,0.0
worldwide,Riobamba,global_warming,0.0
worldwide,Tabanan,global_warming,0.0
worldwide,Yeongi-gun,global_warming,0.0
worldwide,Sterling,global_warming,0.0
worldwide,Wonosobo,global_warming,0.0
worldwide,Kebasen,global_warming,0.0
worldwide,Payakumbuh,global_warming,0.0
worldwide,Monterrey,global_warming,79.0
worldwide,Latacunga,global_warming,0.0
worldwide,Quevedo,global_warming,0.0
worldwide,Pati,global_warming,0.0
worldwide,Sutojayan,global_warming,0.0
worldwide,Trenggalek,global_warming,0.0
worldwide,Karanganyar,global_warming,0.0
worldwide,Ambarawa,global_warming,0.0
worldwide,Salam,global_warming,0.0
worldwide,Gianyar,global_warming,0.0
worldwide,Kanigoro,global_warming,0.0
worldwide,José Leonardo Ortiz,global_warming,0.0
worldwide,Apopa,global_warming,0.0
worldwide,Mertoyudan,global_warming,0.0
worldwide,Nogales,global_warming,0.0
worldwide,Bantul,global_warming,0.0
worldwide,Santo Domingo,global_warming,72.0
worldwide,Magelang,global_warming,0.0
worldwide,Xalapa,global_warming,71.0
worldwide,Ibarra,global_warming,0.0
worldwide,Banjarnegara,global_warming,0.0
worldwide,Coatzacoalcos,global_warming,0.0
worldwide,Iquitos,global_warming,0.0
worldwide,Colima,global_warming,0.0
worldwide,Purbalingga,global_warming,0.0
worldwide,Portoviejo,global_warming,0.0
worldwide,Probolinggo,global_warming,0.0
worldwide,Piura,global_warming,0.0
worldwide,Brazzaville,global_warming,0.0
worldwide,Cikalong Wetan,global_warming,0.0
worldwide,Klaten,global_warming,0.0
worldwide,Manta,global_warming,0.0
worldwide,Duran,global_warming,0.0
worldwide,Pematangsiantar,global_warming,0.0
worldwide,Ventanilla,global_warming,0.0
worldwide,Tepic,global_warming,0.0
worldwide,Sunampe,global_warming,0.0
worldwide,Pachuca,global_warming,0.0
worldwide,Cuernavaca,global_warming,0.0
worldwide,Quito,global_warming,65.0
worldwide,Lumajang,global_warming,0.0
worldwide,Morelia,global_warming,0.0
worldwide,Pandeglang,global_warming,0.0
worldwide,Tulungagung,global_warming,0.0
worldwide,Antananarivo,global_warming,0.0
worldwide,San Salvador,global_warming,63.0
worldwide,Godean,global_warming,0.0
worldwide,Samborondon,global_warming,63.0
worldwide,La Victoria,global_warming,0.0
worldwide,Metro,global_warming,0.0
worldwide,Celaya,global_warming,0.0
worldwide,Tepatitlán de Morelos,global_warming,0.0
worldwide,Villahermosa,global_warming,0.0
worldwide,Kepanjen,global_warming,0.0
worldwide,Soyapango,global_warming,0.0
worldwide,Port-au-Prince,global_warming,0.0
worldwide,Turen,global_warming,0.0
worldwide,Kuningan,global_warming,0.0
worldwide,Ngawi,global_warming,0.0
worldwide,Singkawang,global_warming,0.0
worldwide,Guadalajara,global_warming,61.0
worldwide,Purwodadi,global_warming,0.0
worldwide,Tuxtla Gutiérrez,global_warming,0.0
worldwide,Slawi,global_warming,0.0
worldwide,Niamey,global_warming,0.0
worldwide,Tarapoto,global_warming,0.0
worldwide,Cilacap,global_warming,0.0
worldwide,Guayaquil,global_warming,59.0
worldwide,Salatiga,global_warming,0.0
worldwide,Chilpancingo,global_warming,0.0
worldwide,Acapulco,global_warming,0.0
worldwide,Batu,global_warming,0.0
worldwide,Los Mochis,global_warming,0.0
worldwide,Libreville,global_warming,0.0
worldwide,Kudus,global_warming,0.0
worldwide,Mojokerto,global_warming,0.0
worldwide,Tegal,global_warming,0.0
worldwide,Madiun,global_warming,0.0
worldwide,Pangkal Pinang,global_warming,0.0
worldwide,Chalco de Díaz Covarrubias,global_warming,0.0
worldwide,Chimbote,global_warming,0.0
worldwide,Wates,global_warming,0.0
worldwide,Durango,global_warming,0.0
worldwide,Pasuruan,global_warming,0.0
worldwide,Carabayllo District,global_warming,0.0
worldwide,Gifu,global_warming,0.0
worldwide,Culiacán,global_warming,0.0
worldwide,Chihuahua,global_warming,56.0
worldwide,Totolapa,global_warming,0.0
worldwide,Salamanca,global_warming,0.0
worldwide,Jember,global_warming,0.0
worldwide,San Miguel,global_warming,0.0
worldwide,Tapachula,global_warming,0.0
worldwide,Ponorogo,global_warming,0.0
worldwide,Pemalang,global_warming,0.0
worldwide,Cimaung,global_warming,0.0
worldwide,Dumai,global_warming,0.0
worldwide,Mexico City,global_warming,55.0
worldwide,Ilopango,global_warming,0.0
worldwide,Cajamarca,global_warming,0.0
worldwide,Genappe,global_warming,0.0
worldwide,Kediri,global_warming,0.0
worldwide,Abancay,global_warming,0.0
worldwide,Coacalco,global_warming,0.0
worldwide,Oaxaca,global_warming,0.0
worldwide,Santiago de Querétaro,global_warming,0.0
worldwide,Ciudad Obregón,global_warming,0.0
worldwide,Adiwerna,global_warming,0.0
worldwide,Caracas,global_warming,53.0
worldwide,Yaoundé,global_warming,0.0
worldwide,Lurigancho,global_warming,0.0
worldwide,Mazatlan,global_warming,0.0
worldwide,Puente Piedra,global_warming,0.0
worldwide,Ica,global_warming,0.0
worldwide,Tacna,global_warming,0.0
worldwide,Pungging,global_warming,0.0
worldwide,Bengkulu,global_warming,0.0
worldwide,Dramaga,global_warming,0.0
worldwide,Kendari,global_warming,0.0
worldwide,Irapuato,global_warming,0.0
worldwide,Arequipa,global_warming,0.0
worldwide,Lamongan,global_warming,0.0
worldwide,Huaraz,global_warming,0.0
worldwide,Bandar Lampung,global_warming,0.0
worldwide,Padang,global_warming,0.0
worldwide,Jambi,global_warming,0.0
worldwide,San Luis Potosi,global_warming,0.0
worldwide,Texcoco,global_warming,0.0
worldwide,Tarogong Kaler,global_warming,0.0
worldwide,Purwokerto,global_warming,0.0
worldwide,Villa María del Triunfo,global_warming,0.0
worldwide,Trujillo,global_warming,0.0
worldwide,Gorontalo,global_warming,0.0
worldwide,Ciudad Victoria,global_warming,0.0
worldwide,Torreón,global_warming,0.0
worldwide,Cheongwon-gun,global_warming,0.0
worldwide,Maputo,global_warming,0.0
worldwide,Valle de Chalco Solidaridad,global_warming,0.0
worldwide,Ciudad Valles,global_warming,0.0
worldwide,Sidoarjo,global_warming,0.0
worldwide,Heroica Veracruz,global_warming,0.0
worldwide,Campeche,global_warming,0.0
worldwide,Kupang,global_warming,0.0
worldwide,Huancayo,global_warming,0.0
worldwide,Aguascalientes,global_warming,0.0
worldwide,Tanjung Pinang,global_warming,0.0
worldwide,Jeju-si,global_warming,0.0
worldwide,Juliaca,global_warming,0.0
worldwide,Cibinong,global_warming,0.0
worldwide,Lomé,global_warming,0.0
worldwide,Grogol,global_warming,0.0
worldwide,Kinshasa,global_warming,0.0
worldwide,San Juan,global_warming,0.0
worldwide,Chiclayo,global_warming,0.0
worldwide,Cusco,global_warming,0.0
worldwide,Ciudad Juarez,global_warming,46.0
worldwide,Valparaíso,global_warming,0.0
worldwide,Puno,global_warming,0.0
worldwide,Malang,global_warming,45.0
worldwide,Pekalongan,global_warming,0.0
worldwide,Teluk Ambon,global_warming,0.0
worldwide,San Juan de Lurigancho,global_warming,45.0
worldwide,Banjarbaru,global_warming,0.0
worldwide,Ate,global_warming,0.0
worldwide,Hermosillo,global_warming,0.0
worldwide,Abiansemal,global_warming,0.0
US,Milpitas,global_warming,0.0
US,Sterling,global_warming,0.0
US,Willard,global_warming,0.0
US,Aubrey,global_warming,0.0
US,Hillburn,global_warming,0.0
US,McAllen,global_warming,100.0
US,East Riverdale,global_warming,0.0
US,Holtsville,global_warming,0.0
US,Sheridan,global_warming,0.0
US,Bloomingdale,global_warming,0.0
US,Vienna,global_warming,0.0
US,Boardman,global_warming,63.0
US,Brookneal,global_warming,0.0
US,Mansfield,global_warming,0.0
US,Delaware City,global_warming,0.0
US,Marlton,global_warming,0.0
US,Isla Vista,global_warming,0.0
US,Roxboro,global_warming,0.0
US,Dearing,global_warming,0.0
US,Bartlett,global_warming,0.0
US,Bealeton,global_warming,0.0
US,Sanger,global_warming,0.0
US,Mountain House,global_warming,0.0
US,Corvallis,global_warming,0.0
US,Eagle Creek,global_warming,0.0
US,San Luis,global_warming,0.0
US,Goldfield,global_warming,0.0
US,South Kingstown,global_warming,0.0
US,La Habra,global_warming,38.0
US,Los Altos,global_warming,0.0
US,Kendall West,global_warming,0.0
US,Corning,global_warming,0.0
US,Corsicana,global_warming,0.0
US,Blackhawk,global_warming,0.0
US,Oxford,global_warming,0.0
US,Miami Springs,global_warming,0.0
US,Milton,global_warming,0.0
US,West Lafayette,global_warming,0.0
US,Herndon,global_warming,0.0
US,Southern Pines,global_warming,0.0
US,Middlebury,global_warming,0.0
US,Ceres,global_warming,0.0
US,Magna,global_warming,0.0
US,Ballinger,global_warming,0.0
US,Drexel,global_warming,0.0
US,Santa Clara,global_warming,0.0
US,Franklin Lakes,global_warming,0.0
US,Nānākuli,global_warming,0.0
US,Amherst,global_warming,0.0
US,New Paltz,global_warming,0.0
US,Hope Mills,global_warming,0.0
US,Monterey,global_warming,0.0
US,Pinecrest,global_warming,0.0
US,Pullman,global_warming,0.0
US,State College,global_warming,0.0
US,Suwanee,global_warming,0.0
US,Idaho Springs,global_warming,0.0
US,Princeton,global_warming,0.0
US,Uniondale,global_warming,0.0
US,La Cañada Flintridge,global_warming,0.0
US,Salinas,global_warming,0.0
US,Statesboro,global_warming,0.0
US,Cheswold,global_warming,0.0
US,Carrboro,global_warming,0.0
US,Palm City,global_warming,0.0
US,Imperial,global_warming,0.0
US,Urbana,global_warming,0.0
US,Medley,global_warming,0.0
US,Harrison,global_warming,0.0
US,Coachella,global_warming,0.0
US,Albany,global_warming,0.0
US,Clemson,global_warming,0.0
US,East Lansing,global_warming,0.0
US,Davis,global_warming,0.0
US,Leesburg,global_warming,24.0
US,Boca Raton,global_warming,24.0
US,Southern Shops,global_warming,0.0
US,Forestville,global_warming,0.0
US,Boulder,global_warming,0.0
US,East Foothills,global_warming,0.0
US,Ithaca,global_warming,0.0
US,Homestead,global_warming,0.0
US,Blacksburg,global_warming,0.0
US,Ames,global_warming,0.0
US,Pittsburg,global_warming,0.0
US,Parkland,global_warming,0.0
US,Greenbelt,global_warming,0.0
US,University Park,global_warming,0.0
US,Jordan Road-Canyon Creek,global_warming,0.0
US,Hollister,global_warming,0.0
US,Madison,global_warming,0.0
US,Stony Brook,global_warming,0.0
US,Northfield,global_warming,0.0
US,Wake Forest,global_warming,0.0
US,Park City,global_warming,0.0
US,Duncanville,global_warming,0.0
US,Waimalu,global_warming,0.0
US,Lake Butler,global_warming,0.0
US,Mountain City,global_warming,0.0
US,Redondo Beach,global_warming,0.0
US,El Cerrito,global_warming,0.0
US,Alamo,global_warming,0.0
US,Logan,global_warming,0.0
US,Kearney,global_warming,0.0
US,Moss Landing,global_warming,0.0
US,Eastvale,global_warming,0.0
US,Fort Lee,global_warming,0.0
US,Lilburn,global_warming,0.0
US,Goshen,global_warming,0.0
US,Fontainebleau,global_warming,0.0
US,Paterson,global_warming,0.0
US,South Burlington,global_warming,0.0
US,Coral Gables,global_warming,0.0
US,Lockhart,global_warming,0.0
US,Riviera Beach,global_warming,0.0
US,Doral,global_warming,0.0
US,Laramie,global_warming,0.0
US,Hanover,global_warming,0.0
US,Glenarden,global_warming,0.0
US,Princeton,global_warming,0.0
US,Stanford,global_warming,0.0
US,Woodlake,global_warming,0.0
US,Coto de Caza,global_warming,0.0
US,Montgomery,global_warming,0.0
US,West Windsor Township,global_warming,0.0
US,Weston,global_warming,0.0
US,Allen,global_warming,0.0
US,Louisville,global_warming,0.0
US,Monroe,global_warming,0.0
US,Lemont,global_warming,0.0
US,New Roads,global_warming,0.0
US,Roslyn Heights,global_warming,0.0
US,Moscow,global_warming,0.0
US,Diamond Bar,global_warming,0.0
US,Iowa City,global_warming,0.0
US,Merced,global_warming,0.0
US,The Hammocks,global_warming,0.0
US,Dulles,global_warming,0.0
US,Plainview,global_warming,0.0
US,Fayetteville,global_warming,0.0
US,East Cobb,global_warming,0.0
US,Florin,global_warming,0.0
US,Randallstown,global_warming,0.0
US,Lemoore,global_warming,0.0
US,Beltsville,global_warming,0.0
US,Stanton,global_warming,0.0
US,Flagstaff,global_warming,0.0
US,North Bergen,global_warming,0.0
US,Marietta-Alderwood,global_warming,0.0
US,Kaysville,global_warming,0.0
US,Norman,global_warming,0.0
US,South Brunswick Township,global_warming,0.0
US,Tifton,global_warming,0.0
US,Aventura,global_warming,0.0
US,San Ramon,global_warming,0.0
US,Campbell,global_warming,0.0
US,Kearny,global_warming,0.0
US,Live Oak,global_warming,0.0
US,Berkeley,global_warming,0.0
US,Gastonia,global_warming,0.0
US,Elgin,global_warming,0.0
US,Somerton,global_warming,0.0
US,Cypress,global_warming,18.0
US,Collierville,global_warming,0.0
US,La Mirada,global_warming,0.0
US,Leander,global_warming,0.0
US,Buckeye,global_warming,0.0
US,Livermore,global_warming,0.0
US,Richmond Hill,global_warming,0.0
US,Kennesaw,global_warming,0.0
US,Lehigh Acres,global_warming,0.0
US,University Heights,global_warming,0.0
US,West Hartford,global_warming,0.0
US,Palm Springs,global_warming,0.0
US,Felton,global_warming,0.0
US,Essex,global_warming,0.0
US,Mandeville,global_warming,0.0
US,San Tan Valley,global_warming,0.0
US,Corona,global_warming,0.0
US,Ashburn,global_warming,0.0
US,Carson,global_warming,0.0
US,Athens,global_warming,0.0
US,Brownsville,global_warming,0.0
US,Jollyville,global_warming,0.0
US,Rialto,global_warming,0.0
US,West Jordan,global_warming,0.0
US,Redan,global_warming,0.0
US,Union City,global_warming,0.0
US,Castro Valley,global_warming,0.0
US,Bloomingdale,global_warming,0.0
US,Suisun City,global_warming,0.0
US,Fairbanks,global_warming,0.0
US,Saratoga,global_warming,0.0
US,San Gabriel,global_warming,0.0
US,Wilson,global_warming,0.0
US,Pecan Grove,global_warming,0.0
US,DeLand,global_warming,0.0
US,Rio Rancho,global_warming,0.0
US,Welby,global_warming,0.0
US,Morro Bay,global_warming,0.0
UK,Effingham,global_warming,0.0
UK,Wyton,global_warming,0.0
UK,Stapleford Abbotts,global_warming,0.0
UK,Mold,global_warming,0.0
UK,Heywood,global_warming,0.0
UK,Stokesley,global_warming,0.0
UK,Claypole,global_warming,0.0
UK,Horspath,global_warming,0.0
UK,Conwy,global_warming,0.0
UK,Ashtead,global_warming,0.0
UK,Carmarthen,global_warming,0.0
UK,Elgin,global_warming,0.0
UK,Port Tennant,global_warming,0.0
UK,Dorchester,global_warming,0.0
UK,Billinghay,global_warming,0.0
UK,Caernarfon,global_warming,0.0
UK,Cheslyn Hay,global_warming,0.0
UK,Kelty,global_warming,0.0
UK,Atherstone,global_warming,0.0
UK,Marshfield,global_warming,0.0
UK,Wenvoe,global_warming,0.0
UK,Eccleston,global_warming,0.0
UK,Cringleford,global_warming,0.0
UK,Mabe Burnthouse,global_warming,0.0
UK,Haverfordwest,global_warming,0.0
UK,Bridge of Allan,global_warming,0.0
UK,Moffat,global_warming,0.0
UK,Peckleton,global_warming,0.0
UK,Witley,global_warming,0.0
UK,Rhuddlan,global_warming,0.0
UK,Fairford,global_warming,0.0
UK,Drumnadrochit,global_warming,0.0
UK,Highworth,global_warming,0.0
UK,Hartford,global_warming,0.0
UK,Totnes,global_warming,0.0
UK,Stoke-sub-Hamdon,global_warming,0.0
UK,Kempsey,global_warming,0.0
UK,Chiddingfold,global_warming,0.0
UK,Highnam,global_warming,0.0
UK,Framlingham,global_warming,0.0
UK,Crockenhill,global_warming,0.0
UK,Earley,global_warming,0.0
UK,Chippenham,global_warming,0.0
UK,Comberton,global_warming,0.0
UK,London,global_warming,100.0
UK,Kings Worthy,global_warming,0.0
UK,North Weald Bassett,global_warming,0.0
UK,Falmouth,global_warming,0.0
UK,Long Lawford,global_warming,0.0
UK,Salford,global_warming,0.0
UK,North Tawton,global_warming,0.0
UK,Carterton,global_warming,0.0
UK,Ash,global_warming,0.0
UK,Auckley,global_warming,0.0
UK,Yapton,global_warming,0.0
UK,Guilsfield,global_warming,0.0
UK,West Wickham,global_warming,0.0
UK,Market Lavington,global_warming,0.0
UK,Holyhead,global_warming,0.0
UK,Bloxham,global_warming,0.0
UK,Pontardawe,global_warming,0.0
UK,Aldbourne,global_warming,0.0
UK,Carshalton,global_warming,0.0
UK,Llandybïe,global_warming,0.0
UK,Tarleton,global_warming,0.0
UK,Hagley,global_warming,0.0
UK,Kirkwall,global_warming,0.0
UK,Bangor,global_warming,0.0
UK,Whalley,global_warming,0.0
UK,Pontyberem,global_warming,0.0
UK,Corfe Castle,global_warming,0.0
UK,Mellor,global_warming,0.0
UK,Friday Bridge,global_warming,0.0
UK,Alcester,global_warming,0.0
UK,Somersham,global_warming,0.0
UK,Cross Hills,global_warming,0.0
UK,Otley,global_warming,0.0
UK,Perth,global_warming,0.0
UK,Northfleet,global_warming,0.0
UK,Ipsden,global_warming,0.0
UK,Tredegar,global_warming,0.0
UK,Ferryside,global_warming,0.0
UK,Fulford,global_warming,0.0
UK,Shirebrook,global_warming,0.0
UK,Penryn,global_warming,0.0
UK,Tregaron,global_warming,0.0
UK,Shurdington,global_warming,0.0
UK,Ingliston,global_warming,0.0
UK,Bodelwyddan,global_warming,0.0
UK,Newtown,global_warming,0.0
UK,Uppingham,global_warming,0.0
UK,Henfield,global_warming,0.0
UK,Great Torrington,global_warming,0.0
UK,Fraserburgh,global_warming,0.0
UK,Tregarth,global_warming,0.0
UK,Easingwold,global_warming,0.0
UK,Sketty,global_warming,0.0
UK,Hughenden Valley,global_warming,0.0
UK,Tonbridge,global_warming,0.0
UK,Honiton,global_warming,0.0
UK,Sittingbourne,global_warming,0.0
UK,Esh Winning,global_warming,59.0
UK,Harpenden,global_warming,59.0
UK,Hornchurch,global_warming,0.0
UK,Sarratt,global_warming,0.0
UK,Galgate,global_warming,0.0
UK,Hadleigh,global_warming,0.0
UK,Theale,global_warming,0.0
UK,Caerphilly,global_warming,0.0
UK,Corsham,global_warming,0.0
UK,South Molton,global_warming,0.0
UK,Bere Regis,global_warming,0.0
UK,Petersfield,global_warming,0.0
UK,Bradwell Common,global_warming,0.0
UK,Newmachar,global_warming,0.0
UK,Sutton Scotney,global_warming,0.0
UK,Stowmarket,global_warming,0.0
UK,Paddock Wood,global_warming,0.0
UK,Innerleithen,global_warming,0.0
UK,Seaton,global_warming,0.0
UK,Pirbright,global_warming,0.0
UK,Weston-on-the-Green,global_warming,0.0
UK,Egremont,global_warming,0.0
UK,Nantwich,global_warming,0.0
UK,Long Ashton,global_warming,0.0
UK,Terrington Saint Clement,global_warming,0.0
UK,Rudgwick,global_warming,0.0
UK,Romsey,global_warming,0.0
UK,Freshwater,global_warming,0.0
UK,Lechlade-on-Thames,global_warming,0.0
UK,Oxford,global_warming,53.0
UK,Rushden,global_warming,0.0
UK,Halfway,global_warming,0.0
UK,Penarth,global_warming,0.0
UK,Pontllanfraith,global_warming,0.0
UK,Radlett,global_warming,0.0
UK,Felixstowe,global_warming,0.0
UK,Leuchars,global_warming,0.0
UK,Knowle,global_warming,0.0
UK,Beverley,global_warming,0.0
UK,Aberystwyth,global_warming,0.0
UK,Bexleyheath,global_warming,0.0
UK,Efail Isaf,global_warming,0.0
UK,Malborough,global_warming,0.0
UK,Rawmarsh,global_warming,0.0
UK,Thornton,global_warming,0.0
UK,Mile End,global_warming,0.0
UK,Portslade,global_warming,0.0
UK,Purley,global_warming,0.0
UK,Truro,global_warming,0.0
UK,Norton,global_warming,0.0
UK,Huntington,global_warming,0.0
UK,Balsham,global_warming,0.0
UK,Buckhurst Hill,global_warming,0.0
UK,Maghera,global_warming,0.0
UK,Liphook,global_warming,0.0
UK,Shavington,global_warming,0.0
UK,Marton-in-Cleveland,global_warming,0.0
UK,Shoreham-by-Sea,global_warming,0.0
UK,Allesley,global_warming,0.0
UK,Englefield Green,global_warming,0.0
UK,Street,global_warming,0.0
UK,Barry,global_warming,0.0
UK,Senghenydd,global_warming,0.0
UK,Cheshunt,global_warming,0.0
UK,Bedlinog,global_warming,0.0
UK,Hambleton,global_warming,46.0
UK,Gorseinon,global_warming,0.0
UK,Downham Market,global_warming,0.0
UK,Halesworth,global_warming,0.0
UK,Whitefield,global_warming,0.0
UK,Cuckfield,global_warming,0.0
UK,Huntingdon,global_warming,0.0
UK,Bramley,global_warming,0.0
UK,Impington,global_warming,0.0
UK,Carbis Bay,global_warming,0.0
UK,Ickenham,global_warming,0.0
UK,Wingrave,global_warming,0.0
UK,Ludlow,global_warming,0.0
UK,Holywell,global_warming,0.0
UK,Surbiton,global_warming,0.0
UK,Acrefair,global_warming,0.0
UK,Bottesford,global_warming,0.0
UK,Meldreth,global_warming,0.0
UK,Clydach,global_warming,0.0
UK,Chagford,global_warming,0.0
UK,Biddenham,global_warming,0.0
UK,Kingston upon Thames,global_warming,0.0
UK,Aberkenfig,global_warming,0.0
UK,Cowbridge,global_warming,0.0
UK,Banbury,global_warming,0.0
UK,Leighton Buzzard,global_warming,0.0
UK,Denmead,global_warming,0.0
UK,Neath,global_warming,0.0
UK,Portchester,global_warming,0.0
UK,Killay,global_warming,0.0
UK,Ivybridge,global_warming,0.0
UK,Tadcaster,global_warming,0.0
UK,Halstead,global_warming,0.0
UK,Southall,global_warming,0.0
