Date,Year,Month,Temperature
2004-01-01,2004,1,0.58
2004-02-01,2004,2,0.73
2004-03-01,2004,3,0.63
2004-04-01,2004,4,0.61
2004-05-01,2004,5,0.37
2004-06-01,2004,6,0.44
2004-07-01,2004,7,0.26
2004-08-01,2004,8,0.46
2004-09-01,2004,9,0.5
2004-10-01,2004,10,0.61
2004-11-01,2004,11,0.73
2004-12-01,2004,12,0.51
2005-01-01,2005,1,0.74
2005-02-01,2005,2,0.6
2005-03-01,2005,3,0.74
2005-04-01,2005,4,0.67
2005-05-01,2005,5,0.63
2005-06-01,2005,6,0.64
2005-07-01,2005,7,0.62
2005-08-01,2005,8,0.6
2005-09-01,2005,9,0.71
2005-10-01,2005,10,0.75
2005-11-01,2005,11,0.74
2005-12-01,2005,12,0.68
2006-01-01,2006,1,0.56
2006-02-01,2006,2,0.73
2006-03-01,2006,3,0.63
2006-04-01,2006,4,0.47
2006-05-01,2006,5,0.48
2006-06-01,2006,6,0.66
2006-07-01,2006,7,0.54
2006-08-01,2006,8,0.71
2006-09-01,2006,9,0.65
2006-10-01,2006,10,0.7
2006-11-01,2006,11,0.74
2006-12-01,2006,12,0.79
2007-01-01,2007,1,1.02
2007-02-01,2007,2,0.7
2007-03-01,2007,3,0.73
2007-04-01,2007,4,0.77
2007-05-01,2007,5,0.69
2007-06-01,2007,6,0.61
2007-07-01,2007,7,0.6
2007-08-01,2007,8,0.6
2007-09-01,2007,9,0.6
2007-10-01,2007,10,0.59
2007-11-01,2007,11,0.59
2007-12-01,2007,12,0.5
2008-01-01,2008,1,0.31
2008-02-01,2008,2,0.38
2008-03-01,2008,3,0.75
2008-04-01,2008,4,0.54
2008-05-01,2008,5,0.49
2008-06-01,2008,6,0.49
2008-07-01,2008,7,0.6
2008-08-01,2008,8,0.46
2008-09-01,2008,9,0.61
2008-10-01,2008,10,0.67
2008-11-01,2008,11,0.69
2008-12-01,2008,12,0.54
2009-01-01,2009,1,0.65
2009-02-01,2009,2,0.53
2009-03-01,2009,3,0.54
2009-04-01,2009,4,0.61
2009-05-01,2009,5,0.65
2009-06-01,2009,6,0.65
2009-07-01,2009,7,0.74
2009-08-01,2009,8,0.69
2009-09-01,2009,9,0.72
2009-10-01,2009,10,0.65
2009-11-01,2009,11,0.8
2009-12-01,2009,12,0.68
2010-01-01,2010,1,0.75
2010-02-01,2010,2,0.84
2010-03-01,2010,3,0.93
2010-04-01,2010,4,0.85
2010-05-01,2010,5,0.76
2010-06-01,2010,6,0.68
2010-07-01,2010,7,0.63
2010-08-01,2010,8,0.67
2010-09-01,2010,9,0.63
2010-10-01,2010,10,0.71
2010-11-01,2010,11,0.82
2010-12-01,2010,12,0.45
2011-01-01,2011,1,0.52
2011-02-01,2011,2,0.48
2011-03-01,2011,3,0.66
2011-04-01,2011,4,0.65
2011-05-01,2011,5,0.53
2011-06-01,2011,6,0.63
2011-07-01,2011,7,0.71
2011-08-01,2011,8,0.75
2011-09-01,2011,9,0.57
2011-10-01,2011,10,0.66
2011-11-01,2011,11,0.59
2011-12-01,2011,12,0.61
2012-01-01,2012,1,0.49
2012-02-01,2012,2,0.5
2012-03-01,2012,3,0.58
2012-04-01,2012,4,0.73
2012-05-01,2012,5,0.78
2012-06-01,2012,6,0.65
2012-07-01,2012,7,0.59
2012-08-01,2012,8,0.65
2012-09-01,2012,9,0.72
2012-10-01,2012,10,0.8
2012-11-01,2012,11,0.79
2012-12-01,2012,12,0.54
2013-01-01,2013,1,0.71
2013-02-01,2013,2,0.63
2013-03-01,2013,3,0.67
2013-04-01,2013,4,0.54
2013-05-01,2013,5,0.61
2013-06-01,2013,6,0.69
2013-07-01,2013,7,0.6
2013-08-01,2013,8,0.69
2013-09-01,2013,9,0.77
2013-10-01,2013,10,0.69
2013-11-01,2013,11,0.84
2013-12-01,2013,12,0.7
2014-01-01,2014,1,0.76
2014-02-01,2014,2,0.55
2014-03-01,2014,3,0.78
2014-04-01,2014,4,0.8
2014-05-01,2014,5,0.86
2014-06-01,2014,6,0.67
2014-07-01,2014,7,0.58
2014-08-01,2014,8,0.83
2014-09-01,2014,9,0.87
2014-10-01,2014,10,0.81
2014-11-01,2014,11,0.67
2014-12-01,2014,12,0.78
2015-01-01,2015,1,0.86
2015-02-01,2015,2,0.91
2015-03-01,2015,3,0.96
2015-04-01,2015,4,0.76
2015-05-01,2015,5,0.8
2015-06-01,2015,6,0.81
2015-07-01,2015,7,0.73
2015-08-01,2015,8,0.81
2015-09-01,2015,9,0.85
2015-10-01,2015,10,1.09
2015-11-01,2015,11,1.06
2015-12-01,2015,12,1.16
2016-01-01,2016,1,1.17
2016-02-01,2016,2,1.37
2016-03-01,2016,3,1.36
2016-04-01,2016,4,1.1
2016-05-01,2016,5,0.95
2016-06-01,2016,6,0.8
2016-07-01,2016,7,0.84
2016-08-01,2016,8,1.02
2016-09-01,2016,9,0.91
2016-10-01,2016,10,0.89
2016-11-01,2016,11,0.92
2016-12-01,2016,12,0.87
2017-01-01,2017,1,1.02
2017-02-01,2017,2,1.14
2017-03-01,2017,3,1.16
2017-04-01,2017,4,0.94
2017-05-01,2017,5,0.92
2017-06-01,2017,6,0.72
2017-07-01,2017,7,0.82
2017-08-01,2017,8,0.87
2017-09-01,2017,9,0.77
2017-10-01,2017,10,0.9
2017-11-01,2017,11,0.89
2017-12-01,2017,12,0.93
2018-01-01,2018,1,0.82
2018-02-01,2018,2,0.85
2018-03-01,2018,3,0.88
2018-04-01,2018,4,0.89
2018-05-01,2018,5,0.83
2018-06-01,2018,6,0.77
2018-07-01,2018,7,0.82
2018-08-01,2018,8,0.77
2018-09-01,2018,9,0.8
2018-10-01,2018,10,1.02
2018-11-01,2018,11,0.83
2018-12-01,2018,12,0.92
2019-01-01,2019,1,0.93
2019-02-01,2019,2,0.95
2019-03-01,2019,3,1.17
2019-04-01,2019,4,1.02
2019-05-01,2019,5,0.85
2019-06-01,2019,6,0.91
2019-07-01,2019,7,0.94
2019-08-01,2019,8,0.95
2019-09-01,2019,9,0.93
2019-10-01,2019,10,1.01
2019-11-01,2019,11,1.0
2019-12-01,2019,12,1.09
2020-01-01,2020,1,1.18
2020-02-01,2020,2,1.25
2020-03-01,2020,3,1.17
2020-04-01,2020,4,1.13
2020-05-01,2020,5,1.02
2020-06-01,2020,6,0.92
2020-07-01,2020,7,0.9
2020-08-01,2020,8,0.88
2020-09-01,2020,9,0.99
2020-10-01,2020,10,0.89
2020-11-01,2020,11,1.11
2020-12-01,2020,12,0.81
2021-01-01,2021,1,0.81
2021-02-01,2021,2,0.64
2021-03-01,2021,3,0.89
2021-04-01,2021,4,0.76
2021-05-01,2021,5,0.79
2021-06-01,2021,6,0.84
2021-07-01,2021,7,0.92
2021-08-01,2021,8,0.82
2021-09-01,2021,9,0.93
2021-10-01,2021,10,1.0
2021-11-01,2021,11,0.94
2021-12-01,2021,12,0.86
2022-01-01,2022,1,0.91
2022-02-01,2022,2,0.9
2022-03-01,2022,3,1.05
2022-04-01,2022,4,0.84
2022-05-01,2022,5,0.84
2022-06-01,2022,6,0.93
2022-07-01,2022,7,0.94
2022-08-01,2022,8,0.96
2022-09-01,2022,9,0.9
2022-10-01,2022,10,0.97
2022-11-01,2022,11,0.73
2022-12-01,2022,12,0.8
2023-01-01,2023,1,0.87
2023-02-01,2023,2,0.98
2023-03-01,2023,3,1.21
2023-04-01,2023,4,1.0
2023-05-01,2023,5,0.94
2023-06-01,2023,6,
2023-07-01,2023,7,
2023-08-01,2023,8,
2023-09-01,2023,9,
2023-10-01,2023,10,
2023-11-01,2023,11,
2023-12-01,2023,12,
